
===== RUN 2026-07-18 15:14:23 UTC (scan_count=10) =====
[my-cards-profit] Inizio scan profit (10 carte nuove)...
[my-cards-profit] Ricerca tutte le carte (no sealed)...
[my-cards-profit] Errore GraphQL: [{'message': "Field 'me' doesn't exist on type 'Query'", 'extensions': {'code': 'UNPROCESSABLE_ENTITY'}}]
[my-cards-profit] Trovate 0 carte (escluse sealed)
[my-cards-profit] Nessuna carta trovata
[my-cards-profit] Esecuzione terminata.

===== RUN 2026-07-18 15:35:53 UTC (scan_count=10) =====
[my-cards-profit] Inizio scan profit (10 carte nuove)...
[my-cards-profit] Ricerca tutte le carte (no sealed)...
[my-cards-profit] Errore GraphQL: [{'message': "Field 'manager' doesn't exist on type 'Query'", 'extensions': {'code': 'UNPROCESSABLE_ENTITY'}}]
[my-cards-profit] Trovate 0 carte (escluse sealed)
[my-cards-profit] Nessuna carta trovata
[my-cards-profit] Esecuzione terminata.

===== RUN 2026-07-18 15:38:52 UTC (scan_count=10) =====
[my-cards-profit] Inizio scan profit (10 carte nuove)...
[my-cards-profit] Ricerca tutte le carte (no sealed)...
[my-cards-profit] Errore GraphQL: [{'message': "Field 'manager' doesn't exist on type 'Query'", 'extensions': {'code': 'UNPROCESSABLE_ENTITY'}}]
[my-cards-profit] Trovate 0 carte (escluse sealed)
[my-cards-profit] Nessuna carta trovata
[my-cards-profit] Esecuzione terminata.

===== RUN 2026-07-18 16:52:10 UTC (scan_count=10) =====
[my-cards-profit] Inizio scan profit (10 carte nuove)...
[my-cards-profit] Ricerca tutte le carte (no sealed)...
[my-cards-profit] Errore GraphQL: [{'message': "Field 'status' doesn't exist on type 'AnyCardInterface'", 'extensions': {'code': 'UNPROCESSABLE_ENTITY'}}]
[my-cards-profit] Trovate 0 carte (escluse sealed)
[my-cards-profit] Nessuna carta trovata
[my-cards-profit] Esecuzione terminata.

===== RUN 2026-07-18 17:13:06 UTC (scan_count=10) =====
[my-cards-profit] Inizio scan profit (10 carte nuove)...
[my-cards-profit] Ricerca tutte le carte...
[my-cards-profit] Errore GraphQL: [{'message': "Field 'createdAt' doesn't exist on type 'AnyCardInterface'", 'extensions': {'code': 'UNPROCESSABLE_ENTITY'}}]
[my-cards-profit] Trovate 0 carte
[my-cards-profit] Nessuna carta trovata
[my-cards-profit] Esecuzione terminata.

===== RUN 2026-07-18 17:18:37 UTC (scan_count=10) =====
[my-cards-profit] Inizio scan profit (10 carte nuove)...
[my-cards-profit] Ricerca tutte le carte...
[my-cards-profit] Trovate 1923 carte
[my-cards-profit] Analizzando (1/10): kalvin-phillips-2025-limited-525
[my-cards-profit]   ⚠️ Prezzo acquisto non trovato → backlog
[my-cards-profit] Analizzando (2/10): sem-steijn-2025-limited-652
[my-cards-profit]   ⚠️ Prezzo acquisto non trovato → backlog
[my-cards-profit] Analizzando (3/10): vitezslav-jaros-2025-limited-737
[my-cards-profit]   ⚠️ Prezzo acquisto non trovato → backlog
[my-cards-profit] Analizzando (4/10): darijan-bojanic-2026-limited-557
[my-cards-profit]   ⚠️ Prezzo acquisto non trovato → backlog
[my-cards-profit] Analizzando (5/10): cheol-woo-park-2026-limited-353
[my-cards-profit]   ⚠️ Prezzo acquisto non trovato → backlog
[my-cards-profit] Analizzando (6/10): myung-jae-lee-2026-limited-356
[my-cards-profit]   ⚠️ Prezzo acquisto non trovato → backlog
[my-cards-profit] Analizzando (7/10): marcos-johan-lopez-lanfranco-2022-limited-16
[my-cards-profit]   ⚠️ Prezzo acquisto non trovato → backlog
[my-cards-profit] Analizzando (8/10): flabian-londono-bedoya-2022-limited-21
[my-cards-profit]   ⚠️ Prezzo acquisto non trovato → backlog
[my-cards-profit] Analizzando (9/10): shuto-nakano-2026-limited-309
[my-cards-profit]   ⚠️ Prezzo acquisto non trovato → backlog
[my-cards-profit] Analizzando (10/10): nhoa-sangui-2025-limited-400
[my-cards-profit]   ⚠️ Prezzo acquisto non trovato → backlog
[my-cards-profit] Limite 10 carte raggiunto
[my-cards-profit] Salvate 10 carte analizzate
[my-cards-profit] Backlog aggiornato: 10 carte con problema
[my-cards-profit] Nessuna carta con profit trovata
[my-cards-profit] Esecuzione terminata.

===== RUN 2026-07-18 17:23:09 UTC (scan_count=200) =====
[my-cards-profit] Inizio scan profit (200 carte nuove)...
[my-cards-profit] Ricerca tutte le carte...
[my-cards-profit] Trovate 1923 carte
[my-cards-profit] ⏭️ kalvin-phillips-2025-limited-525 - già analizzata, ignoro
[my-cards-profit] ⏭️ sem-steijn-2025-limited-652 - già analizzata, ignoro
[my-cards-profit] ⏭️ vitezslav-jaros-2025-limited-737 - già analizzata, ignoro
[my-cards-profit] ⏭️ darijan-bojanic-2026-limited-557 - già analizzata, ignoro
[my-cards-profit] ⏭️ cheol-woo-park-2026-limited-353 - già analizzata, ignoro
[my-cards-profit] ⏭️ myung-jae-lee-2026-limited-356 - già analizzata, ignoro
[my-cards-profit] ⏭️ marcos-johan-lopez-lanfranco-2022-limited-16 - già analizzata, ignoro
[my-cards-profit] ⏭️ flabian-londono-bedoya-2022-limited-21 - già analizzata, ignoro
[my-cards-profit] ⏭️ shuto-nakano-2026-limited-309 - già analizzata, ignoro
[my-cards-profit] ⏭️ nhoa-sangui-2025-limited-400 - già analizzata, ignoro
[my-cards-profit] Analizzando (1/200): nicolas-fernandez-mercau-2025-limited-108
[my-cards-profit]   ⚠️ Prezzo acquisto non trovato → backlog
[my-cards-profit] Analizzando (2/200): gabriel-silva-moscardo-de-salles-2025-limited-461
[my-cards-profit]   ⚠️ Prezzo acquisto non trovato → backlog
[my-cards-profit] Analizzando (3/200): geiner-arleyson-martinez-turner-2026-limited-247
[my-cards-profit]   ⚠️ Prezzo acquisto non trovato → backlog
[my-cards-profit] Analizzando (4/200): benjamin-goschl-2025-limited-206
[my-cards-profit]   ⚠️ Prezzo acquisto non trovato → backlog
[my-cards-profit] Analizzando (5/200): tiemen-de-bel-2025-limited-214
[my-cards-profit]   ⚠️ Prezzo acquisto non trovato → backlog
[my-cards-profit] Analizzando (6/200): joeri-jesse-heerkens-2025-limited-438
[my-cards-profit]   ⚠️ Prezzo acquisto non trovato → backlog
[my-cards-profit] Analizzando (7/200): frank-feller-2025-limited-51
[my-cards-profit]   ⚠️ Prezzo acquisto non trovato → backlog
[my-cards-profit] Analizzando (8/200): matteo-godfroid-2025-limited-285
[my-cards-profit]   ⚠️ Prezzo acquisto non trovato → backlog
[my-cards-profit] Analizzando (9/200): fabian-heck-2025-limited-104
[my-cards-profit]   ⚠️ Prezzo acquisto non trovato → backlog
[my-cards-profit] Analizzando (10/200): daniil-khudyakov-2025-limited-624
[my-cards-profit]   ⚠️ Prezzo acquisto non trovato → backlog
[my-cards-profit] Analizzando (11/200): harald-postl-2025-limited-193
[my-cards-profit]   ⚠️ Prezzo acquisto non trovato → backlog
[my-cards-profit] Analizzando (12/200): lukas-johannes-blondal-petersson-2025-limited-359
[my-cards-profit]   ⚠️ Prezzo acquisto non trovato → backlog
[my-cards-profit] Analizzando (13/200): min-gyu-jang-2026-limited-193
[my-cards-profit]   ⚠️ Prezzo acquisto non trovato → backlog
[my-cards-profit] Analizzando (14/200): ho-young-park-2026-limited-190
[my-cards-profit]   ⚠️ Prezzo acquisto non trovato → backlog
[my-cards-profit] Analizzando (15/200): jayden-reid-2001-08-29-2026-limited-201
[my-cards-profit]   ⚠️ Prezzo acquisto non trovato → backlog
[my-cards-profit] Analizzando (16/200): patryk-klimala-2026-limited-411
[my-cards-profit]   ⚠️ Prezzo acquisto non trovato → backlog
[my-cards-profit] Analizzando (17/200): simon-mignolet-2021-limited-148
[my-cards-profit]   ⚠️ Prezzo acquisto non trovato → backlog
[my-cards-profit] Analizzando (18/200): bryan-soumare-2025-limited-50
[my-cards-profit]   ⚠️ Prezzo acquisto non trovato → backlog
[my-cards-profit] Analizzando (19/200): young-gwon-kim-2026-limited-335
[my-cards-profit]   ⚠️ Prezzo acquisto non trovato → backlog
[my-cards-profit] Analizzando (20/200): rocco-rios-novo-2026-limited-267
[my-cards-profit]   ⚠️ Prezzo acquisto non trovato → backlog
[my-cards-profit] Analizzando (21/200): malcolm-fry-2026-limited-122
[my-cards-profit]   ⚠️ Prezzo acquisto non trovato → backlog
[my-cards-profit] Analizzando (22/200): thiago-santos-santana-2026-limited-306
[my-cards-profit]   ⚠️ Prezzo acquisto non trovato → backlog
[my-cards-profit] Analizzando (23/200): adria-giner-pedrosa-2025-limited-609
[my-cards-profit]   ⚠️ Prezzo acquisto non trovato → backlog
[my-cards-profit] Analizzando (24/200): wesley-gassova-ribeiro-teixeira-2025-limited-238
[my-cards-profit]   ⚠️ Prezzo acquisto non trovato → backlog
[my-cards-profit] Analizzando (25/200): medin-gashi-2025-limited-301
[my-cards-profit]   ⚠️ Prezzo acquisto non trovato → backlog
[my-cards-profit] Analizzando (26/200): pascal-gross-2025-limited-881
[my-cards-profit]   ⚠️ Prezzo acquisto non trovato → backlog
[my-cards-profit] Analizzando (27/200): rick-meissen-2025-limited-514
[my-cards-profit]   ⚠️ Prezzo acquisto non trovato → backlog
[my-cards-profit] Analizzando (28/200): enrique-marlon-aguilar-2025-limited-387
[my-cards-profit]   ⚠️ Prezzo acquisto non trovato → backlog
[my-cards-profit] Analizzando (29/200): arno-verschueren-2025-limited-482
[my-cards-profit]   ⚠️ Prezzo acquisto non trovato → backlog
[my-cards-profit] Analizzando (30/200): gabriel-martinez-aguilera-2025-limited-626
[my-cards-profit]   ⚠️ Prezzo acquisto non trovato → backlog
[my-cards-profit] Analizzando (31/200): min-kyu-kim-1998-04-01-2026-limited-188
[my-cards-profit]   ⚠️ Prezzo acquisto non trovato → backlog
[my-cards-profit] Analizzando (32/200): dylan-vente-2025-limited-772
[my-cards-profit]   ⚠️ Prezzo acquisto non trovato → backlog
[my-cards-profit] Analizzando (33/200): dion-malone-2025-limited-229
[my-cards-profit]   ⚠️ Prezzo acquisto non trovato → backlog
[my-cards-profit] Analizzando (34/200): chan-ouk-lee-2026-limited-172
[my-cards-profit]   ⚠️ Prezzo acquisto non trovato → backlog
[my-cards-profit] Analizzando (35/200): dylan-chambost-2026-limited-434
[my-cards-profit]   ⚠️ Prezzo acquisto non trovato → backlog
[my-cards-profit] Analizzando (36/200): max-jimmy-dean-2025-limited-586
[my-cards-profit]   ⚠️ Prezzo acquisto non trovato → backlog
[my-cards-profit] Analizzando (37/200): yun-gu-kang-2026-limited-182
[my-cards-profit]   ⚠️ Prezzo acquisto non trovato → backlog
[my-cards-profit] Analizzando (38/200): tai-abed-2025-limited-118
[my-cards-profit]   ⚠️ Prezzo acquisto non trovato → backlog
[my-cards-profit] Analizzando (39/200): jose-guilherme-ribeiro-2025-limited-514
[my-cards-profit]   ⚠️ Prezzo acquisto non trovato → backlog
[my-cards-profit] Analizzando (40/200): neville-ogidi-nwankwo-2025-limited-289
[my-cards-profit]   ⚠️ Prezzo acquisto non trovato → backlog
[my-cards-profit] Analizzando (41/200): joel-mvuka-2025-limited-511
[my-cards-profit]   ⚠️ Prezzo acquisto non trovato → backlog
[my-cards-profit] Analizzando (42/200): thomas-hasal-2026-limited-215
[my-cards-profit]   ⚠️ Prezzo acquisto non trovato → backlog
[my-cards-profit] Analizzando (43/200): chang-yong-lee-2026-limited-278
[my-cards-profit]   ⚠️ Prezzo acquisto non trovato → backlog
[my-cards-profit] Analizzando (44/200): yarek-gasiorowski-hernandis-2025-limited-918
[my-cards-profit]   ⚠️ Prezzo acquisto non trovato → backlog
[my-cards-profit] Analizzando (45/200): maximilian-grosser-2025-limited-534
[my-cards-profit]   ⚠️ Prezzo acquisto non trovato → backlog
[my-cards-profit] Analizzando (46/200): tai-abed-2025-limited-108
[my-cards-profit]   ⚠️ Prezzo acquisto non trovato → backlog
[my-cards-profit] Analizzando (47/200): marcel-heister-2025-limited-306
[my-cards-profit]   ⚠️ Prezzo acquisto non trovato → backlog
[my-cards-profit] Analizzando (48/200): ali-sowe-2023-limited-161
[my-cards-profit]   ⚠️ Prezzo acquisto non trovato → backlog
[my-cards-profit] Analizzando (49/200): damjan-kovacevic-2004-08-28-2025-limited-277
[my-cards-profit]   ⚠️ Prezzo acquisto non trovato → backlog
[my-cards-profit] Analizzando (50/200): aruto-higuchi-2026-limited-211
[my-cards-profit]   ⚠️ Prezzo acquisto non trovato → backlog
[my-cards-profit] Analizzando (51/200): aaron-herrera-2026-limited-195
[my-cards-profit]   ⚠️ Prezzo acquisto non trovato → backlog
[my-cards-profit] Analizzando (52/200): strahinja-tanasijevic-2026-limited-185
[my-cards-profit]   ⚠️ Prezzo acquisto non trovato → backlog
[my-cards-profit] Analizzando (53/200): rafael-navarro-leal-2026-limited-518
[my-cards-profit]   ⚠️ Prezzo acquisto non trovato → backlog
[my-cards-profit] Analizzando (54/200): simon-graves-jensen-2025-limited-620
[my-cards-profit]   ⚠️ Prezzo acquisto non trovato → backlog
[my-cards-profit] Analizzando (55/200): ryuho-kikuchi-2026-limited-256
[my-cards-profit]   ⚠️ Prezzo acquisto non trovato → backlog
[my-cards-profit] Analizzando (56/200): hristiyan-ivaylov-petrov-2025-limited-503
[my-cards-profit]   ⚠️ Prezzo acquisto non trovato → backlog
[my-cards-profit] Analizzando (57/200): adrian-zendejas-rodriguez-2026-limited-225
[my-cards-profit]   ⚠️ Prezzo acquisto non trovato → backlog
[my-cards-profit] Analizzando (58/200): dariusz-piotr-stalmach-2025-limited-258
[my-cards-profit]   ⚠️ Prezzo acquisto non trovato → backlog
[my-cards-profit] Analizzando (59/200): paulo-afonso-da-rocha-junior-2026-limited-311
[my-cards-profit]   ⚠️ Prezzo acquisto non trovato → backlog
[my-cards-profit] Analizzando (60/200): issa-diop-2025-limited-747
[my-cards-profit]   ⚠️ Prezzo acquisto non trovato → backlog
[my-cards-profit] Analizzando (61/200): allan-tchaptchet-2025-limited-437
[my-cards-profit]   ⚠️ Prezzo acquisto non trovato → backlog
[my-cards-profit] Analizzando (62/200): ernest-appiah-nuamah-2025-limited-599
[my-cards-profit]   ⚠️ Prezzo acquisto non trovato → backlog
[my-cards-profit] Analizzando (63/200): samuel-junqua-2026-limited-178
[my-cards-profit]   ⚠️ Prezzo acquisto non trovato → backlog
[my-cards-profit] Analizzando (64/200): jaden-fernando-slory-2025-limited-476
[my-cards-profit]   ⚠️ Prezzo acquisto non trovato → backlog
[my-cards-profit] Analizzando (65/200): mats-seuntjens-2025-limited-380
[my-cards-profit]   ⚠️ Prezzo acquisto non trovato → backlog
[my-cards-profit] Analizzando (66/200): felix-hagmann-2025-limited-258
[my-cards-profit]   ⚠️ Prezzo acquisto non trovato → backlog
[my-cards-profit] Analizzando (67/200): adrian-simon-gill-2026-limited-170
[my-cards-profit]   ⚠️ Prezzo acquisto non trovato → backlog
[my-cards-profit] Analizzando (68/200): oskar-annell-2025-limited-345
[my-cards-profit]   ⚠️ Prezzo acquisto non trovato → backlog
[my-cards-profit] Analizzando (69/200): jonathan-sirois-2026-limited-276
[my-cards-profit]   ⚠️ Prezzo acquisto non trovato → backlog
[my-cards-profit] Analizzando (70/200): enis-destan-2025-limited-88
[my-cards-profit]   ⚠️ Prezzo acquisto non trovato → backlog
[my-cards-profit] Analizzando (71/200): kasper-dolberg-2023-limited-314
[my-cards-profit]   ⚠️ Prezzo acquisto non trovato → backlog
[my-cards-profit] Analizzando (72/200): thomas-delaney-2023-limited-334
[my-cards-profit]   ⚠️ Prezzo acquisto non trovato → backlog
[my-cards-profit] Analizzando (73/200): jan-vertonghen-2023-limited-103
[my-cards-profit]   ⚠️ Prezzo acquisto non trovato → backlog
[my-cards-profit] Analizzando (74/200): mats-rits-2023-limited-22
[my-cards-profit]   ⚠️ Prezzo acquisto non trovato → backlog
[my-cards-profit] Analizzando (75/200): christopher-brady-2026-limited-106
[my-cards-profit]   ⚠️ Prezzo acquisto non trovato → backlog
[my-cards-profit] Analizzando (76/200): anders-dreyer-2023-limited-210
[my-cards-profit]   ⚠️ Prezzo acquisto non trovato → backlog
[my-cards-profit] Analizzando (77/200): patryk-klimala-2026-limited-345
[my-cards-profit]   ⚠️ Prezzo acquisto non trovato → backlog
[my-cards-profit] Analizzando (78/200): jae-hwan-hwang-2026-limited-150
[my-cards-profit]   ⚠️ Prezzo acquisto non trovato → backlog
[my-cards-profit] Analizzando (79/200): italo-moreira-barcelos-2026-limited-228
[my-cards-profit]   ⚠️ Prezzo acquisto non trovato → backlog
[my-cards-profit] Analizzando (80/200): hyeon-ug-kim-2026-limited-161
[my-cards-profit]   ⚠️ Prezzo acquisto non trovato → backlog
[my-cards-profit] Analizzando (81/200): demir-ege-tiknaz-2025-limited-598
[my-cards-profit]   ⚠️ Prezzo acquisto non trovato → backlog
[my-cards-profit] Analizzando (82/200): si-woo-jin-2026-limited-207
[my-cards-profit]   ⚠️ Prezzo acquisto non trovato → backlog
[my-cards-profit] Analizzando (83/200): jae-min-ahn-2026-limited-196
[my-cards-profit]   ⚠️ Prezzo acquisto non trovato → backlog
[my-cards-profit] Analizzando (84/200): myung-guan-seo-2026-limited-131
[my-cards-profit]   ⚠️ Prezzo acquisto non trovato → backlog
[my-cards-profit] Analizzando (85/200): cheong-hyo-park-2026-limited-373
[my-cards-profit]   ⚠️ Prezzo acquisto non trovato → backlog
[my-cards-profit] Analizzando (86/200): marcos-vinicius-amaral-alves-2026-limited-252
[my-cards-profit]   ⚠️ Prezzo acquisto non trovato → backlog
[my-cards-profit] Analizzando (87/200): cheol-woo-park-2024-limited-143
[my-cards-profit]   ⚠️ Prezzo acquisto non trovato → backlog
[my-cards-profit] Analizzando (88/200): marcus-ingvartsen-2026-limited-447
[my-cards-profit]   ⚠️ Prezzo acquisto non trovato → backlog
[my-cards-profit] Analizzando (89/200): ian-fray-2026-limited-272
[my-cards-profit]   ⚠️ Prezzo acquisto non trovato → backlog
[my-cards-profit] Analizzando (90/200): daniel-munie-2026-limited-76
[my-cards-profit]   ⚠️ Prezzo acquisto non trovato → backlog
[my-cards-profit] Analizzando (91/200): marcel-hartel-2026-limited-436
[my-cards-profit]   ⚠️ Prezzo acquisto non trovato → backlog
[my-cards-profit] Analizzando (92/200): freese-matthew-2026-limited-195
[my-cards-profit]   ⚠️ Prezzo acquisto non trovato → backlog
[my-cards-profit] Analizzando (93/200): niko-tsakiris-2026-limited-386
[my-cards-profit]   ⚠️ Prezzo acquisto non trovato → backlog
[my-cards-profit] Analizzando (94/200): rafael-navarro-leal-2026-limited-462
[my-cards-profit]   ⚠️ Prezzo acquisto non trovato → backlog
[my-cards-profit] Analizzando (95/200): marino-skelin-2025-limited-370
[my-cards-profit]   ⚠️ Prezzo acquisto non trovato → backlog
[my-cards-profit] Analizzando (96/200): benjamin-craig-old-2025-limited-815
[my-cards-profit]   ⚠️ Prezzo acquisto non trovato → backlog
[my-cards-profit] Analizzando (97/200): miguel-angel-rubio-lestan-2025-limited-433
[my-cards-profit]   ⚠️ Prezzo acquisto non trovato → backlog
[my-cards-profit] Analizzando (98/200): natan-bernardo-de-souza-2025-limited-910
[my-cards-profit]   ⚠️ Prezzo acquisto non trovato → backlog
[my-cards-profit] Analizzando (99/200): panos-katseris-2025-limited-379
[my-cards-profit]   ⚠️ Prezzo acquisto non trovato → backlog
[my-cards-profit] Analizzando (100/200): joedrick-pupe-2025-limited-88
[my-cards-profit]   ⚠️ Prezzo acquisto non trovato → backlog
[my-cards-profit] Analizzando (101/200): micael-dos-santos-silva-2026-limited-425
[my-cards-profit]   ⚠️ Prezzo acquisto non trovato → backlog
[my-cards-profit] Analizzando (102/200): ricardo-nick-louis-2026-limited-89
[my-cards-profit]   ⚠️ Prezzo acquisto non trovato → backlog
[my-cards-profit] Analizzando (103/200): belal-halbouni-2025-limited-306
[my-cards-profit]   ⚠️ Prezzo acquisto non trovato → backlog
[my-cards-profit] Analizzando (104/200): vincenzo-grifo-2023-limited-201
[my-cards-profit]   ⚠️ Prezzo acquisto non trovato → backlog
[my-cards-profit] Analizzando (105/200): nahuel-molina-lucero-2025-limited-70
[my-cards-profit]   ⚠️ Prezzo acquisto non trovato → backlog
[my-cards-profit] Analizzando (106/200): yuta-nakayama-2025-limited-177
[my-cards-profit]   ⚠️ Prezzo acquisto non trovato → backlog
[my-cards-profit] Analizzando (107/200): masatoshi-ishida-2026-limited-70
[my-cards-profit]   ⚠️ Prezzo acquisto non trovato → backlog
[my-cards-profit] Analizzando (108/200): jeong-hyun-kim-2026-limited-175
[my-cards-profit]   ⚠️ Prezzo acquisto non trovato → backlog
[my-cards-profit] Analizzando (109/200): nicholas-defreitas-hansen-2026-limited-314
[my-cards-profit]   ⚠️ Prezzo acquisto non trovato → backlog
[my-cards-profit] Analizzando (110/200): yannick-bright-2026-limited-384
[my-cards-profit]   ⚠️ Prezzo acquisto non trovato → backlog
[my-cards-profit] Analizzando (111/200): david-ayala-2026-limited-387
[my-cards-profit]   ⚠️ Prezzo acquisto non trovato → backlog
[my-cards-profit] Analizzando (112/200): maximilian-arfsten-2026-limited-397
[my-cards-profit]   ⚠️ Prezzo acquisto non trovato → backlog
[my-cards-profit] Analizzando (113/200): isa-sakamoto-2025-limited-761
[my-cards-profit]   ⚠️ Prezzo acquisto non trovato → backlog
[my-cards-profit] Analizzando (114/200): malte-amundsen-2026-limited-409
[my-cards-profit]   ⚠️ Prezzo acquisto non trovato → backlog
[my-cards-profit] Analizzando (115/200): dong-ryul-lee-2026-limited-137
[my-cards-profit]   ⚠️ Prezzo acquisto non trovato → backlog
[my-cards-profit] Analizzando (116/200): jeppe-tverskov-2026-limited-469
[my-cards-profit]   ⚠️ Prezzo acquisto non trovato → backlog
[my-cards-profit] Analizzando (117/200): patrick-schulte-2026-limited-380
[my-cards-profit]   ⚠️ Prezzo acquisto non trovato → backlog
[my-cards-profit] Analizzando (118/200): yudai-kimura-2024-limited-64
[my-cards-profit]   ⚠️ Prezzo acquisto non trovato → backlog
[my-cards-profit] Analizzando (119/200): federico-matias-zaracho-2021-limited-144
[my-cards-profit]   ⚠️ Prezzo acquisto non trovato → backlog
[my-cards-profit] Analizzando (120/200): brayan-andres-ceballos-jimenez-2026-limited-311
[my-cards-profit]   ⚠️ Prezzo acquisto non trovato → backlog
[my-cards-profit] Analizzando (121/200): mihail-gherasimencov-2026-limited-209
[my-cards-profit]   ⚠️ Prezzo acquisto non trovato → backlog
[my-cards-profit] Analizzando (122/200): halil-ozdemir-2025-limited-126
[my-cards-profit]   ⚠️ Prezzo acquisto non trovato → backlog
[my-cards-profit] Analizzando (123/200): robert-jan-vanwesemael-2025-limited-521
[my-cards-profit]   ⚠️ Prezzo acquisto non trovato → backlog
[my-cards-profit] Analizzando (124/200): marcelo-ryan-silvestre-2025-limited-4
[my-cards-profit]   ⚠️ Prezzo acquisto non trovato → backlog
[my-cards-profit] Analizzando (125/200): bjorn-inge-utvik-2025-limited-252
[my-cards-profit]   ⚠️ Prezzo acquisto non trovato → backlog
[my-cards-profit] Analizzando (126/200): cristiano-paulo-santos-oliveira-2026-limited-149
[my-cards-profit]   ⚠️ Prezzo acquisto non trovato → backlog
[my-cards-profit] Analizzando (127/200): oscar-anthony-verhoeven-2026-limited-228
[my-cards-profit]   ⚠️ Prezzo acquisto non trovato → backlog
[my-cards-profit] Analizzando (128/200): daniel-cardenas-lindez-2025-limited-529
[my-cards-profit]   ⚠️ Prezzo acquisto non trovato → backlog
[my-cards-profit] Analizzando (129/200): noah-cobb-2026-limited-164
[my-cards-profit]   ⚠️ Prezzo acquisto non trovato → backlog
[my-cards-profit] Analizzando (130/200): ryan-hollingshead-2026-limited-273
[my-cards-profit]   ⚠️ Prezzo acquisto non trovato → backlog
[my-cards-profit] Analizzando (131/200): miguel-perez-2026-limited-159
[my-cards-profit]   ⚠️ Prezzo acquisto non trovato → backlog
[my-cards-profit] Analizzando (132/200): jackson-yueill-2026-limited-191
[my-cards-profit]   ⚠️ Prezzo acquisto non trovato → backlog
[my-cards-profit] Analizzando (133/200): aziel-jackson-2026-limited-304
[my-cards-profit]   ⚠️ Prezzo acquisto non trovato → backlog
[my-cards-profit] Analizzando (134/200): dor-david-turgeman-2026-limited-297
[my-cards-profit]   ⚠️ Prezzo acquisto non trovato → backlog
[my-cards-profit] Analizzando (135/200): rui-tiago-dantas-da-silva-2023-limited-214
[my-cards-profit]   ⚠️ Prezzo acquisto non trovato → backlog
[my-cards-profit] Analizzando (136/200): leonardo-de-sousa-pereira-2024-limited-463
[my-cards-profit]   ⚠️ Prezzo acquisto non trovato → backlog
[my-cards-profit] Analizzando (137/200): alex-eduardo-valera-sandoval-2023-limited-150
[my-cards-profit]   ⚠️ Prezzo acquisto non trovato → backlog
[my-cards-profit] Analizzando (138/200): mathieu-michel-2023-limited-154
[my-cards-profit]   ⚠️ Prezzo acquisto non trovato → backlog
[my-cards-profit] Analizzando (139/200): birk-risa-2025-limited-122
[my-cards-profit]   ⚠️ Prezzo acquisto non trovato → backlog
[my-cards-profit] Analizzando (140/200): hamady-diop-2024-limited-124
[my-cards-profit]   ⚠️ Prezzo acquisto non trovato → backlog
[my-cards-profit] Analizzando (141/200): furkan-beklevic-2023-limited-36
[my-cards-profit]   ⚠️ Prezzo acquisto non trovato → backlog
[my-cards-profit] Analizzando (142/200): ben-hamer-2023-limited-181
[my-cards-profit]   ⚠️ Prezzo acquisto non trovato → backlog
[my-cards-profit] Analizzando (143/200): giuseppe-bovalina-2024-limited-33
[my-cards-profit]   ⚠️ Prezzo acquisto non trovato → backlog
[my-cards-profit] Analizzando (144/200): wilson-eisner-2026-limited-218
[my-cards-profit]   ⚠️ Prezzo acquisto non trovato → backlog
[my-cards-profit] Analizzando (145/200): alex-muyl-2025-limited-385
[my-cards-profit]   ⚠️ Prezzo acquisto non trovato → backlog
[my-cards-profit] Analizzando (146/200): teal-bunbury-2025-limited-238
[my-cards-profit]   ⚠️ Prezzo acquisto non trovato → backlog
[my-cards-profit] Analizzando (147/200): wyatt-meyer-2025-limited-70
[my-cards-profit]   ⚠️ Prezzo acquisto non trovato → backlog
[my-cards-profit] Analizzando (148/200): kieran-sargeant-2026-limited-234
[my-cards-profit]   ⚠️ Prezzo acquisto non trovato → backlog
[my-cards-profit] Analizzando (149/200): mamadou-fofana-2026-limited-321
[my-cards-profit]   ⚠️ Prezzo acquisto non trovato → backlog
[my-cards-profit] Analizzando (150/200): adrian-wibowo-2026-limited-225
[my-cards-profit]   ⚠️ Prezzo acquisto non trovato → backlog
[my-cards-profit] Analizzando (151/200): jack-skahan-2026-limited-176
[my-cards-profit]   ⚠️ Prezzo acquisto non trovato → backlog
[my-cards-profit] Analizzando (152/200): bryce-duke-2026-limited-191
[my-cards-profit]   ⚠️ Prezzo acquisto non trovato → backlog
[my-cards-profit] Analizzando (153/200): steven-berghuis-2025-limited-453
[my-cards-profit]   ⚠️ Prezzo acquisto non trovato → backlog
[my-cards-profit] Analizzando (154/200): grady-diangana-2025-limited-108
[my-cards-profit]   ⚠️ Prezzo acquisto non trovato → backlog
[my-cards-profit] Analizzando (155/200): victor-chust-garcia-2025-limited-293
[my-cards-profit]   ⚠️ Prezzo acquisto non trovato → backlog
[my-cards-profit] Analizzando (156/200): andre-miguel-valente-silva-2025-limited-343
[my-cards-profit]   ⚠️ Prezzo acquisto non trovato → backlog
[my-cards-profit] Analizzando (157/200): georgi-minoungou-2026-limited-223
[my-cards-profit]   ⚠️ Prezzo acquisto non trovato → backlog
[my-cards-profit] Analizzando (158/200): renan-guedes-borges-2025-limited-273
[my-cards-profit]   ⚠️ Prezzo acquisto non trovato → backlog
[my-cards-profit] Analizzando (159/200): tadeo-allende-2026-limited-426
[my-cards-profit]   ⚠️ Prezzo acquisto non trovato → backlog
[my-cards-profit] Analizzando (160/200): andrew-gutman-2026-limited-296
[my-cards-profit]   ⚠️ Prezzo acquisto non trovato → backlog
[my-cards-profit] Analizzando (161/200): tristan-blackmon-2026-limited-364
[my-cards-profit]   ⚠️ Prezzo acquisto non trovato → backlog
[my-cards-profit] Analizzando (162/200): yuji-kitajima-2026-limited-193
[my-cards-profit]   ⚠️ Prezzo acquisto non trovato → backlog
[my-cards-profit] Analizzando (163/200): aleksandr-siljanov-2021-limited-102
[my-cards-profit]   ⚠️ Prezzo acquisto non trovato → backlog
[my-cards-profit] Analizzando (164/200): matias-ezequiel-dituro-2025-limited-663
[my-cards-profit]   ⚠️ Prezzo acquisto non trovato → backlog
[my-cards-profit] Analizzando (165/200): oliver-torres-munoz-2021-limited-39
[my-cards-profit]   ⚠️ Prezzo acquisto non trovato → backlog
[my-cards-profit] Analizzando (166/200): chibuike-godfrey-nwaiwu-2025-limited-366
[my-cards-profit]   ⚠️ Prezzo acquisto non trovato → backlog
[my-cards-profit] Analizzando (167/200): clinton-nsiala-makengo-2025-limited-398
[my-cards-profit]   ⚠️ Prezzo acquisto non trovato → backlog
[my-cards-profit] Analizzando (168/200): sanel-saljic-2025-limited-369
[my-cards-profit]   ⚠️ Prezzo acquisto non trovato → backlog
[my-cards-profit] Analizzando (169/200): lucas-boel-hey-2025-limited-778
[my-cards-profit]   ⚠️ Prezzo acquisto non trovato → backlog
[my-cards-profit] Analizzando (170/200): min-seo-moon-2026-limited-212
[my-cards-profit]   ⚠️ Prezzo acquisto non trovato → backlog
[my-cards-profit] Analizzando (171/200): stefan-mugosa-2026-limited-383
[my-cards-profit]   ⚠️ Prezzo acquisto non trovato → backlog
[my-cards-profit] Analizzando (172/200): dae-won-kim-2026-limited-35
[my-cards-profit]   ⚠️ Prezzo acquisto non trovato → backlog
[my-cards-profit] Analizzando (173/200): christopher-mcvey-2026-limited-333
[my-cards-profit]   ⚠️ Prezzo acquisto non trovato → backlog
[my-cards-profit] Analizzando (174/200): andrew-thomas-1998-09-01-2026-limited-362
[my-cards-profit]   ⚠️ Prezzo acquisto non trovato → backlog
[my-cards-profit] Analizzando (175/200): cabral-jones-carter-2026-limited-233
[my-cards-profit]   ⚠️ Prezzo acquisto non trovato → backlog
[my-cards-profit] Analizzando (176/200): thomas-muller-2026-limited-416
[my-cards-profit]   ⚠️ Prezzo acquisto non trovato → backlog
[my-cards-profit] Analizzando (177/200): jacob-shaffelburg-2026-limited-240
[my-cards-profit]   ⚠️ Prezzo acquisto non trovato → backlog
[my-cards-profit] Analizzando (178/200): brian-white-2026-limited-346
[my-cards-profit]   ⚠️ Prezzo acquisto non trovato → backlog
[my-cards-profit] Analizzando (179/200): darijan-bojanic-2023-limited-141
[my-cards-profit]   ⚠️ Prezzo acquisto non trovato → backlog
[my-cards-profit] Analizzando (180/200): dong-kyung-lee-2026-limited-104
[my-cards-profit]   ⚠️ Prezzo acquisto non trovato → backlog
[my-cards-profit] Analizzando (181/200): pau-navarro-badenes-2025-limited-413
[my-cards-profit]   ⚠️ Prezzo acquisto non trovato → backlog
[my-cards-profit] Analizzando (182/200): moses-usor-2025-limited-765
[my-cards-profit]   ⚠️ Prezzo acquisto non trovato → backlog
[my-cards-profit] Analizzando (183/200): joan-garcia-pons-2025-limited-741
[my-cards-profit]   ⚠️ Prezzo acquisto non trovato → backlog
[my-cards-profit] Analizzando (184/200): robert-kenedy-nunes-do-nascimento-2023-limited-103
[my-cards-profit]   ⚠️ Prezzo acquisto non trovato → backlog
[my-cards-profit] Analizzando (185/200): yari-verschaeren-2022-limited-45
[my-cards-profit]   ⚠️ Prezzo acquisto non trovato → backlog
[my-cards-profit] Analizzando (186/200): william-paul-yarbrough-story-2026-limited-188
[my-cards-profit]   ⚠️ Prezzo acquisto non trovato → backlog
[my-cards-profit] Analizzando (187/200): kerim-sam-alajbegovic-2025-limited-689
[my-cards-profit]   ⚠️ Prezzo acquisto non trovato → backlog
[my-cards-profit] Analizzando (188/200): artem-smolyakov-2026-limited-221
[my-cards-profit]   ⚠️ Prezzo acquisto non trovato → backlog
[my-cards-profit] Analizzando (189/200): jae-hyeok-oh-2026-limited-135
[my-cards-profit]   ⚠️ Prezzo acquisto non trovato → backlog
[my-cards-profit] Analizzando (190/200): myung-sun-kim-2026-limited-23
[my-cards-profit]   ⚠️ Prezzo acquisto non trovato → backlog
[my-cards-profit] Analizzando (191/200): tae-hee-lee-2026-limited-152
[my-cards-profit]   ⚠️ Prezzo acquisto non trovato → backlog
[my-cards-profit] Analizzando (192/200): ranko-veselinovic-2026-limited-204
[my-cards-profit]   ⚠️ Prezzo acquisto non trovato → backlog
[my-cards-profit] Analizzando (193/200): hyeon-mu-kang-2026-limited-111
[my-cards-profit]   ⚠️ Prezzo acquisto non trovato → backlog
[my-cards-profit] Analizzando (194/200): pil-gwan-ko-2026-limited-52
[my-cards-profit]   ⚠️ Prezzo acquisto non trovato → backlog
[my-cards-profit] Analizzando (195/200): joao-pedro-costa-gamboa-2026-limited-174
[my-cards-profit]   ⚠️ Prezzo acquisto non trovato → backlog
[my-cards-profit] Analizzando (196/200): sang-myung-lee-2026-limited-130
[my-cards-profit]   ⚠️ Prezzo acquisto non trovato → backlog
[my-cards-profit] Analizzando (197/200): ju-hyeong-kim-2007-08-20-2026-limited-142
[my-cards-profit]   ⚠️ Prezzo acquisto non trovato → backlog
[my-cards-profit] Analizzando (198/200): chang-geun-lee-2026-limited-199
[my-cards-profit]   ⚠️ Prezzo acquisto non trovato → backlog
[my-cards-profit] Analizzando (199/200): moon-hwan-kim-2026-limited-273
[my-cards-profit]   ⚠️ Prezzo acquisto non trovato → backlog
[my-cards-profit] Analizzando (200/200): kimito-nono-2025-limited-194
[my-cards-profit]   ⚠️ Prezzo acquisto non trovato → backlog
[my-cards-profit] Limite 200 carte raggiunto
[my-cards-profit] Salvate 200 carte analizzate
[my-cards-profit] Backlog aggiornato: 210 carte con problema
[my-cards-profit] Nessuna carta con profit trovata
[my-cards-profit] Esecuzione terminata.

===== RUN 2026-07-18 17:25:11 UTC (scan_count=200) =====
[my-cards-profit] Inizio scan profit (200 carte nuove)...
[my-cards-profit] Ricerca tutte le carte...
[my-cards-profit] Trovate 1923 carte
[my-cards-profit] ⏭️ kalvin-phillips-2025-limited-525 - già analizzata, ignoro
[my-cards-profit] ⏭️ sem-steijn-2025-limited-652 - già analizzata, ignoro
[my-cards-profit] ⏭️ vitezslav-jaros-2025-limited-737 - già analizzata, ignoro
[my-cards-profit] ⏭️ darijan-bojanic-2026-limited-557 - già analizzata, ignoro
[my-cards-profit] ⏭️ cheol-woo-park-2026-limited-353 - già analizzata, ignoro
[my-cards-profit] ⏭️ myung-jae-lee-2026-limited-356 - già analizzata, ignoro
[my-cards-profit] ⏭️ marcos-johan-lopez-lanfranco-2022-limited-16 - già analizzata, ignoro
[my-cards-profit] ⏭️ flabian-londono-bedoya-2022-limited-21 - già analizzata, ignoro
[my-cards-profit] ⏭️ shuto-nakano-2026-limited-309 - già analizzata, ignoro
[my-cards-profit] ⏭️ nhoa-sangui-2025-limited-400 - già analizzata, ignoro
[my-cards-profit] ⏭️ nicolas-fernandez-mercau-2025-limited-108 - già analizzata, ignoro
[my-cards-profit] ⏭️ gabriel-silva-moscardo-de-salles-2025-limited-461 - già analizzata, ignoro
[my-cards-profit] ⏭️ geiner-arleyson-martinez-turner-2026-limited-247 - già analizzata, ignoro
[my-cards-profit] ⏭️ benjamin-goschl-2025-limited-206 - già analizzata, ignoro
[my-cards-profit] ⏭️ tiemen-de-bel-2025-limited-214 - già analizzata, ignoro
[my-cards-profit] ⏭️ joeri-jesse-heerkens-2025-limited-438 - già analizzata, ignoro
[my-cards-profit] ⏭️ frank-feller-2025-limited-51 - già analizzata, ignoro
[my-cards-profit] ⏭️ matteo-godfroid-2025-limited-285 - già analizzata, ignoro
[my-cards-profit] ⏭️ fabian-heck-2025-limited-104 - già analizzata, ignoro
[my-cards-profit] ⏭️ daniil-khudyakov-2025-limited-624 - già analizzata, ignoro
[my-cards-profit] ⏭️ harald-postl-2025-limited-193 - già analizzata, ignoro
[my-cards-profit] ⏭️ lukas-johannes-blondal-petersson-2025-limited-359 - già analizzata, ignoro
[my-cards-profit] ⏭️ min-gyu-jang-2026-limited-193 - già analizzata, ignoro
[my-cards-profit] ⏭️ ho-young-park-2026-limited-190 - già analizzata, ignoro
[my-cards-profit] ⏭️ jayden-reid-2001-08-29-2026-limited-201 - già analizzata, ignoro
[my-cards-profit] ⏭️ patryk-klimala-2026-limited-411 - già analizzata, ignoro
[my-cards-profit] ⏭️ simon-mignolet-2021-limited-148 - già analizzata, ignoro
[my-cards-profit] ⏭️ bryan-soumare-2025-limited-50 - già analizzata, ignoro
[my-cards-profit] ⏭️ young-gwon-kim-2026-limited-335 - già analizzata, ignoro
[my-cards-profit] ⏭️ rocco-rios-novo-2026-limited-267 - già analizzata, ignoro
[my-cards-profit] ⏭️ malcolm-fry-2026-limited-122 - già analizzata, ignoro
[my-cards-profit] ⏭️ thiago-santos-santana-2026-limited-306 - già analizzata, ignoro
[my-cards-profit] ⏭️ adria-giner-pedrosa-2025-limited-609 - già analizzata, ignoro
[my-cards-profit] ⏭️ wesley-gassova-ribeiro-teixeira-2025-limited-238 - già analizzata, ignoro
[my-cards-profit] ⏭️ medin-gashi-2025-limited-301 - già analizzata, ignoro
[my-cards-profit] ⏭️ pascal-gross-2025-limited-881 - già analizzata, ignoro
[my-cards-profit] ⏭️ rick-meissen-2025-limited-514 - già analizzata, ignoro
[my-cards-profit] ⏭️ enrique-marlon-aguilar-2025-limited-387 - già analizzata, ignoro
[my-cards-profit] ⏭️ arno-verschueren-2025-limited-482 - già analizzata, ignoro
[my-cards-profit] ⏭️ gabriel-martinez-aguilera-2025-limited-626 - già analizzata, ignoro
[my-cards-profit] ⏭️ min-kyu-kim-1998-04-01-2026-limited-188 - già analizzata, ignoro
[my-cards-profit] ⏭️ dylan-vente-2025-limited-772 - già analizzata, ignoro
[my-cards-profit] ⏭️ dion-malone-2025-limited-229 - già analizzata, ignoro
[my-cards-profit] ⏭️ chan-ouk-lee-2026-limited-172 - già analizzata, ignoro
[my-cards-profit] ⏭️ dylan-chambost-2026-limited-434 - già analizzata, ignoro
[my-cards-profit] ⏭️ max-jimmy-dean-2025-limited-586 - già analizzata, ignoro
[my-cards-profit] ⏭️ yun-gu-kang-2026-limited-182 - già analizzata, ignoro
[my-cards-profit] ⏭️ tai-abed-2025-limited-118 - già analizzata, ignoro
[my-cards-profit] ⏭️ jose-guilherme-ribeiro-2025-limited-514 - già analizzata, ignoro
[my-cards-profit] ⏭️ neville-ogidi-nwankwo-2025-limited-289 - già analizzata, ignoro
[my-cards-profit] ⏭️ joel-mvuka-2025-limited-511 - già analizzata, ignoro
[my-cards-profit] ⏭️ thomas-hasal-2026-limited-215 - già analizzata, ignoro
[my-cards-profit] ⏭️ chang-yong-lee-2026-limited-278 - già analizzata, ignoro
[my-cards-profit] ⏭️ yarek-gasiorowski-hernandis-2025-limited-918 - già analizzata, ignoro
[my-cards-profit] ⏭️ maximilian-grosser-2025-limited-534 - già analizzata, ignoro
[my-cards-profit] ⏭️ tai-abed-2025-limited-108 - già analizzata, ignoro
[my-cards-profit] ⏭️ marcel-heister-2025-limited-306 - già analizzata, ignoro
[my-cards-profit] ⏭️ ali-sowe-2023-limited-161 - già analizzata, ignoro
[my-cards-profit] ⏭️ damjan-kovacevic-2004-08-28-2025-limited-277 - già analizzata, ignoro
[my-cards-profit] ⏭️ aruto-higuchi-2026-limited-211 - già analizzata, ignoro
[my-cards-profit] ⏭️ aaron-herrera-2026-limited-195 - già analizzata, ignoro
[my-cards-profit] ⏭️ strahinja-tanasijevic-2026-limited-185 - già analizzata, ignoro
[my-cards-profit] ⏭️ rafael-navarro-leal-2026-limited-518 - già analizzata, ignoro
[my-cards-profit] ⏭️ simon-graves-jensen-2025-limited-620 - già analizzata, ignoro
[my-cards-profit] ⏭️ ryuho-kikuchi-2026-limited-256 - già analizzata, ignoro
[my-cards-profit] ⏭️ hristiyan-ivaylov-petrov-2025-limited-503 - già analizzata, ignoro
[my-cards-profit] ⏭️ adrian-zendejas-rodriguez-2026-limited-225 - già analizzata, ignoro
[my-cards-profit] ⏭️ dariusz-piotr-stalmach-2025-limited-258 - già analizzata, ignoro
[my-cards-profit] ⏭️ paulo-afonso-da-rocha-junior-2026-limited-311 - già analizzata, ignoro
[my-cards-profit] ⏭️ issa-diop-2025-limited-747 - già analizzata, ignoro
[my-cards-profit] ⏭️ allan-tchaptchet-2025-limited-437 - già analizzata, ignoro
[my-cards-profit] ⏭️ ernest-appiah-nuamah-2025-limited-599 - già analizzata, ignoro
[my-cards-profit] ⏭️ samuel-junqua-2026-limited-178 - già analizzata, ignoro
[my-cards-profit] ⏭️ jaden-fernando-slory-2025-limited-476 - già analizzata, ignoro
[my-cards-profit] ⏭️ mats-seuntjens-2025-limited-380 - già analizzata, ignoro
[my-cards-profit] ⏭️ felix-hagmann-2025-limited-258 - già analizzata, ignoro
[my-cards-profit] ⏭️ adrian-simon-gill-2026-limited-170 - già analizzata, ignoro
[my-cards-profit] ⏭️ oskar-annell-2025-limited-345 - già analizzata, ignoro
[my-cards-profit] ⏭️ jonathan-sirois-2026-limited-276 - già analizzata, ignoro
[my-cards-profit] ⏭️ enis-destan-2025-limited-88 - già analizzata, ignoro
[my-cards-profit] ⏭️ kasper-dolberg-2023-limited-314 - già analizzata, ignoro
[my-cards-profit] ⏭️ thomas-delaney-2023-limited-334 - già analizzata, ignoro
[my-cards-profit] ⏭️ jan-vertonghen-2023-limited-103 - già analizzata, ignoro
[my-cards-profit] ⏭️ mats-rits-2023-limited-22 - già analizzata, ignoro
[my-cards-profit] ⏭️ christopher-brady-2026-limited-106 - già analizzata, ignoro
[my-cards-profit] ⏭️ anders-dreyer-2023-limited-210 - già analizzata, ignoro
[my-cards-profit] ⏭️ patryk-klimala-2026-limited-345 - già analizzata, ignoro
[my-cards-profit] ⏭️ jae-hwan-hwang-2026-limited-150 - già analizzata, ignoro
[my-cards-profit] ⏭️ italo-moreira-barcelos-2026-limited-228 - già analizzata, ignoro
[my-cards-profit] ⏭️ hyeon-ug-kim-2026-limited-161 - già analizzata, ignoro
[my-cards-profit] ⏭️ demir-ege-tiknaz-2025-limited-598 - già analizzata, ignoro
[my-cards-profit] ⏭️ si-woo-jin-2026-limited-207 - già analizzata, ignoro
[my-cards-profit] ⏭️ jae-min-ahn-2026-limited-196 - già analizzata, ignoro
[my-cards-profit] ⏭️ myung-guan-seo-2026-limited-131 - già analizzata, ignoro
[my-cards-profit] ⏭️ cheong-hyo-park-2026-limited-373 - già analizzata, ignoro
[my-cards-profit] ⏭️ marcos-vinicius-amaral-alves-2026-limited-252 - già analizzata, ignoro
[my-cards-profit] ⏭️ cheol-woo-park-2024-limited-143 - già analizzata, ignoro
[my-cards-profit] ⏭️ marcus-ingvartsen-2026-limited-447 - già analizzata, ignoro
[my-cards-profit] ⏭️ ian-fray-2026-limited-272 - già analizzata, ignoro
[my-cards-profit] ⏭️ daniel-munie-2026-limited-76 - già analizzata, ignoro
[my-cards-profit] ⏭️ marcel-hartel-2026-limited-436 - già analizzata, ignoro
[my-cards-profit] ⏭️ freese-matthew-2026-limited-195 - già analizzata, ignoro
[my-cards-profit] ⏭️ niko-tsakiris-2026-limited-386 - già analizzata, ignoro
[my-cards-profit] ⏭️ rafael-navarro-leal-2026-limited-462 - già analizzata, ignoro
[my-cards-profit] ⏭️ marino-skelin-2025-limited-370 - già analizzata, ignoro
[my-cards-profit] ⏭️ benjamin-craig-old-2025-limited-815 - già analizzata, ignoro
[my-cards-profit] ⏭️ miguel-angel-rubio-lestan-2025-limited-433 - già analizzata, ignoro
[my-cards-profit] ⏭️ natan-bernardo-de-souza-2025-limited-910 - già analizzata, ignoro
[my-cards-profit] ⏭️ panos-katseris-2025-limited-379 - già analizzata, ignoro
[my-cards-profit] ⏭️ joedrick-pupe-2025-limited-88 - già analizzata, ignoro
[my-cards-profit] ⏭️ micael-dos-santos-silva-2026-limited-425 - già analizzata, ignoro
[my-cards-profit] ⏭️ ricardo-nick-louis-2026-limited-89 - già analizzata, ignoro
[my-cards-profit] ⏭️ belal-halbouni-2025-limited-306 - già analizzata, ignoro
[my-cards-profit] ⏭️ vincenzo-grifo-2023-limited-201 - già analizzata, ignoro
[my-cards-profit] ⏭️ nahuel-molina-lucero-2025-limited-70 - già analizzata, ignoro
[my-cards-profit] ⏭️ yuta-nakayama-2025-limited-177 - già analizzata, ignoro
[my-cards-profit] ⏭️ masatoshi-ishida-2026-limited-70 - già analizzata, ignoro
[my-cards-profit] ⏭️ jeong-hyun-kim-2026-limited-175 - già analizzata, ignoro
[my-cards-profit] ⏭️ nicholas-defreitas-hansen-2026-limited-314 - già analizzata, ignoro
[my-cards-profit] ⏭️ yannick-bright-2026-limited-384 - già analizzata, ignoro
[my-cards-profit] ⏭️ david-ayala-2026-limited-387 - già analizzata, ignoro
[my-cards-profit] ⏭️ maximilian-arfsten-2026-limited-397 - già analizzata, ignoro
[my-cards-profit] ⏭️ isa-sakamoto-2025-limited-761 - già analizzata, ignoro
[my-cards-profit] ⏭️ malte-amundsen-2026-limited-409 - già analizzata, ignoro
[my-cards-profit] ⏭️ dong-ryul-lee-2026-limited-137 - già analizzata, ignoro
[my-cards-profit] ⏭️ jeppe-tverskov-2026-limited-469 - già analizzata, ignoro
[my-cards-profit] ⏭️ patrick-schulte-2026-limited-380 - già analizzata, ignoro
[my-cards-profit] ⏭️ yudai-kimura-2024-limited-64 - già analizzata, ignoro
[my-cards-profit] ⏭️ federico-matias-zaracho-2021-limited-144 - già analizzata, ignoro
[my-cards-profit] ⏭️ brayan-andres-ceballos-jimenez-2026-limited-311 - già analizzata, ignoro
[my-cards-profit] ⏭️ mihail-gherasimencov-2026-limited-209 - già analizzata, ignoro
[my-cards-profit] ⏭️ halil-ozdemir-2025-limited-126 - già analizzata, ignoro
[my-cards-profit] ⏭️ robert-jan-vanwesemael-2025-limited-521 - già analizzata, ignoro
[my-cards-profit] ⏭️ marcelo-ryan-silvestre-2025-limited-4 - già analizzata, ignoro
[my-cards-profit] ⏭️ bjorn-inge-utvik-2025-limited-252 - già analizzata, ignoro
[my-cards-profit] ⏭️ cristiano-paulo-santos-oliveira-2026-limited-149 - già analizzata, ignoro
[my-cards-profit] ⏭️ oscar-anthony-verhoeven-2026-limited-228 - già analizzata, ignoro
[my-cards-profit] ⏭️ daniel-cardenas-lindez-2025-limited-529 - già analizzata, ignoro
[my-cards-profit] ⏭️ noah-cobb-2026-limited-164 - già analizzata, ignoro
[my-cards-profit] ⏭️ ryan-hollingshead-2026-limited-273 - già analizzata, ignoro
[my-cards-profit] ⏭️ miguel-perez-2026-limited-159 - già analizzata, ignoro
[my-cards-profit] ⏭️ jackson-yueill-2026-limited-191 - già analizzata, ignoro
[my-cards-profit] ⏭️ aziel-jackson-2026-limited-304 - già analizzata, ignoro
[my-cards-profit] ⏭️ dor-david-turgeman-2026-limited-297 - già analizzata, ignoro
[my-cards-profit] ⏭️ rui-tiago-dantas-da-silva-2023-limited-214 - già analizzata, ignoro
[my-cards-profit] ⏭️ leonardo-de-sousa-pereira-2024-limited-463 - già analizzata, ignoro
[my-cards-profit] ⏭️ alex-eduardo-valera-sandoval-2023-limited-150 - già analizzata, ignoro
[my-cards-profit] ⏭️ mathieu-michel-2023-limited-154 - già analizzata, ignoro
[my-cards-profit] ⏭️ birk-risa-2025-limited-122 - già analizzata, ignoro
[my-cards-profit] ⏭️ hamady-diop-2024-limited-124 - già analizzata, ignoro
[my-cards-profit] ⏭️ furkan-beklevic-2023-limited-36 - già analizzata, ignoro
[my-cards-profit] ⏭️ ben-hamer-2023-limited-181 - già analizzata, ignoro
[my-cards-profit] ⏭️ giuseppe-bovalina-2024-limited-33 - già analizzata, ignoro
[my-cards-profit] ⏭️ wilson-eisner-2026-limited-218 - già analizzata, ignoro
[my-cards-profit] ⏭️ alex-muyl-2025-limited-385 - già analizzata, ignoro
[my-cards-profit] ⏭️ teal-bunbury-2025-limited-238 - già analizzata, ignoro
[my-cards-profit] ⏭️ wyatt-meyer-2025-limited-70 - già analizzata, ignoro
[my-cards-profit] ⏭️ kieran-sargeant-2026-limited-234 - già analizzata, ignoro
[my-cards-profit] ⏭️ mamadou-fofana-2026-limited-321 - già analizzata, ignoro
[my-cards-profit] ⏭️ adrian-wibowo-2026-limited-225 - già analizzata, ignoro
[my-cards-profit] ⏭️ jack-skahan-2026-limited-176 - già analizzata, ignoro
[my-cards-profit] ⏭️ bryce-duke-2026-limited-191 - già analizzata, ignoro
[my-cards-profit] ⏭️ steven-berghuis-2025-limited-453 - già analizzata, ignoro
[my-cards-profit] ⏭️ grady-diangana-2025-limited-108 - già analizzata, ignoro
[my-cards-profit] ⏭️ victor-chust-garcia-2025-limited-293 - già analizzata, ignoro
[my-cards-profit] ⏭️ andre-miguel-valente-silva-2025-limited-343 - già analizzata, ignoro
[my-cards-profit] ⏭️ georgi-minoungou-2026-limited-223 - già analizzata, ignoro
[my-cards-profit] ⏭️ renan-guedes-borges-2025-limited-273 - già analizzata, ignoro
[my-cards-profit] ⏭️ tadeo-allende-2026-limited-426 - già analizzata, ignoro
[my-cards-profit] ⏭️ andrew-gutman-2026-limited-296 - già analizzata, ignoro
[my-cards-profit] ⏭️ tristan-blackmon-2026-limited-364 - già analizzata, ignoro
[my-cards-profit] ⏭️ yuji-kitajima-2026-limited-193 - già analizzata, ignoro
[my-cards-profit] ⏭️ aleksandr-siljanov-2021-limited-102 - già analizzata, ignoro
[my-cards-profit] ⏭️ matias-ezequiel-dituro-2025-limited-663 - già analizzata, ignoro
[my-cards-profit] ⏭️ oliver-torres-munoz-2021-limited-39 - già analizzata, ignoro
[my-cards-profit] ⏭️ chibuike-godfrey-nwaiwu-2025-limited-366 - già analizzata, ignoro
[my-cards-profit] ⏭️ clinton-nsiala-makengo-2025-limited-398 - già analizzata, ignoro
[my-cards-profit] ⏭️ sanel-saljic-2025-limited-369 - già analizzata, ignoro
[my-cards-profit] ⏭️ lucas-boel-hey-2025-limited-778 - già analizzata, ignoro
[my-cards-profit] ⏭️ min-seo-moon-2026-limited-212 - già analizzata, ignoro
[my-cards-profit] ⏭️ stefan-mugosa-2026-limited-383 - già analizzata, ignoro
[my-cards-profit] ⏭️ dae-won-kim-2026-limited-35 - già analizzata, ignoro
[my-cards-profit] ⏭️ christopher-mcvey-2026-limited-333 - già analizzata, ignoro
[my-cards-profit] ⏭️ andrew-thomas-1998-09-01-2026-limited-362 - già analizzata, ignoro
[my-cards-profit] ⏭️ cabral-jones-carter-2026-limited-233 - già analizzata, ignoro
[my-cards-profit] ⏭️ thomas-muller-2026-limited-416 - già analizzata, ignoro
[my-cards-profit] ⏭️ jacob-shaffelburg-2026-limited-240 - già analizzata, ignoro
[my-cards-profit] ⏭️ brian-white-2026-limited-346 - già analizzata, ignoro
[my-cards-profit] ⏭️ darijan-bojanic-2023-limited-141 - già analizzata, ignoro
[my-cards-profit] ⏭️ dong-kyung-lee-2026-limited-104 - già analizzata, ignoro
[my-cards-profit] ⏭️ pau-navarro-badenes-2025-limited-413 - già analizzata, ignoro
[my-cards-profit] ⏭️ moses-usor-2025-limited-765 - già analizzata, ignoro
[my-cards-profit] ⏭️ joan-garcia-pons-2025-limited-741 - già analizzata, ignoro
[my-cards-profit] ⏭️ robert-kenedy-nunes-do-nascimento-2023-limited-103 - già analizzata, ignoro
[my-cards-profit] ⏭️ yari-verschaeren-2022-limited-45 - già analizzata, ignoro
[my-cards-profit] ⏭️ william-paul-yarbrough-story-2026-limited-188 - già analizzata, ignoro
[my-cards-profit] ⏭️ kerim-sam-alajbegovic-2025-limited-689 - già analizzata, ignoro
[my-cards-profit] ⏭️ artem-smolyakov-2026-limited-221 - già analizzata, ignoro
[my-cards-profit] ⏭️ jae-hyeok-oh-2026-limited-135 - già analizzata, ignoro
[my-cards-profit] ⏭️ myung-sun-kim-2026-limited-23 - già analizzata, ignoro
[my-cards-profit] ⏭️ tae-hee-lee-2026-limited-152 - già analizzata, ignoro
[my-cards-profit] ⏭️ ranko-veselinovic-2026-limited-204 - già analizzata, ignoro
[my-cards-profit] ⏭️ hyeon-mu-kang-2026-limited-111 - già analizzata, ignoro
[my-cards-profit] ⏭️ pil-gwan-ko-2026-limited-52 - già analizzata, ignoro
[my-cards-profit] ⏭️ joao-pedro-costa-gamboa-2026-limited-174 - già analizzata, ignoro
[my-cards-profit] ⏭️ sang-myung-lee-2026-limited-130 - già analizzata, ignoro
[my-cards-profit] ⏭️ ju-hyeong-kim-2007-08-20-2026-limited-142 - già analizzata, ignoro
[my-cards-profit] ⏭️ chang-geun-lee-2026-limited-199 - già analizzata, ignoro
[my-cards-profit] ⏭️ moon-hwan-kim-2026-limited-273 - già analizzata, ignoro
[my-cards-profit] ⏭️ kimito-nono-2025-limited-194 - già analizzata, ignoro
[my-cards-profit] Analizzando (1/200): moon-hwan-kim-2025-limited-59
[my-cards-profit] ⚠️ Errore GraphQL su tokenTransfers (carta di esempio: moon-hwan-kim-2025-limited-59): [{'message': "Field 'tokenTransfers' doesn't exist on type 'AnyCardInterface' (Did you mean `tokenOwner`?)", 'extensions': {'code': 'UNPROCESSABLE_ENTITY'}}] -- il campo e' probabilmente sbagliato/inesistente, tutte le carte finiranno in backlog finche' non viene corretto.
[my-cards-profit]   ⚠️ Prezzo acquisto non trovato → backlog
[my-cards-profit] Analizzando (2/200): adrian-alonso-martinez-batista-2026-limited-225
[my-cards-profit]   ⚠️ Prezzo acquisto non trovato → backlog
[my-cards-profit] Analizzando (3/200): antino-lopez-2026-limited-132
[my-cards-profit]   ⚠️ Prezzo acquisto non trovato → backlog
[my-cards-profit] Analizzando (4/200): tyler-austin-hall-2026-limited-233
[my-cards-profit]   ⚠️ Prezzo acquisto non trovato → backlog
[my-cards-profit] Analizzando (5/200): malachi-jones-2026-limited-146
[my-cards-profit]   ⚠️ Prezzo acquisto non trovato → backlog
[my-cards-profit] Analizzando (6/200): xavier-valdez-2026-limited-191
[my-cards-profit]   ⚠️ Prezzo acquisto non trovato → backlog
[my-cards-profit] Analizzando (7/200): hassani-dotson-2026-limited-226
[my-cards-profit]   ⚠️ Prezzo acquisto non trovato → backlog
[my-cards-profit] Analizzando (8/200): josh-cohen-2026-limited-161
[my-cards-profit]   ⚠️ Prezzo acquisto non trovato → backlog
[my-cards-profit] Analizzando (9/200): kenny-nielsen-2026-limited-215
[my-cards-profit]   ⚠️ Prezzo acquisto non trovato → backlog
[my-cards-profit] Analizzando (10/200): jamar-ricketts-2026-limited-225
[my-cards-profit]   ⚠️ Prezzo acquisto non trovato → backlog
[my-cards-profit] Analizzando (11/200): adrian-zendejas-rodriguez-2026-limited-205
[my-cards-profit]   ⚠️ Prezzo acquisto non trovato → backlog
[my-cards-profit] Analizzando (12/200): ricardo-luis-chaby-mangas-2025-limited-558
[my-cards-profit]   ⚠️ Prezzo acquisto non trovato → backlog
[my-cards-profit] Analizzando (13/200): aimen-moueffek-2025-limited-711
[my-cards-profit]   ⚠️ Prezzo acquisto non trovato → backlog
[my-cards-profit] Analizzando (14/200): osaze-de-rosario-2026-limited-230
[my-cards-profit]   ⚠️ Prezzo acquisto non trovato → backlog
[my-cards-profit] Analizzando (15/200): dominik-weixelbraun-2025-limited-263
[my-cards-profit]   ⚠️ Prezzo acquisto non trovato → backlog
[my-cards-profit] Analizzando (16/200): yussuf-yurary-poulsen-2025-limited-359
[my-cards-profit]   ⚠️ Prezzo acquisto non trovato → backlog
[my-cards-profit] Analizzando (17/200): donovan-parisian-2026-limited-166
[my-cards-profit]   ⚠️ Prezzo acquisto non trovato → backlog
[my-cards-profit] Analizzando (18/200): gi-hyuk-lee-2026-limited-324
[my-cards-profit]   ⚠️ Prezzo acquisto non trovato → backlog
[my-cards-profit] Analizzando (19/200): griffin-yow-2026-limited-265
[my-cards-profit]   ⚠️ Prezzo acquisto non trovato → backlog
[my-cards-profit] Analizzando (20/200): juan-antonio-ros-martinez-2026-limited-247
[my-cards-profit]   ⚠️ Prezzo acquisto non trovato → backlog
[my-cards-profit] Analizzando (21/200): matt-polster-2026-limited-186
[my-cards-profit]   ⚠️ Prezzo acquisto non trovato → backlog
[my-cards-profit] Analizzando (22/200): william-kumado-2026-limited-216
[my-cards-profit]   ⚠️ Prezzo acquisto non trovato → backlog
[my-cards-profit] Analizzando (23/200): sung-yun-gu-2026-limited-330
[my-cards-profit]   ⚠️ Prezzo acquisto non trovato → backlog
[my-cards-profit] Analizzando (24/200): ariath-deng-piol-2026-limited-174
[my-cards-profit]   ⚠️ Prezzo acquisto non trovato → backlog
[my-cards-profit] Analizzando (25/200): dong-jun-kim-2026-limited-314
[my-cards-profit]   ⚠️ Prezzo acquisto non trovato → backlog
[my-cards-profit] Analizzando (26/200): julien-celestine-2026-limited-296
[my-cards-profit]   ⚠️ Prezzo acquisto non trovato → backlog
[my-cards-profit] Analizzando (27/200): gonzalo-lujan-melli-2026-limited-311
[my-cards-profit]   ⚠️ Prezzo acquisto non trovato → backlog
[my-cards-profit] Analizzando (28/200): isaac-boehmer-2026-limited-232
[my-cards-profit]   ⚠️ Prezzo acquisto non trovato → backlog
[my-cards-profit] Analizzando (29/200): lorenzo-dellavalle-2026-limited-207
[my-cards-profit]   ⚠️ Prezzo acquisto non trovato → backlog
[my-cards-profit] Analizzando (30/200): airton-moises-santos-sousa-2026-limited-7
[my-cards-profit]   ⚠️ Prezzo acquisto non trovato → backlog
[my-cards-profit] Analizzando (31/200): jefferson-fernando-isidio-2026-limited-310
[my-cards-profit]   ⚠️ Prezzo acquisto non trovato → backlog
[my-cards-profit] Analizzando (32/200): cesar-jasib-montes-castro-2023-limited-125
[my-cards-profit]   ⚠️ Prezzo acquisto non trovato → backlog
[my-cards-profit] Analizzando (33/200): kevin-pedro-2025-limited-129
[my-cards-profit]   ⚠️ Prezzo acquisto non trovato → backlog
[my-cards-profit] Analizzando (34/200): jason-shokalook-2026-limited-154
[my-cards-profit]   ⚠️ Prezzo acquisto non trovato → backlog
[my-cards-profit] Analizzando (35/200): tristan-brown-2026-limited-155
[my-cards-profit]   ⚠️ Prezzo acquisto non trovato → backlog
[my-cards-profit] Analizzando (36/200): cooper-flax-2026-limited-141
[my-cards-profit]   ⚠️ Prezzo acquisto non trovato → backlog
[my-cards-profit] Analizzando (37/200): afonso-cruz-patrao-2025-limited-99
[my-cards-profit]   ⚠️ Prezzo acquisto non trovato → backlog
[my-cards-profit] Analizzando (38/200): matthew-dominic-evans-wolff-2026-limited-196
[my-cards-profit]   ⚠️ Prezzo acquisto non trovato → backlog
[my-cards-profit] Analizzando (39/200): joe-willis-2026-limited-252
[my-cards-profit]   ⚠️ Prezzo acquisto non trovato → backlog
[my-cards-profit] Analizzando (40/200): ian-pilcher-2026-limited-265
[my-cards-profit]   ⚠️ Prezzo acquisto non trovato → backlog
[my-cards-profit] Analizzando (41/200): ruben-gonzalez-alves-2022-limited-46
[my-cards-profit]   ⚠️ Prezzo acquisto non trovato → backlog
[my-cards-profit] Analizzando (42/200): sergio-guardiola-navarro-2021-limited-55
[my-cards-profit]   ⚠️ Prezzo acquisto non trovato → backlog
[my-cards-profit] Analizzando (43/200): tyler-miller-2026-limited-192
[my-cards-profit]   ⚠️ Prezzo acquisto non trovato → backlog
[my-cards-profit] Analizzando (44/200): alejandro-alvarado-jr-2026-limited-204
[my-cards-profit]   ⚠️ Prezzo acquisto non trovato → backlog
[my-cards-profit] Analizzando (45/200): nick-fernandez-2026-limited-162
[my-cards-profit]   ⚠️ Prezzo acquisto non trovato → backlog
[my-cards-profit] Analizzando (46/200): yazan-abo-alarab-2026-limited-266
[my-cards-profit]   ⚠️ Prezzo acquisto non trovato → backlog
[my-cards-profit] Analizzando (47/200): marc-leonard-2025-limited-216
[my-cards-profit]   ⚠️ Prezzo acquisto non trovato → backlog
[my-cards-profit] Analizzando (48/200): matheus-oliveira-santos-2026-limited-1
[my-cards-profit]   ⚠️ Prezzo acquisto non trovato → backlog
[my-cards-profit] Analizzando (49/200): darijan-bojanic-2026-limited-337
[my-cards-profit]   ⚠️ Prezzo acquisto non trovato → backlog
[my-cards-profit] Analizzando (50/200): gyu-seong-lee-2026-limited-269
[my-cards-profit]   ⚠️ Prezzo acquisto non trovato → backlog
[my-cards-profit] Analizzando (51/200): jorge-luiz-barbosa-teixeira-2026-limited-262
[my-cards-profit]   ⚠️ Prezzo acquisto non trovato → backlog
[my-cards-profit] Analizzando (52/200): reed-baker-whiting-2025-limited-164
[my-cards-profit]   ⚠️ Prezzo acquisto non trovato → backlog
[my-cards-profit] Analizzando (53/200): ryan-kent-2025-limited-168
[my-cards-profit]   ⚠️ Prezzo acquisto non trovato → backlog
[my-cards-profit] Analizzando (54/200): seung-hyun-jung-2026-limited-187
[my-cards-profit]   ⚠️ Prezzo acquisto non trovato → backlog
[my-cards-profit] Analizzando (55/200): ryan-sailor-2026-limited-169
[my-cards-profit]   ⚠️ Prezzo acquisto non trovato → backlog
[my-cards-profit] Analizzando (56/200): pedro-jose-soma-2026-limited-246
[my-cards-profit]   ⚠️ Prezzo acquisto non trovato → backlog
[my-cards-profit] Analizzando (57/200): nico-cavallo-2026-limited-159
[my-cards-profit]   ⚠️ Prezzo acquisto non trovato → backlog
[my-cards-profit] Analizzando (58/200): kolbeinn-birgir-finnsson-2025-limited-231
[my-cards-profit]   ⚠️ Prezzo acquisto non trovato → backlog
[my-cards-profit] Analizzando (59/200): arif-bosluk-2025-limited-409
[my-cards-profit]   ⚠️ Prezzo acquisto non trovato → backlog
[my-cards-profit] Analizzando (60/200): luis-barraza-2026-limited-245
[my-cards-profit]   ⚠️ Prezzo acquisto non trovato → backlog
[my-cards-profit] Analizzando (61/200): tanner-beason-2026-limited-174
[my-cards-profit]   ⚠️ Prezzo acquisto non trovato → backlog
[my-cards-profit] Analizzando (62/200): david-ruiz-2004-02-08-2026-limited-230
[my-cards-profit]   ⚠️ Prezzo acquisto non trovato → backlog
[my-cards-profit] Analizzando (63/200): daniel-pinter-2007-06-06-2026-limited-214
[my-cards-profit]   ⚠️ Prezzo acquisto non trovato → backlog
[my-cards-profit] Analizzando (64/200): ryan-raposo-2026-limited-204
[my-cards-profit]   ⚠️ Prezzo acquisto non trovato → backlog
[my-cards-profit] Analizzando (65/200): bendeguz-bolla-2025-limited-28
[my-cards-profit]   ⚠️ Prezzo acquisto non trovato → backlog
[my-cards-profit] Analizzando (66/200): dario-esteban-osorio-osorio-2025-limited-944
[my-cards-profit]   ⚠️ Prezzo acquisto non trovato → backlog
[my-cards-profit] Analizzando (67/200): mads-bech-sorensen-2025-limited-835
[my-cards-profit]   ⚠️ Prezzo acquisto non trovato → backlog
[my-cards-profit] Analizzando (68/200): elias-rafn-olafsson-2025-limited-627
[my-cards-profit]   ⚠️ Prezzo acquisto non trovato → backlog
[my-cards-profit] Analizzando (69/200): sam-adekugbe-2026-limited-188
[my-cards-profit]   ⚠️ Prezzo acquisto non trovato → backlog
[my-cards-profit] Analizzando (70/200): jin-su-kim-2025-limited-256
[my-cards-profit]   ⚠️ Prezzo acquisto non trovato → backlog
[my-cards-profit] Analizzando (71/200): jong-bum-baek-2025-limited-153
[my-cards-profit]   ⚠️ Prezzo acquisto non trovato → backlog
[my-cards-profit] Analizzando (72/200): soo-il-park-2025-limited-198
[my-cards-profit]   ⚠️ Prezzo acquisto non trovato → backlog
[my-cards-profit] Analizzando (73/200): min-kyu-song-2025-limited-19
[my-cards-profit]   ⚠️ Prezzo acquisto non trovato → backlog
[my-cards-profit] Analizzando (74/200): jusef-erabi-2025-limited-219
[my-cards-profit]   ⚠️ Prezzo acquisto non trovato → backlog
[my-cards-profit] Analizzando (75/200): yaimar-abel-medina-ortiz-2025-limited-460
[my-cards-profit]   ⚠️ Prezzo acquisto non trovato → backlog
[my-cards-profit] Analizzando (76/200): zakaria-el-ouahdi-2025-limited-105
[my-cards-profit]   ⚠️ Prezzo acquisto non trovato → backlog
[my-cards-profit] Analizzando (77/200): jose-antonio-fernandez-pomares-2025-limited-385
[my-cards-profit]   ⚠️ Prezzo acquisto non trovato → backlog
[my-cards-profit] Analizzando (78/200): jun-choi-2026-limited-249
[my-cards-profit]   ⚠️ Prezzo acquisto non trovato → backlog
[my-cards-profit] Analizzando (79/200): gerard-fernandez-castellano-2025-limited-506
[my-cards-profit]   ⚠️ Prezzo acquisto non trovato → backlog
[my-cards-profit] Analizzando (80/200): louis-fortin-2025-limited-178
[my-cards-profit]   ⚠️ Prezzo acquisto non trovato → backlog
[my-cards-profit] Analizzando (81/200): lawrence-agyekum-2025-limited-678
[my-cards-profit]   ⚠️ Prezzo acquisto non trovato → backlog
[my-cards-profit] Analizzando (82/200): ismael-chester-diallo-2025-limited-280
[my-cards-profit]   ⚠️ Prezzo acquisto non trovato → backlog
[my-cards-profit] Analizzando (83/200): araphat-mohammed-2025-limited-573
[my-cards-profit]   ⚠️ Prezzo acquisto non trovato → backlog
[my-cards-profit] Analizzando (84/200): manfred-fischer-2025-limited-435
[my-cards-profit]   ⚠️ Prezzo acquisto non trovato → backlog
[my-cards-profit] Analizzando (85/200): caglar-soyuncu-2025-limited-559
[my-cards-profit]   ⚠️ Prezzo acquisto non trovato → backlog
[my-cards-profit] Analizzando (86/200): luka-savatovic-2025-limited-256
[my-cards-profit]   ⚠️ Prezzo acquisto non trovato → backlog
[my-cards-profit] Analizzando (87/200): hugo-vetlesen-2025-limited-760
[my-cards-profit]   ⚠️ Prezzo acquisto non trovato → backlog
[my-cards-profit] Analizzando (88/200): raf-smekens-2025-limited-379
[my-cards-profit]   ⚠️ Prezzo acquisto non trovato → backlog
[my-cards-profit] Analizzando (89/200): dan-axel-zagadou-2025-limited-592
[my-cards-profit]   ⚠️ Prezzo acquisto non trovato → backlog
[my-cards-profit] Analizzando (90/200): aaron-tshibola-2025-limited-30
[my-cards-profit]   ⚠️ Prezzo acquisto non trovato → backlog
[my-cards-profit] Analizzando (91/200): joao-pedro-cavaco-cancelo-2025-limited-235
[my-cards-profit]   ⚠️ Prezzo acquisto non trovato → backlog
[my-cards-profit] Analizzando (92/200): samir-el-mourabet-2025-limited-248
[my-cards-profit]   ⚠️ Prezzo acquisto non trovato → backlog
[my-cards-profit] Analizzando (93/200): sam-surridge-2025-limited-630
[my-cards-profit]   ⚠️ Prezzo acquisto non trovato → backlog
[my-cards-profit] Analizzando (94/200): joe-willis-2025-limited-502
[my-cards-profit]   ⚠️ Prezzo acquisto non trovato → backlog
[my-cards-profit] Analizzando (95/200): adem-sipic-2025-limited-202
[my-cards-profit]   ⚠️ Prezzo acquisto non trovato → backlog
[my-cards-profit] Analizzando (96/200): jacob-shaffelburg-2025-limited-114
[my-cards-profit]   ⚠️ Prezzo acquisto non trovato → backlog
[my-cards-profit] Analizzando (97/200): jonathan-perez-2003-01-18-2025-limited-110
[my-cards-profit]   ⚠️ Prezzo acquisto non trovato → backlog
[my-cards-profit] Analizzando (98/200): tyler-boyd-2025-limited-132
[my-cards-profit]   ⚠️ Prezzo acquisto non trovato → backlog
[my-cards-profit] Analizzando (99/200): jack-maher-2025-limited-193
[my-cards-profit]   ⚠️ Prezzo acquisto non trovato → backlog
[my-cards-profit] Analizzando (100/200): bryan-josue-acosta-ramos-2025-limited-323
[my-cards-profit]   ⚠️ Prezzo acquisto non trovato → backlog
[my-cards-profit] Analizzando (101/200): gaston-brugman-2025-limited-58
[my-cards-profit]   ⚠️ Prezzo acquisto non trovato → backlog
[my-cards-profit] Analizzando (102/200): chris-applewhite-2025-limited-35
[my-cards-profit]   ⚠️ Prezzo acquisto non trovato → backlog
[my-cards-profit] Analizzando (103/200): jack-maher-2025-limited-199
[my-cards-profit]   ⚠️ Prezzo acquisto non trovato → backlog
[my-cards-profit] Analizzando (104/200): edvard-sandvik-tagseth-2025-limited-46
[my-cards-profit]   ⚠️ Prezzo acquisto non trovato → backlog
[my-cards-profit] Analizzando (105/200): edvard-sandvik-tagseth-2025-limited-291
[my-cards-profit]   ⚠️ Prezzo acquisto non trovato → backlog
[my-cards-profit] Analizzando (106/200): matthew-james-corcoran-2025-limited-127
[my-cards-profit]   ⚠️ Prezzo acquisto non trovato → backlog
[my-cards-profit] Analizzando (107/200): andy-aryel-najar-rodriguez-2025-limited-226
[my-cards-profit]   ⚠️ Prezzo acquisto non trovato → backlog
[my-cards-profit] Analizzando (108/200): walker-zimmerman-2025-limited-288
[my-cards-profit]   ⚠️ Prezzo acquisto non trovato → backlog
[my-cards-profit] Analizzando (109/200): brian-schwake-2025-limited-106
[my-cards-profit]   ⚠️ Prezzo acquisto non trovato → backlog
[my-cards-profit] Analizzando (110/200): ricardo-jorge-luz-horta-2025-limited-519
[my-cards-profit]   ⚠️ Prezzo acquisto non trovato → backlog
[my-cards-profit] Analizzando (111/200): laurent-lemoine-2025-limited-230
[my-cards-profit]   ⚠️ Prezzo acquisto non trovato → backlog
[my-cards-profit] Analizzando (112/200): brent-gabriel-2025-limited-298
[my-cards-profit]   ⚠️ Prezzo acquisto non trovato → backlog
[my-cards-profit] Analizzando (113/200): ryan-gravenberch-2023-limited-250
[my-cards-profit]   ⚠️ Prezzo acquisto non trovato → backlog
[my-cards-profit] Analizzando (114/200): gabriel-veiga-novas-2025-limited-232
[my-cards-profit]   ⚠️ Prezzo acquisto non trovato → backlog
[my-cards-profit] Analizzando (115/200): bartosz-slisz-2024-limited-373
[my-cards-profit]   ⚠️ Prezzo acquisto non trovato → backlog
[my-cards-profit] Analizzando (116/200): louis-mafouta-2024-limited-4
[my-cards-profit]   ⚠️ Prezzo acquisto non trovato → backlog
[my-cards-profit] Analizzando (117/200): sem-steijn-2022-limited-166
[my-cards-profit]   ⚠️ Prezzo acquisto non trovato → backlog
[my-cards-profit] Analizzando (118/200): ramiz-larbi-zerrouki-2022-limited-311
[my-cards-profit]   ⚠️ Prezzo acquisto non trovato → backlog
[my-cards-profit] Analizzando (119/200): alfons-sampsted-2022-limited-152
[my-cards-profit]   ⚠️ Prezzo acquisto non trovato → backlog
[my-cards-profit] Analizzando (120/200): mats-wieffer-2022-limited-351
[my-cards-profit]   ⚠️ Prezzo acquisto non trovato → backlog
[my-cards-profit] Analizzando (121/200): virgil-misidjan-2022-limited-353
[my-cards-profit]   ⚠️ Prezzo acquisto non trovato → backlog
[my-cards-profit] Analizzando (122/200): robin-propper-2022-limited-453
[my-cards-profit]   ⚠️ Prezzo acquisto non trovato → backlog
[my-cards-profit] Analizzando (123/200): vaclav-cerny-2022-limited-26
[my-cards-profit]   ⚠️ Prezzo acquisto non trovato → backlog
[my-cards-profit] Analizzando (124/200): lutsharel-geertruida-2022-limited-375
[my-cards-profit]   ⚠️ Prezzo acquisto non trovato → backlog
[my-cards-profit] Analizzando (125/200): marcus-holmgren-pedersen-2022-limited-111
[my-cards-profit]   ⚠️ Prezzo acquisto non trovato → backlog
[my-cards-profit] Analizzando (126/200): patrik-walemark-2022-limited-240
[my-cards-profit]   ⚠️ Prezzo acquisto non trovato → backlog
[my-cards-profit] Analizzando (127/200): ezequiel-eduardo-bullaude-2022-limited-167
[my-cards-profit]   ⚠️ Prezzo acquisto non trovato → backlog
[my-cards-profit] Analizzando (128/200): alireza-jahanbakhsh-2022-limited-251
[my-cards-profit]   ⚠️ Prezzo acquisto non trovato → backlog
[my-cards-profit] Analizzando (129/200): quilindschy-hartman-2022-limited-231
[my-cards-profit]   ⚠️ Prezzo acquisto non trovato → backlog
[my-cards-profit] Analizzando (130/200): nicolas-fernandez-mercau-2026-limited-373
[my-cards-profit]   ⚠️ Prezzo acquisto non trovato → backlog
[my-cards-profit] Analizzando (131/200): zento-uno-2024-limited-36
[my-cards-profit]   ⚠️ Prezzo acquisto non trovato → backlog
[my-cards-profit] Analizzando (132/200): gotoku-sakai-2025-limited-285
[my-cards-profit]   ⚠️ Prezzo acquisto non trovato → backlog
[my-cards-profit] Analizzando (133/200): daiju-sasaki-2023-limited-317
[my-cards-profit]   ⚠️ Prezzo acquisto non trovato → backlog
[my-cards-profit] Analizzando (134/200): masaaki-higashiguchi-2026-limited-287
[my-cards-profit]   ⚠️ Prezzo acquisto non trovato → backlog
[my-cards-profit] Analizzando (135/200): jules-ahoka-jules-2025-limited-114
[my-cards-profit]   ⚠️ Prezzo acquisto non trovato → backlog
[my-cards-profit] Analizzando (136/200): kilian-nuno-joaquim-sauck-2025-limited-40
[my-cards-profit]   ⚠️ Prezzo acquisto non trovato → backlog
[my-cards-profit] Analizzando (137/200): ho-jae-lee-2026-limited-266
[my-cards-profit]   ⚠️ Prezzo acquisto non trovato → backlog
[my-cards-profit] Analizzando (138/200): lionel-andres-messi-cuccittini-2026-limited-392
[my-cards-profit]   ⚠️ Prezzo acquisto non trovato → backlog
[my-cards-profit] Analizzando (139/200): dong-jin-kim-2026-limited-191
[my-cards-profit]   ⚠️ Prezzo acquisto non trovato → backlog
[my-cards-profit] Analizzando (140/200): yool-heo-2026-limited-152
[my-cards-profit]   ⚠️ Prezzo acquisto non trovato → backlog
[my-cards-profit] Analizzando (141/200): luca-philipp-2025-limited-446
[my-cards-profit]   ⚠️ Prezzo acquisto non trovato → backlog
[my-cards-profit] Analizzando (142/200): zidane-aamar-iqbal-2025-limited-476
[my-cards-profit]   ⚠️ Prezzo acquisto non trovato → backlog
[my-cards-profit] Analizzando (143/200): byung-kwan-jeon-2026-limited-163
[my-cards-profit]   ⚠️ Prezzo acquisto non trovato → backlog
[my-cards-profit] Analizzando (144/200): seong-ung-maeng-2026-limited-208
[my-cards-profit]   ⚠️ Prezzo acquisto non trovato → backlog
[my-cards-profit] Analizzando (145/200): kristijan-kahlina-2026-limited-381
[my-cards-profit]   ⚠️ Prezzo acquisto non trovato → backlog
[my-cards-profit] Analizzando (146/200): philip-zinckernagel-2026-limited-350
[my-cards-profit]   ⚠️ Prezzo acquisto non trovato → backlog
[my-cards-profit] Analizzando (147/200): itsuki-someno-2026-limited-275
[my-cards-profit]   ⚠️ Prezzo acquisto non trovato → backlog
[my-cards-profit] Analizzando (148/200): takato-yamamoto-2026-limited-173
[my-cards-profit]   ⚠️ Prezzo acquisto non trovato → backlog
[my-cards-profit] Analizzando (149/200): mayckel-lahdo-2025-limited-631
[my-cards-profit]   ⚠️ Prezzo acquisto non trovato → backlog
[my-cards-profit] Analizzando (150/200): kang-hee-lee-2025-limited-417
[my-cards-profit]   ⚠️ Prezzo acquisto non trovato → backlog
[my-cards-profit] Analizzando (151/200): yuma-obata-2026-limited-260
[my-cards-profit]   ⚠️ Prezzo acquisto non trovato → backlog
[my-cards-profit] Analizzando (152/200): tae-hee-lee-1992-06-16-2026-limited-166
[my-cards-profit]   ⚠️ Prezzo acquisto non trovato → backlog
[my-cards-profit] Analizzando (153/200): bruny-nsimba-2025-limited-617
[my-cards-profit]   ⚠️ Prezzo acquisto non trovato → backlog
[my-cards-profit] Analizzando (154/200): chris-applewhite-2026-limited-166
[my-cards-profit]   ⚠️ Prezzo acquisto non trovato → backlog
[my-cards-profit] Analizzando (155/200): sergi-palencia-hurtado-2026-limited-289
[my-cards-profit]   ⚠️ Prezzo acquisto non trovato → backlog
[my-cards-profit] Analizzando (156/200): yohei-takaoka-2026-limited-353
[my-cards-profit]   ⚠️ Prezzo acquisto non trovato → backlog
[my-cards-profit] Analizzando (157/200): maxwell-woledzi-2026-limited-305
[my-cards-profit]   ⚠️ Prezzo acquisto non trovato → backlog
[my-cards-profit] Analizzando (158/200): paxten-aaronson-2026-limited-317
[my-cards-profit]   ⚠️ Prezzo acquisto non trovato → backlog
[my-cards-profit] Analizzando (159/200): pep-biel-mas-jaume-2026-limited-332
[my-cards-profit]   ⚠️ Prezzo acquisto non trovato → backlog
[my-cards-profit] Analizzando (160/200): jae-hyun-mo-2026-limited-270
[my-cards-profit]   ⚠️ Prezzo acquisto non trovato → backlog
[my-cards-profit] Analizzando (161/200): matt-turner-2026-limited-321
[my-cards-profit]   ⚠️ Prezzo acquisto non trovato → backlog
[my-cards-profit] Analizzando (162/200): ryoma-watanabe-2026-limited-274
[my-cards-profit]   ⚠️ Prezzo acquisto non trovato → backlog
[my-cards-profit] Analizzando (163/200): taichi-yamasaki-2026-limited-239
[my-cards-profit]   ⚠️ Prezzo acquisto non trovato → backlog
[my-cards-profit] Analizzando (164/200): jeison-estiven-quinones-botina-2026-limited-296
[my-cards-profit]   ⚠️ Prezzo acquisto non trovato → backlog
[my-cards-profit] Analizzando (165/200): henry-heroki-mochizuki-2026-limited-232
[my-cards-profit]   ⚠️ Prezzo acquisto non trovato → backlog
[my-cards-profit] Analizzando (166/200): tokuma-suzuki-2026-limited-187
[my-cards-profit]   ⚠️ Prezzo acquisto non trovato → backlog
[my-cards-profit] Analizzando (167/200): tsukasa-shiotani-2026-limited-248
[my-cards-profit]   ⚠️ Prezzo acquisto non trovato → backlog
[my-cards-profit] Analizzando (168/200): olwethu-makhanya-2026-limited-279
[my-cards-profit]   ⚠️ Prezzo acquisto non trovato → backlog
[my-cards-profit] Analizzando (169/200): arnau-martinez-lopez-2025-limited-849
[my-cards-profit]   ⚠️ Prezzo acquisto non trovato → backlog
[my-cards-profit] Analizzando (170/200): souleymane-isaak-toure-2025-limited-339
[my-cards-profit]   ⚠️ Prezzo acquisto non trovato → backlog
[my-cards-profit] Analizzando (171/200): ji-nam-choe-2026-limited-107
[my-cards-profit]   ⚠️ Prezzo acquisto non trovato → backlog
[my-cards-profit] Analizzando (172/200): mika-haas-2025-limited-363
[my-cards-profit]   ⚠️ Prezzo acquisto non trovato → backlog
[my-cards-profit] Analizzando (173/200): jason-steele-2025-limited-656
[my-cards-profit]   ⚠️ Prezzo acquisto non trovato → backlog
[my-cards-profit] Analizzando (174/200): dimitrios-stamatakis-2025-limited-437
[my-cards-profit]   ⚠️ Prezzo acquisto non trovato → backlog
[my-cards-profit] Analizzando (175/200): thiago-santos-santana-2026-limited-239
[my-cards-profit]   ⚠️ Prezzo acquisto non trovato → backlog
[my-cards-profit] Analizzando (176/200): shu-kurata-2026-limited-195
[my-cards-profit]   ⚠️ Prezzo acquisto non trovato → backlog
[my-cards-profit] Analizzando (177/200): darren-yapi-2026-limited-275
[my-cards-profit]   ⚠️ Prezzo acquisto non trovato → backlog
[my-cards-profit] Analizzando (178/200): wessam-abou-ali-2026-limited-328
[my-cards-profit]   ⚠️ Prezzo acquisto non trovato → backlog
[my-cards-profit] Analizzando (179/200): pierre-landry-kabore-2025-limited-333
[my-cards-profit]   ⚠️ Prezzo acquisto non trovato → backlog
[my-cards-profit] Analizzando (180/200): mohamed-abdel-monem-1999-02-01-2025-limited-289
[my-cards-profit]   ⚠️ Prezzo acquisto non trovato → backlog
[my-cards-profit] Analizzando (181/200): sergio-oregel-jr-2026-limited-168
[my-cards-profit]   ⚠️ Prezzo acquisto non trovato → backlog
[my-cards-profit] Analizzando (182/200): jakov-filipovic-2025-limited-281
[my-cards-profit]   ⚠️ Prezzo acquisto non trovato → backlog
[my-cards-profit] Analizzando (183/200): kyle-duncan-2026-limited-124
[my-cards-profit]   ⚠️ Prezzo acquisto non trovato → backlog
[my-cards-profit] Analizzando (184/200): necip-uysal-2025-limited-460
[my-cards-profit]   ⚠️ Prezzo acquisto non trovato → backlog
[my-cards-profit] Analizzando (185/200): takayuki-mae-2026-limited-215
[my-cards-profit]   ⚠️ Prezzo acquisto non trovato → backlog
[my-cards-profit] Analizzando (186/200): yoshiki-torikai-2026-limited-205
[my-cards-profit]   ⚠️ Prezzo acquisto non trovato → backlog
[my-cards-profit] Analizzando (187/200): rei-hirakawa-2026-limited-225
[my-cards-profit]   ⚠️ Prezzo acquisto non trovato → backlog
[my-cards-profit] Analizzando (188/200): min-duk-kim-2026-limited-180
[my-cards-profit]   ⚠️ Prezzo acquisto non trovato → backlog
[my-cards-profit] Analizzando (189/200): chang-rae-ha-2026-limited-225
[my-cards-profit]   ⚠️ Prezzo acquisto non trovato → backlog
[my-cards-profit] Analizzando (190/200): jakob-busk-jensen-2025-limited-499
[my-cards-profit]   ⚠️ Prezzo acquisto non trovato → backlog
[my-cards-profit] Analizzando (191/200): robin-propper-2025-limited-773
[my-cards-profit]   ⚠️ Prezzo acquisto non trovato → backlog
[my-cards-profit] Analizzando (192/200): rogers-mato-2025-limited-52
[my-cards-profit]   ⚠️ Prezzo acquisto non trovato → backlog
[my-cards-profit] Analizzando (193/200): unai-gomez-etxebarria-2025-limited-503
[my-cards-profit]   ⚠️ Prezzo acquisto non trovato → backlog
[my-cards-profit] Analizzando (194/200): nadir-el-jamali-2025-limited-579
[my-cards-profit]   ⚠️ Prezzo acquisto non trovato → backlog
[my-cards-profit] Analizzando (195/200): tiago-pereira-da-silva-2026-limited-207
[my-cards-profit]   ⚠️ Prezzo acquisto non trovato → backlog
[my-cards-profit] Analizzando (196/200): tyrique-christopher-mercera-2025-limited-499
[my-cards-profit]   ⚠️ Prezzo acquisto non trovato → backlog
[my-cards-profit] Analizzando (197/200): joao-diogo-fonseca-ferreira-2025-limited-708
[my-cards-profit]   ⚠️ Prezzo acquisto non trovato → backlog
[my-cards-profit] Analizzando (198/200): jong-eun-lim-2026-limited-130
[my-cards-profit]   ⚠️ Prezzo acquisto non trovato → backlog
[my-cards-profit] Analizzando (199/200): marcelo-andres-herrera-mansilla-2025-limited-60
[my-cards-profit]   ⚠️ Prezzo acquisto non trovato → backlog
[my-cards-profit] Analizzando (200/200): luca-daniel-langoni-2025-limited-223
[my-cards-profit]   ⚠️ Prezzo acquisto non trovato → backlog
[my-cards-profit] Limite 200 carte raggiunto
[my-cards-profit] Salvate 200 carte analizzate
[my-cards-profit] Backlog aggiornato: 410 carte con problema
[my-cards-profit] Nessuna carta con profit trovata
[my-cards-profit] Esecuzione terminata.

===== RUN 2026-07-18 17:32:01 UTC (scan_count=100) =====
[my-cards-profit] Inizio scan profit (100 carte per run)...
[my-cards-profit] Ricerca tutte le carte...
[my-cards-profit] Trovate 1923 carte
[my-cards-profit] 1923 carte totali, 0 gia' trovate in profitto (escluse), 1923 candidate per questo giro
[my-cards-profit] Ricerca cronologia acquisti (finestra 3650 giorni, max 100 pagine)...
[my-cards-profit] Cronologia acquisti: 3767 transazioni totali, 1817 carte con prezzo di acquisto attribuibile, 127 scartate (acquisti in bundle)
[my-cards-profit] Batch di questo giro: 100 carte (da indice 0)
[my-cards-profit] Analizzando (1/100): kalvin-phillips-2025-limited-525
[my-cards-profit]   ⚠️ Prezzo acquisto non trovato
[my-cards-profit] Analizzando (2/100): sem-steijn-2025-limited-652
[my-cards-profit]   ⚠️ Prezzo acquisto non trovato
[my-cards-profit] Analizzando (3/100): vitezslav-jaros-2025-limited-737
[my-cards-profit]   ⚠️ Prezzo acquisto non trovato
[my-cards-profit] Analizzando (4/100): darijan-bojanic-2026-limited-557
[my-cards-profit]   ⚠️ Prezzo acquisto non trovato
[my-cards-profit] Analizzando (5/100): cheol-woo-park-2026-limited-353
[my-cards-profit]   ⚠️ Prezzo acquisto non trovato
[my-cards-profit] Analizzando (6/100): myung-jae-lee-2026-limited-356
[my-cards-profit]   ⚠️ Prezzo acquisto non trovato
[my-cards-profit] Analizzando (7/100): marcos-johan-lopez-lanfranco-2022-limited-16
[my-cards-profit]   ✅ PROFIT: acquistato 2.00€, market 2.65€ (+0.65€, +32.5%)
[my-cards-profit] Analizzando (8/100): flabian-londono-bedoya-2022-limited-21
[my-cards-profit]   ✅ PROFIT: acquistato 0.61€, market 3.50€ (+2.89€, +473.8%)
[my-cards-profit] Analizzando (9/100): shuto-nakano-2026-limited-309
[my-cards-profit]   ⚠️ Prezzo acquisto non trovato
[my-cards-profit] Analizzando (10/100): nhoa-sangui-2025-limited-400
[my-cards-profit]   ⚠️ Prezzo acquisto non trovato
[my-cards-profit] Analizzando (11/100): nicolas-fernandez-mercau-2025-limited-108
[my-cards-profit]   ✅ PROFIT: acquistato 11.79€, market 13.95€ (+2.16€, +18.3%)
[my-cards-profit] Analizzando (12/100): gabriel-silva-moscardo-de-salles-2025-limited-461
[my-cards-profit]   ❌ No profit: acquistato 0.95€, market 0.90€ (-5.3%)
[my-cards-profit] Analizzando (13/100): geiner-arleyson-martinez-turner-2026-limited-247
[my-cards-profit]   ⚠️ Prezzo acquisto non trovato
[my-cards-profit] Analizzando (14/100): benjamin-goschl-2025-limited-206
[my-cards-profit]   ❌ No profit: acquistato 0.88€, market 0.86€ (-2.3%)
[my-cards-profit] Analizzando (15/100): tiemen-de-bel-2025-limited-214
[my-cards-profit]   ❌ No profit: acquistato 0.41€, market 0.39€ (-4.9%)
[my-cards-profit] Analizzando (16/100): joeri-jesse-heerkens-2025-limited-438
[my-cards-profit]   ✅ PROFIT: acquistato 1.98€, market 2.73€ (+0.75€, +37.9%)
[my-cards-profit] Analizzando (17/100): frank-feller-2025-limited-51
[my-cards-profit]   ✅ PROFIT: acquistato 3.65€, market 3.86€ (+0.21€, +5.8%)
[my-cards-profit] Analizzando (18/100): matteo-godfroid-2025-limited-285
[my-cards-profit]   ❌ No profit: acquistato 0.35€, market 0.35€ (+0.0%)
[my-cards-profit] Analizzando (19/100): fabian-heck-2025-limited-104
[my-cards-profit]   ❌ No profit: acquistato 0.45€, market 0.44€ (-2.2%)
[my-cards-profit] Analizzando (20/100): daniil-khudyakov-2025-limited-624
[my-cards-profit]   ✅ PROFIT: acquistato 4.74€, market 6.24€ (+1.50€, +31.6%)
[my-cards-profit] Analizzando (21/100): harald-postl-2025-limited-193
[my-cards-profit]   ❌ No profit: acquistato 0.39€, market 0.35€ (-10.3%)
[my-cards-profit] Analizzando (22/100): lukas-johannes-blondal-petersson-2025-limited-359
[my-cards-profit]   ❌ No profit: acquistato 0.89€, market 0.89€ (+0.0%)
[my-cards-profit] Analizzando (23/100): min-gyu-jang-2026-limited-193
[my-cards-profit]   ⚠️ Prezzo acquisto non trovato
[my-cards-profit] Analizzando (24/100): ho-young-park-2026-limited-190
[my-cards-profit]   ⚠️ Prezzo acquisto non trovato
[my-cards-profit] Analizzando (25/100): jayden-reid-2001-08-29-2026-limited-201
[my-cards-profit]   ⚠️ Prezzo acquisto non trovato
[my-cards-profit] Analizzando (26/100): patryk-klimala-2026-limited-411
[my-cards-profit]   ⚠️ Prezzo acquisto non trovato
[my-cards-profit] Analizzando (27/100): simon-mignolet-2021-limited-148
[my-cards-profit]   ✅ PROFIT: acquistato 0.31€, market 0.33€ (+0.02€, +6.5%)
[my-cards-profit] Analizzando (28/100): bryan-soumare-2025-limited-50
[my-cards-profit]   ⚠️ Prezzo acquisto non trovato
[my-cards-profit] Analizzando (29/100): young-gwon-kim-2026-limited-335
[my-cards-profit]   ⚠️ Prezzo acquisto non trovato
[my-cards-profit] Analizzando (30/100): rocco-rios-novo-2026-limited-267
[my-cards-profit]   ✅ PROFIT: acquistato 1.68€, market 2.39€ (+0.71€, +42.3%)
[my-cards-profit] Analizzando (31/100): malcolm-fry-2026-limited-122
[my-cards-profit]   ✅ PROFIT: acquistato 0.60€, market 1.97€ (+1.37€, +228.3%)
[my-cards-profit] Analizzando (32/100): thiago-santos-santana-2026-limited-306
[my-cards-profit]   ⚠️ Prezzo acquisto non trovato
[my-cards-profit] Analizzando (33/100): adria-giner-pedrosa-2025-limited-609
[my-cards-profit]   ⚠️ Prezzo acquisto non trovato
[my-cards-profit] Analizzando (34/100): wesley-gassova-ribeiro-teixeira-2025-limited-238
[my-cards-profit]   ⚠️ Prezzo acquisto non trovato
[my-cards-profit] Analizzando (35/100): medin-gashi-2025-limited-301
[my-cards-profit]   ⚠️ Prezzo acquisto non trovato
[my-cards-profit] Analizzando (36/100): pascal-gross-2025-limited-881
[my-cards-profit]   ⚠️ Prezzo acquisto non trovato
[my-cards-profit] Analizzando (37/100): rick-meissen-2025-limited-514
[my-cards-profit]   ⚠️ Prezzo acquisto non trovato
[my-cards-profit] Analizzando (38/100): enrique-marlon-aguilar-2025-limited-387
[my-cards-profit]   ⚠️ Prezzo acquisto non trovato
[my-cards-profit] Analizzando (39/100): arno-verschueren-2025-limited-482
[my-cards-profit]   ⚠️ Prezzo acquisto non trovato
[my-cards-profit] Analizzando (40/100): gabriel-martinez-aguilera-2025-limited-626
[my-cards-profit]   ⚠️ Prezzo acquisto non trovato
[my-cards-profit] Analizzando (41/100): min-kyu-kim-1998-04-01-2026-limited-188
[my-cards-profit]   ⚠️ Prezzo acquisto non trovato
[my-cards-profit] Analizzando (42/100): dylan-vente-2025-limited-772
[my-cards-profit]   ⚠️ Prezzo acquisto non trovato
[my-cards-profit] Analizzando (43/100): dion-malone-2025-limited-229
[my-cards-profit]   ⚠️ Prezzo acquisto non trovato
[my-cards-profit] Analizzando (44/100): chan-ouk-lee-2026-limited-172
[my-cards-profit]   ⚠️ Prezzo acquisto non trovato
[my-cards-profit] Analizzando (45/100): dylan-chambost-2026-limited-434
[my-cards-profit]   ⚠️ Prezzo acquisto non trovato
[my-cards-profit] Analizzando (46/100): max-jimmy-dean-2025-limited-586
[my-cards-profit]   ⚠️ Prezzo acquisto non trovato
[my-cards-profit] Analizzando (47/100): yun-gu-kang-2026-limited-182
[my-cards-profit]   ⚠️ Prezzo acquisto non trovato
[my-cards-profit] Analizzando (48/100): tai-abed-2025-limited-118
[my-cards-profit]   ⚠️ Prezzo acquisto non trovato
[my-cards-profit] Analizzando (49/100): jose-guilherme-ribeiro-2025-limited-514
[my-cards-profit]   ⚠️ Prezzo acquisto non trovato
[my-cards-profit] Analizzando (50/100): neville-ogidi-nwankwo-2025-limited-289
[my-cards-profit]   ⚠️ Prezzo acquisto non trovato
[my-cards-profit] Analizzando (51/100): joel-mvuka-2025-limited-511
[my-cards-profit]   ⚠️ Prezzo acquisto non trovato
[my-cards-profit] Analizzando (52/100): thomas-hasal-2026-limited-215
[my-cards-profit]   ❌ No profit: acquistato 4.73€, market 3.40€ (-28.1%)
[my-cards-profit] Analizzando (53/100): chang-yong-lee-2026-limited-278
[my-cards-profit]   ⚠️ Prezzo acquisto non trovato
[my-cards-profit] Analizzando (54/100): yarek-gasiorowski-hernandis-2025-limited-918
[my-cards-profit]   ⚠️ Prezzo acquisto non trovato
[my-cards-profit] Analizzando (55/100): maximilian-grosser-2025-limited-534
[my-cards-profit]   ⚠️ Prezzo acquisto non trovato
[my-cards-profit] Analizzando (56/100): tai-abed-2025-limited-108
[my-cards-profit]   ⚠️ Prezzo acquisto non trovato
[my-cards-profit] Analizzando (57/100): marcel-heister-2025-limited-306
[my-cards-profit]   ⚠️ Prezzo acquisto non trovato
[my-cards-profit] Analizzando (58/100): ali-sowe-2023-limited-161
[my-cards-profit]   ❌ No profit: acquistato 0.40€, market 0.33€ (-17.5%)
[my-cards-profit] Analizzando (59/100): damjan-kovacevic-2004-08-28-2025-limited-277
[my-cards-profit]   ⚠️ Prezzo acquisto non trovato
[my-cards-profit] Analizzando (60/100): aruto-higuchi-2026-limited-211
[my-cards-profit]   ⚠️ Prezzo acquisto non trovato
[my-cards-profit] Analizzando (61/100): aaron-herrera-2026-limited-195
[my-cards-profit]   ⚠️ Prezzo acquisto non trovato
[my-cards-profit] Analizzando (62/100): strahinja-tanasijevic-2026-limited-185
[my-cards-profit]   ⚠️ Prezzo acquisto non trovato
[my-cards-profit] Analizzando (63/100): rafael-navarro-leal-2026-limited-518
[my-cards-profit]   ⚠️ Prezzo acquisto non trovato
[my-cards-profit] Analizzando (64/100): simon-graves-jensen-2025-limited-620
[my-cards-profit]   ⚠️ Prezzo acquisto non trovato
[my-cards-profit] Analizzando (65/100): ryuho-kikuchi-2026-limited-256
[my-cards-profit]   ⚠️ Prezzo acquisto non trovato
[my-cards-profit] Analizzando (66/100): hristiyan-ivaylov-petrov-2025-limited-503
[my-cards-profit]   ⚠️ Prezzo acquisto non trovato
[my-cards-profit] Analizzando (67/100): adrian-zendejas-rodriguez-2026-limited-225
[my-cards-profit]   ⚠️ Prezzo acquisto non trovato
[my-cards-profit] Analizzando (68/100): dariusz-piotr-stalmach-2025-limited-258
[my-cards-profit]   ✅ PROFIT: acquistato 0.64€, market 0.79€ (+0.15€, +23.4%)
[my-cards-profit] Analizzando (69/100): paulo-afonso-da-rocha-junior-2026-limited-311
[my-cards-profit]   ✅ PROFIT: acquistato 0.75€, market 1.30€ (+0.55€, +73.3%)
[my-cards-profit] Analizzando (70/100): issa-diop-2025-limited-747
[my-cards-profit]   ⚠️ Prezzo acquisto non trovato
[my-cards-profit] Analizzando (71/100): allan-tchaptchet-2025-limited-437
[my-cards-profit]   ⚠️ Prezzo acquisto non trovato
[my-cards-profit] Analizzando (72/100): ernest-appiah-nuamah-2025-limited-599
[my-cards-profit]   ⚠️ Prezzo acquisto non trovato
[my-cards-profit] Analizzando (73/100): samuel-junqua-2026-limited-178
[my-cards-profit]   ⚠️ Prezzo acquisto non trovato
[my-cards-profit] Analizzando (74/100): jaden-fernando-slory-2025-limited-476
[my-cards-profit]   ⚠️ Prezzo acquisto non trovato
[my-cards-profit] Analizzando (75/100): mats-seuntjens-2025-limited-380
[my-cards-profit]   ⚠️ Prezzo acquisto non trovato
[my-cards-profit] Analizzando (76/100): felix-hagmann-2025-limited-258
[my-cards-profit]   ⚠️ Prezzo acquisto non trovato
[my-cards-profit] Analizzando (77/100): adrian-simon-gill-2026-limited-170
[my-cards-profit]   ⚠️ Prezzo acquisto non trovato
[my-cards-profit] Analizzando (78/100): oskar-annell-2025-limited-345
[my-cards-profit]   ⚠️ Prezzo acquisto non trovato
[my-cards-profit] Analizzando (79/100): jonathan-sirois-2026-limited-276
[my-cards-profit]   ⚠️ Prezzo acquisto non trovato
[my-cards-profit] Analizzando (80/100): enis-destan-2025-limited-88
[my-cards-profit]   ⚠️ Prezzo acquisto non trovato
[my-cards-profit] Analizzando (81/100): kasper-dolberg-2023-limited-314
[my-cards-profit]   ⚠️ Prezzo acquisto non trovato
[my-cards-profit] Analizzando (82/100): thomas-delaney-2023-limited-334
[my-cards-profit]   ⚠️ Prezzo acquisto non trovato
[my-cards-profit] Analizzando (83/100): jan-vertonghen-2023-limited-103
[my-cards-profit]   ⚠️ Prezzo acquisto non trovato
[my-cards-profit] Analizzando (84/100): mats-rits-2023-limited-22
[my-cards-profit]   ⚠️ Prezzo acquisto non trovato
[my-cards-profit] Analizzando (85/100): christopher-brady-2026-limited-106
[my-cards-profit]   ⚠️ Prezzo acquisto non trovato
[my-cards-profit] Analizzando (86/100): anders-dreyer-2023-limited-210
[my-cards-profit]   ⚠️ Prezzo acquisto non trovato
[my-cards-profit] Analizzando (87/100): patryk-klimala-2026-limited-345
[my-cards-profit]   ❌ No profit: acquistato 3.30€, market 2.00€ (-39.4%)
[my-cards-profit] Analizzando (88/100): jae-hwan-hwang-2026-limited-150
[my-cards-profit]   ⚠️ Prezzo acquisto non trovato
[my-cards-profit] Analizzando (89/100): italo-moreira-barcelos-2026-limited-228
[my-cards-profit]   ⚠️ Prezzo acquisto non trovato
[my-cards-profit] Analizzando (90/100): hyeon-ug-kim-2026-limited-161
[my-cards-profit]   ⚠️ Prezzo acquisto non trovato
[my-cards-profit] Analizzando (91/100): demir-ege-tiknaz-2025-limited-598
[my-cards-profit]   ❌ No profit: acquistato 2.71€, market 0.79€ (-70.8%)
[my-cards-profit] Analizzando (92/100): si-woo-jin-2026-limited-207
[my-cards-profit]   ⚠️ Prezzo acquisto non trovato
[my-cards-profit] Analizzando (93/100): jae-min-ahn-2026-limited-196
[my-cards-profit]   ⚠️ Prezzo acquisto non trovato
[my-cards-profit] Analizzando (94/100): myung-guan-seo-2026-limited-131
[my-cards-profit]   ❌ No profit: acquistato 1.98€, market 1.39€ (-29.8%)
[my-cards-profit] Analizzando (95/100): cheong-hyo-park-2026-limited-373
[my-cards-profit]   ✅ PROFIT: acquistato 5.80€, market 14.84€ (+9.04€, +155.9%)
[my-cards-profit] Analizzando (96/100): marcos-vinicius-amaral-alves-2026-limited-252
[my-cards-profit]   ❌ No profit: acquistato 2.44€, market 2.30€ (-5.7%)
[my-cards-profit] Analizzando (97/100): cheol-woo-park-2024-limited-143
[my-cards-profit]   ✅ PROFIT: acquistato 0.44€, market 4.28€ (+3.84€, +872.7%)
[my-cards-profit] Analizzando (98/100): marcus-ingvartsen-2026-limited-447
[my-cards-profit]   ⚠️ Prezzo acquisto non trovato
[my-cards-profit] Analizzando (99/100): ian-fray-2026-limited-272
[my-cards-profit]   ✅ PROFIT: acquistato 1.50€, market 2.20€ (+0.70€, +46.7%)
[my-cards-profit] Analizzando (100/100): daniel-munie-2026-limited-76
[my-cards-profit]   ❌ No profit: acquistato 10.20€, market 3.00€ (-70.6%)
[my-cards-profit] Cursore aggiornato a 100/1923 (prossimo run riparte da li')
[my-cards-profit] Salvate 14 carte in profitto (skip permanente)
[my-cards-profit] Backlog (solo informativo) di questo giro: 72 carte senza prezzo di acquisto
[my-cards-profit] Totale carte con profit: 14
[my-cards-profit] Notifica blocco 1 inviata
[my-cards-profit] Notifica blocco 2 inviata
[my-cards-profit] Esecuzione terminata.

===== RUN 2026-07-23 22:04:42 UTC (scan_count=100) =====
[my-cards-profit] Inizio scan profit (100 carte per run)...
[my-cards-profit] Ricerca tutte le carte...
[my-cards-profit] Trovate 2003 carte
[my-cards-profit] 2003 carte totali, 12 gia' trovate in profitto (escluse), 1991 candidate per questo giro
[my-cards-profit] Ricerca cronologia acquisti (finestra 3650 giorni, max 100 pagine)...
[my-cards-profit] Cronologia acquisti: 3925 transazioni totali, 1906 carte con prezzo di acquisto attribuibile, 151 scartate (acquisti in bundle)
[my-cards-profit] Batch di questo giro: 100 carte (da indice 100)
[my-cards-profit] Analizzando (1/100): jayden-reid-2001-08-29-2026-limited-201
[my-cards-profit]   ⚠️ Prezzo acquisto non trovato
[my-cards-profit] Analizzando (2/100): patryk-klimala-2026-limited-411
[my-cards-profit]   ⚠️ Prezzo acquisto non trovato
[my-cards-profit] Analizzando (3/100): bryan-soumare-2025-limited-50
[my-cards-profit]   ⚠️ Prezzo acquisto non trovato
[my-cards-profit] Analizzando (4/100): young-gwon-kim-2026-limited-335
[my-cards-profit]   ⚠️ Prezzo acquisto non trovato
[my-cards-profit] Analizzando (5/100): thiago-santos-santana-2026-limited-306
[my-cards-profit]   ⚠️ Prezzo acquisto non trovato
[my-cards-profit] Analizzando (6/100): adria-giner-pedrosa-2025-limited-609
[my-cards-profit]   ⚠️ Prezzo acquisto non trovato
[my-cards-profit] Analizzando (7/100): wesley-gassova-ribeiro-teixeira-2025-limited-238
[my-cards-profit]   ⚠️ Prezzo acquisto non trovato
[my-cards-profit] Analizzando (8/100): medin-gashi-2025-limited-301
[my-cards-profit]   ⚠️ Prezzo acquisto non trovato
[my-cards-profit] Analizzando (9/100): pascal-gross-2025-limited-881
[my-cards-profit]   ⚠️ Prezzo acquisto non trovato
[my-cards-profit] Analizzando (10/100): rick-meissen-2025-limited-514
[my-cards-profit]   ⚠️ Prezzo acquisto non trovato
[my-cards-profit] Analizzando (11/100): enrique-marlon-aguilar-2025-limited-387
[my-cards-profit]   ⚠️ Prezzo acquisto non trovato
[my-cards-profit] Analizzando (12/100): arno-verschueren-2025-limited-482
[my-cards-profit]   ⚠️ Prezzo acquisto non trovato
[my-cards-profit] Analizzando (13/100): gabriel-martinez-aguilera-2025-limited-626
[my-cards-profit]   ⚠️ Prezzo acquisto non trovato
[my-cards-profit] Analizzando (14/100): min-kyu-kim-1998-04-01-2026-limited-188
[my-cards-profit]   ⚠️ Prezzo acquisto non trovato
[my-cards-profit] Analizzando (15/100): dylan-vente-2025-limited-772
[my-cards-profit]   ⚠️ Prezzo acquisto non trovato
[my-cards-profit] Analizzando (16/100): dion-malone-2025-limited-229
[my-cards-profit]   ⚠️ Prezzo acquisto non trovato
[my-cards-profit] Analizzando (17/100): chan-ouk-lee-2026-limited-172
[my-cards-profit]   ⚠️ Prezzo acquisto non trovato
[my-cards-profit] Analizzando (18/100): dylan-chambost-2026-limited-434
[my-cards-profit]   ⚠️ Prezzo acquisto non trovato
[my-cards-profit] Analizzando (19/100): max-jimmy-dean-2025-limited-586
[my-cards-profit]   ⚠️ Prezzo acquisto non trovato
[my-cards-profit] Analizzando (20/100): yun-gu-kang-2026-limited-182
[my-cards-profit]   ⚠️ Prezzo acquisto non trovato
[my-cards-profit] Analizzando (21/100): tai-abed-2025-limited-118
[my-cards-profit]   ⚠️ Prezzo acquisto non trovato
[my-cards-profit] Analizzando (22/100): jose-guilherme-ribeiro-2025-limited-514
[my-cards-profit]   ⚠️ Prezzo acquisto non trovato
[my-cards-profit] Analizzando (23/100): neville-ogidi-nwankwo-2025-limited-289
[my-cards-profit]   ⚠️ Prezzo acquisto non trovato
[my-cards-profit] Analizzando (24/100): joel-mvuka-2025-limited-511
[my-cards-profit]   ⚠️ Prezzo acquisto non trovato
[my-cards-profit] Analizzando (25/100): thomas-hasal-2026-limited-215
[my-cards-profit]   ❌ No profit: acquistato 4.73€, market 2.50€ (-47.1%)
[my-cards-profit] Analizzando (26/100): chang-yong-lee-2026-limited-278
[my-cards-profit]   ⚠️ Prezzo acquisto non trovato
[my-cards-profit] Analizzando (27/100): yarek-gasiorowski-hernandis-2025-limited-918
[my-cards-profit]   ⚠️ Prezzo acquisto non trovato
[my-cards-profit] Analizzando (28/100): maximilian-grosser-2025-limited-534
[my-cards-profit]   ⚠️ Prezzo acquisto non trovato
[my-cards-profit] Analizzando (29/100): tai-abed-2025-limited-108
[my-cards-profit]   ⚠️ Prezzo acquisto non trovato
[my-cards-profit] Analizzando (30/100): marcel-heister-2025-limited-306
[my-cards-profit]   ⚠️ Prezzo acquisto non trovato
[my-cards-profit] Analizzando (31/100): ali-sowe-2023-limited-161
[my-cards-profit]   ❌ No profit: acquistato 0.40€, market 0.33€ (-17.5%)
[my-cards-profit] Analizzando (32/100): damjan-kovacevic-2004-08-28-2025-limited-277
[my-cards-profit]   ⚠️ Prezzo acquisto non trovato
[my-cards-profit] Analizzando (33/100): aruto-higuchi-2026-limited-211
[my-cards-profit]   ⚠️ Prezzo acquisto non trovato
[my-cards-profit] Analizzando (34/100): aaron-herrera-2026-limited-195
[my-cards-profit]   ⚠️ Prezzo acquisto non trovato
[my-cards-profit] Analizzando (35/100): strahinja-tanasijevic-2026-limited-185
[my-cards-profit]   ⚠️ Prezzo acquisto non trovato
[my-cards-profit] Analizzando (36/100): rafael-navarro-leal-2026-limited-518
[my-cards-profit]   ⚠️ Prezzo acquisto non trovato
[my-cards-profit] Analizzando (37/100): simon-graves-jensen-2025-limited-620
[my-cards-profit]   ⚠️ Prezzo acquisto non trovato
[my-cards-profit] Analizzando (38/100): ryuho-kikuchi-2026-limited-256
[my-cards-profit]   ⚠️ Prezzo acquisto non trovato
[my-cards-profit] Analizzando (39/100): hristiyan-ivaylov-petrov-2025-limited-503
[my-cards-profit]   ⚠️ Prezzo acquisto non trovato
[my-cards-profit] Analizzando (40/100): adrian-zendejas-rodriguez-2026-limited-225
[my-cards-profit]   ⚠️ Prezzo acquisto non trovato
[my-cards-profit] Analizzando (41/100): issa-diop-2025-limited-747
[my-cards-profit]   ⚠️ Prezzo acquisto non trovato
[my-cards-profit] Analizzando (42/100): allan-tchaptchet-2025-limited-437
[my-cards-profit]   ⚠️ Prezzo acquisto non trovato
[my-cards-profit] Analizzando (43/100): ernest-appiah-nuamah-2025-limited-599
[my-cards-profit]   ⚠️ Prezzo acquisto non trovato
[my-cards-profit] Analizzando (44/100): samuel-junqua-2026-limited-178
[my-cards-profit]   ⚠️ Prezzo acquisto non trovato
[my-cards-profit] Analizzando (45/100): jaden-fernando-slory-2025-limited-476
[my-cards-profit]   ⚠️ Prezzo acquisto non trovato
[my-cards-profit] Analizzando (46/100): mats-seuntjens-2025-limited-380
[my-cards-profit]   ⚠️ Prezzo acquisto non trovato
[my-cards-profit] Analizzando (47/100): felix-hagmann-2025-limited-258
[my-cards-profit]   ⚠️ Prezzo acquisto non trovato
[my-cards-profit] Analizzando (48/100): adrian-simon-gill-2026-limited-170
[my-cards-profit]   ⚠️ Prezzo acquisto non trovato
[my-cards-profit] Analizzando (49/100): oskar-annell-2025-limited-345
[my-cards-profit]   ⚠️ Prezzo acquisto non trovato
[my-cards-profit] Analizzando (50/100): jonathan-sirois-2026-limited-276
[my-cards-profit]   ⚠️ Prezzo acquisto non trovato
[my-cards-profit] Analizzando (51/100): enis-destan-2025-limited-88
[my-cards-profit]   ⚠️ Prezzo acquisto non trovato
[my-cards-profit] Analizzando (52/100): kasper-dolberg-2023-limited-314
[my-cards-profit]   ⚠️ Prezzo acquisto non trovato
[my-cards-profit] Analizzando (53/100): thomas-delaney-2023-limited-334
[my-cards-profit]   ⚠️ Prezzo acquisto non trovato
[my-cards-profit] Analizzando (54/100): jan-vertonghen-2023-limited-103
[my-cards-profit]   ⚠️ Prezzo acquisto non trovato
[my-cards-profit] Analizzando (55/100): mats-rits-2023-limited-22
[my-cards-profit]   ⚠️ Prezzo acquisto non trovato
[my-cards-profit] Analizzando (56/100): christopher-brady-2026-limited-106
[my-cards-profit]   ⚠️ Prezzo acquisto non trovato
[my-cards-profit] Analizzando (57/100): anders-dreyer-2023-limited-210
[my-cards-profit]   ⚠️ Prezzo acquisto non trovato
[my-cards-profit] Analizzando (58/100): patryk-klimala-2026-limited-345
[my-cards-profit]   ✅ PROFIT: acquistato 3.30€, market 4.75€ (+1.45€, +43.9%)
[my-cards-profit] Analizzando (59/100): jae-hwan-hwang-2026-limited-150
[my-cards-profit]   ⚠️ Prezzo acquisto non trovato
[my-cards-profit] Analizzando (60/100): italo-moreira-barcelos-2026-limited-228
[my-cards-profit]   ⚠️ Prezzo acquisto non trovato
[my-cards-profit] Analizzando (61/100): hyeon-ug-kim-2026-limited-161
[my-cards-profit]   ⚠️ Prezzo acquisto non trovato
[my-cards-profit] Analizzando (62/100): demir-ege-tiknaz-2025-limited-598
[my-cards-profit]   ❌ No profit: acquistato 2.71€, market 1.39€ (-48.7%)
[my-cards-profit] Analizzando (63/100): si-woo-jin-2026-limited-207
[my-cards-profit]   ⚠️ Prezzo acquisto non trovato
[my-cards-profit] Analizzando (64/100): jae-min-ahn-2026-limited-196
[my-cards-profit]   ⚠️ Prezzo acquisto non trovato
[my-cards-profit] Analizzando (65/100): myung-guan-seo-2026-limited-131
[my-cards-profit]   ❌ No profit: acquistato 1.98€, market 2.39€ (+20.7%)
[my-cards-profit] Analizzando (66/100): marcos-vinicius-amaral-alves-2026-limited-252
[my-cards-profit]   ❌ No profit: acquistato 2.44€, market 1.40€ (-42.6%)
[my-cards-profit] Analizzando (67/100): marcus-ingvartsen-2026-limited-447
[my-cards-profit]   ⚠️ Prezzo acquisto non trovato
[my-cards-profit] Analizzando (68/100): daniel-munie-2026-limited-76
[my-cards-profit]   ❌ No profit: acquistato 10.20€, market 5.60€ (-45.1%)
[my-cards-profit] Analizzando (69/100): marcel-hartel-2026-limited-436
[my-cards-profit]   ⚠️ Prezzo acquisto non trovato
[my-cards-profit] Analizzando (70/100): freese-matthew-2026-limited-195
[my-cards-profit]   ❌ No profit: acquistato 16.00€, market 10.99€ (-31.3%)
[my-cards-profit] Analizzando (71/100): niko-tsakiris-2026-limited-386
[my-cards-profit]   ⚠️ Prezzo acquisto non trovato
[my-cards-profit] Analizzando (72/100): rafael-navarro-leal-2026-limited-462
[my-cards-profit]   ⚠️ Prezzo acquisto non trovato
[my-cards-profit] Analizzando (73/100): marino-skelin-2025-limited-370
[my-cards-profit]   ⚠️ Prezzo acquisto non trovato
[my-cards-profit] Analizzando (74/100): benjamin-craig-old-2025-limited-815
[my-cards-profit]   ⚠️ Prezzo acquisto non trovato
[my-cards-profit] Analizzando (75/100): miguel-angel-rubio-lestan-2025-limited-433
[my-cards-profit]   ⚠️ Prezzo acquisto non trovato
[my-cards-profit] Analizzando (76/100): natan-bernardo-de-souza-2025-limited-910
[my-cards-profit]   ⚠️ Prezzo acquisto non trovato
[my-cards-profit] Analizzando (77/100): panos-katseris-2025-limited-379
[my-cards-profit]   ⚠️ Prezzo acquisto non trovato
[my-cards-profit] Analizzando (78/100): joedrick-pupe-2025-limited-88
[my-cards-profit]   ❌ No profit: acquistato 0.39€, market 0.40€ (+2.6%)
[my-cards-profit] Analizzando (79/100): micael-dos-santos-silva-2026-limited-425
[my-cards-profit]   ⚠️ Prezzo acquisto non trovato
[my-cards-profit] Analizzando (80/100): ricardo-nick-louis-2026-limited-89
[my-cards-profit]   ⚠️ Prezzo acquisto non trovato
[my-cards-profit] Analizzando (81/100): belal-halbouni-2025-limited-306
[my-cards-profit]   ❌ No profit: acquistato 0.50€, market 0.40€ (-20.0%)
[my-cards-profit] Analizzando (82/100): vincenzo-grifo-2023-limited-201
[my-cards-profit]   ❌ No profit: acquistato 1.40€, market 0.50€ (-64.3%)
[my-cards-profit] Analizzando (83/100): nahuel-molina-lucero-2025-limited-70
[my-cards-profit]   ❌ No profit: acquistato 2.60€, market 0.51€ (-80.4%)
[my-cards-profit] Analizzando (84/100): yuta-nakayama-2025-limited-177
[my-cards-profit]   ❌ No profit: acquistato 1.50€, market 0.49€ (-67.3%)
[my-cards-profit] Analizzando (85/100): masatoshi-ishida-2026-limited-70
[my-cards-profit]   ❌ No profit: acquistato 2.08€, market 1.10€ (-47.1%)
[my-cards-profit] Analizzando (86/100): jeong-hyun-kim-2026-limited-175
[my-cards-profit]   ❌ No profit: acquistato 0.69€, market 0.65€ (-5.8%)
[my-cards-profit] Analizzando (87/100): nicholas-defreitas-hansen-2026-limited-314
[my-cards-profit]   ⚠️ Prezzo acquisto non trovato
[my-cards-profit] Analizzando (88/100): yannick-bright-2026-limited-384
[my-cards-profit]   ⚠️ Prezzo acquisto non trovato
[my-cards-profit] Analizzando (89/100): david-ayala-2026-limited-387
[my-cards-profit]   ⚠️ Prezzo acquisto non trovato
[my-cards-profit] Analizzando (90/100): maximilian-arfsten-2026-limited-397
[my-cards-profit]   ⚠️ Prezzo acquisto non trovato
[my-cards-profit] Analizzando (91/100): isa-sakamoto-2025-limited-761
[my-cards-profit]   ⚠️ Prezzo acquisto non trovato
[my-cards-profit] Analizzando (92/100): malte-amundsen-2026-limited-409
[my-cards-profit]   ⚠️ Prezzo acquisto non trovato
[my-cards-profit] Analizzando (93/100): dong-ryul-lee-2026-limited-137
[my-cards-profit]   ✅ PROFIT: acquistato 1.15€, market 2.03€ (+0.88€, +76.5%)
[my-cards-profit] Analizzando (94/100): jeppe-tverskov-2026-limited-469
[my-cards-profit]   ⚠️ Prezzo acquisto non trovato
[my-cards-profit] Analizzando (95/100): patrick-schulte-2026-limited-380
[my-cards-profit]   ⚠️ Prezzo acquisto non trovato
[my-cards-profit] Analizzando (96/100): yudai-kimura-2024-limited-64
[my-cards-profit]   ❌ No profit: acquistato 0.64€, market 0.50€ (-21.9%)
[my-cards-profit] Analizzando (97/100): federico-matias-zaracho-2021-limited-144
[my-cards-profit]   ❌ No profit: acquistato 0.45€, market 0.79€ (+75.6%)
[my-cards-profit] Analizzando (98/100): brayan-andres-ceballos-jimenez-2026-limited-311
[my-cards-profit]   ⚠️ Prezzo acquisto non trovato
[my-cards-profit] Analizzando (99/100): mihail-gherasimencov-2026-limited-209
[my-cards-profit]   ❌ No profit: acquistato 1.00€, market 1.40€ (+40.0%)
[my-cards-profit] Analizzando (100/100): halil-ozdemir-2025-limited-126
[my-cards-profit]   ⚠️ Prezzo acquisto non trovato
[my-cards-profit] Cursore aggiornato a 200/1991 (prossimo run riparte da li')
[my-cards-profit] Salvate 2 carte in profitto (skip permanente)
[my-cards-profit] Backlog (solo informativo) di questo giro: 81 carte senza prezzo di acquisto
[my-cards-profit] Totale carte con profit: 2
[my-cards-profit] Notifica blocco 1 inviata
[my-cards-profit] Esecuzione terminata.

===== RUN 2026-08-03 19:58:49 UTC (scan_count=100) =====
[my-cards-profit] Inizio scan profit (100 carte per run)...
[my-cards-profit] Ricerca tutte le carte...
[my-cards-profit] Trovate 2004 carte
[my-cards-profit] 2004 carte totali, 12 gia' trovate in profitto (escluse), 1992 candidate per questo giro
[my-cards-profit] Ricerca cronologia acquisti (finestra 3650 giorni, max 100 pagine)...
[my-cards-profit] Cronologia acquisti: 4082 transazioni totali, 1982 carte con prezzo di acquisto attribuibile, 151 scartate (acquisti in bundle)
[my-cards-profit] Batch di questo giro: 100 carte (da indice 200)
[my-cards-profit] Analizzando (1/100): halil-ozdemir-2025-limited-126
[my-cards-profit]   ⚠️ Prezzo acquisto non trovato
[my-cards-profit] Analizzando (2/100): robert-jan-vanwesemael-2025-limited-521
[my-cards-profit]   ⚠️ Prezzo acquisto non trovato
[my-cards-profit] Analizzando (3/100): marcelo-ryan-silvestre-2025-limited-4
[my-cards-profit]   ❌ No profit: acquistato 0.64€, market 0.41€ (-35.9%)
[my-cards-profit] Analizzando (4/100): bjorn-inge-utvik-2025-limited-252
[my-cards-profit]   ❌ No profit: acquistato 0.95€, market 0.50€ (-47.4%)
[my-cards-profit] Analizzando (5/100): cristiano-paulo-santos-oliveira-2026-limited-149
[my-cards-profit]   ⚠️ Prezzo acquisto non trovato
[my-cards-profit] Analizzando (6/100): oscar-anthony-verhoeven-2026-limited-228
[my-cards-profit]   ⚠️ Prezzo acquisto non trovato
[my-cards-profit] Analizzando (7/100): daniel-cardenas-lindez-2025-limited-529
[my-cards-profit]   ❌ No profit: acquistato 0.97€, market 0.70€ (-27.8%)
[my-cards-profit] Analizzando (8/100): noah-cobb-2026-limited-164
[my-cards-profit]   ⚠️ Prezzo acquisto non trovato
[my-cards-profit] Analizzando (9/100): ryan-hollingshead-2026-limited-273
[my-cards-profit]   ⚠️ Prezzo acquisto non trovato
[my-cards-profit] Analizzando (10/100): miguel-perez-2026-limited-159
[my-cards-profit]   ⚠️ Prezzo acquisto non trovato
[my-cards-profit] Analizzando (11/100): jackson-yueill-2026-limited-191
[my-cards-profit]   ⚠️ Prezzo acquisto non trovato
[my-cards-profit] Analizzando (12/100): aziel-jackson-2026-limited-304
[my-cards-profit]   ⚠️ Prezzo acquisto non trovato
[my-cards-profit] Analizzando (13/100): dor-david-turgeman-2026-limited-297
[my-cards-profit]   ⚠️ Prezzo acquisto non trovato
[my-cards-profit] Analizzando (14/100): rui-tiago-dantas-da-silva-2023-limited-214
[my-cards-profit]   ✅ PROFIT: acquistato 5.15€, market 11.50€ (+6.35€, +123.3%)
[my-cards-profit] Analizzando (15/100): leonardo-de-sousa-pereira-2024-limited-463
[my-cards-profit]   ❌ No profit: acquistato 5.00€, market 2.19€ (-56.2%)
[my-cards-profit] Analizzando (16/100): alex-eduardo-valera-sandoval-2023-limited-150
[my-cards-profit]   ❌ No profit: acquistato 1.10€, market 1.41€ (+28.2%)
[my-cards-profit] Analizzando (17/100): mathieu-michel-2023-limited-154
[my-cards-profit]   ❌ No profit: acquistato 0.41€, market 0.34€ (-17.1%)
[my-cards-profit] Analizzando (18/100): birk-risa-2025-limited-122
[my-cards-profit]   ❌ No profit: acquistato 0.40€, market 0.59€ (+47.5%)
[my-cards-profit] Analizzando (19/100): hamady-diop-2024-limited-124
[my-cards-profit]   ❌ No profit: acquistato 0.40€, market 0.48€ (+20.0%)
[my-cards-profit] Analizzando (20/100): furkan-beklevic-2023-limited-36
[my-cards-profit]   ⚠️ Prezzo market non trovato
[my-cards-profit] Analizzando (21/100): ben-hamer-2023-limited-181
[my-cards-profit]   ❌ No profit: acquistato 0.40€, market 0.45€ (+12.5%)
[my-cards-profit] Analizzando (22/100): giuseppe-bovalina-2024-limited-33
[my-cards-profit]   ❌ No profit: acquistato 0.49€, market 0.48€ (-2.0%)
[my-cards-profit] Analizzando (23/100): wilson-eisner-2026-limited-218
[my-cards-profit]   ⚠️ Prezzo acquisto non trovato
[my-cards-profit] Analizzando (24/100): alex-muyl-2025-limited-385
[my-cards-profit]   ❌ No profit: acquistato 0.39€, market 0.34€ (-12.8%)
[my-cards-profit] Analizzando (25/100): teal-bunbury-2025-limited-238
[my-cards-profit]   ❌ No profit: acquistato 0.98€, market 0.40€ (-59.2%)
[my-cards-profit] Analizzando (26/100): wyatt-meyer-2025-limited-70
[my-cards-profit]   ❌ No profit: acquistato 0.56€, market 0.57€ (+1.8%)
[my-cards-profit] Analizzando (27/100): kieran-sargeant-2026-limited-234
[my-cards-profit]   ⚠️ Prezzo acquisto non trovato
[my-cards-profit] Analizzando (28/100): mamadou-fofana-2026-limited-321
[my-cards-profit]   ⚠️ Prezzo acquisto non trovato
[my-cards-profit] Analizzando (29/100): adrian-wibowo-2026-limited-225
[my-cards-profit]   ⚠️ Prezzo acquisto non trovato
[my-cards-profit] Analizzando (30/100): jack-skahan-2026-limited-176
[my-cards-profit]   ⚠️ Prezzo acquisto non trovato
[my-cards-profit] Analizzando (31/100): bryce-duke-2026-limited-191
[my-cards-profit]   ⚠️ Prezzo acquisto non trovato
[my-cards-profit] Analizzando (32/100): steven-berghuis-2025-limited-453
[my-cards-profit]   ❌ No profit: acquistato 3.23€, market 2.00€ (-38.1%)
[my-cards-profit] Analizzando (33/100): grady-diangana-2025-limited-108
[my-cards-profit]   ❌ No profit: acquistato 0.59€, market 0.34€ (-42.4%)
[my-cards-profit] Analizzando (34/100): victor-chust-garcia-2025-limited-293
[my-cards-profit]   ❌ No profit: acquistato 0.59€, market 0.48€ (-18.6%)
[my-cards-profit] Analizzando (35/100): andre-miguel-valente-silva-2025-limited-343
[my-cards-profit]   ✅ PROFIT: acquistato 1.05€, market 2.02€ (+0.97€, +92.4%)
[my-cards-profit] Analizzando (36/100): georgi-minoungou-2026-limited-223
[my-cards-profit]   ⚠️ Prezzo acquisto non trovato
[my-cards-profit] Analizzando (37/100): renan-guedes-borges-2025-limited-273
[my-cards-profit]   ⚠️ Prezzo acquisto non trovato
[my-cards-profit] Analizzando (38/100): tadeo-allende-2026-limited-426
[my-cards-profit]   ⚠️ Prezzo acquisto non trovato
[my-cards-profit] Analizzando (39/100): andrew-gutman-2026-limited-296
[my-cards-profit]   ⚠️ Prezzo acquisto non trovato
[my-cards-profit] Analizzando (40/100): tristan-blackmon-2026-limited-364
[my-cards-profit]   ⚠️ Prezzo acquisto non trovato
[my-cards-profit] Analizzando (41/100): yuji-kitajima-2026-limited-193
[my-cards-profit]   ⚠️ Prezzo acquisto non trovato
[my-cards-profit] Analizzando (42/100): aleksandr-siljanov-2021-limited-102
[my-cards-profit]   ⚠️ Prezzo acquisto non trovato
[my-cards-profit] Analizzando (43/100): matias-ezequiel-dituro-2025-limited-663
[my-cards-profit]   ❌ No profit: acquistato 3.45€, market 2.10€ (-39.1%)
[my-cards-profit] Analizzando (44/100): oliver-torres-munoz-2021-limited-39
[my-cards-profit]   ✅ PROFIT: acquistato 1.99€, market 3.63€ (+1.64€, +82.4%)
[my-cards-profit] Analizzando (45/100): chibuike-godfrey-nwaiwu-2025-limited-366
[my-cards-profit]   ❌ No profit: acquistato 1.80€, market 0.94€ (-47.8%)
[my-cards-profit] Analizzando (46/100): clinton-nsiala-makengo-2025-limited-398
[my-cards-profit]   ⚠️ Prezzo acquisto non trovato
[my-cards-profit] Analizzando (47/100): sanel-saljic-2025-limited-369
[my-cards-profit]   ⚠️ Prezzo acquisto non trovato
[my-cards-profit] Analizzando (48/100): lucas-boel-hey-2025-limited-778
[my-cards-profit]   ⚠️ Prezzo acquisto non trovato
[my-cards-profit] Analizzando (49/100): min-seo-moon-2026-limited-212
[my-cards-profit]   ⚠️ Prezzo acquisto non trovato
[my-cards-profit] Analizzando (50/100): stefan-mugosa-2026-limited-383
[my-cards-profit]   ⚠️ Prezzo acquisto non trovato
[my-cards-profit] Analizzando (51/100): dae-won-kim-2026-limited-35
[my-cards-profit]   ✅ PROFIT: acquistato 3.44€, market 6.99€ (+3.55€, +103.2%)
[my-cards-profit] Analizzando (52/100): christopher-mcvey-2026-limited-333
[my-cards-profit]   ⚠️ Prezzo acquisto non trovato
[my-cards-profit] Analizzando (53/100): andrew-thomas-1998-09-01-2026-limited-362
[my-cards-profit]   ⚠️ Prezzo acquisto non trovato
[my-cards-profit] Analizzando (54/100): cabral-jones-carter-2026-limited-233
[my-cards-profit]   ⚠️ Prezzo acquisto non trovato
[my-cards-profit] Analizzando (55/100): thomas-muller-2026-limited-416
[my-cards-profit]   ⚠️ Prezzo acquisto non trovato
[my-cards-profit] Analizzando (56/100): jacob-shaffelburg-2026-limited-240
[my-cards-profit]   ⚠️ Prezzo acquisto non trovato
[my-cards-profit] Analizzando (57/100): brian-white-2026-limited-346
[my-cards-profit]   ⚠️ Prezzo acquisto non trovato
[my-cards-profit] Analizzando (58/100): darijan-bojanic-2023-limited-141
[my-cards-profit]   ❌ No profit: acquistato 3.30€, market 0.48€ (-85.5%)
[my-cards-profit] Analizzando (59/100): dong-kyung-lee-2026-limited-104
[my-cards-profit]   ❌ No profit: acquistato 12.00€, market 10.99€ (-8.4%)
[my-cards-profit] Analizzando (60/100): pau-navarro-badenes-2025-limited-413
[my-cards-profit]   ⚠️ Prezzo acquisto non trovato
[my-cards-profit] Analizzando (61/100): moses-usor-2025-limited-765
[my-cards-profit]   ⚠️ Prezzo acquisto non trovato
[my-cards-profit] Analizzando (62/100): joan-garcia-pons-2025-limited-741
[my-cards-profit]   ❌ No profit: acquistato 43.00€, market 29.00€ (-32.6%)
[my-cards-profit] Analizzando (63/100): robert-kenedy-nunes-do-nascimento-2023-limited-103
[my-cards-profit]   ❌ No profit: acquistato 0.59€, market 0.52€ (-11.9%)
[my-cards-profit] Analizzando (64/100): yari-verschaeren-2022-limited-45
[my-cards-profit]   ❌ No profit: acquistato 0.60€, market 0.33€ (-45.0%)
[my-cards-profit] Analizzando (65/100): william-paul-yarbrough-story-2026-limited-188
[my-cards-profit]   ⚠️ Prezzo acquisto non trovato
[my-cards-profit] Analizzando (66/100): kerim-sam-alajbegovic-2025-limited-689
[my-cards-profit]   ❌ No profit: acquistato 16.15€, market 8.25€ (-48.9%)
[my-cards-profit] Analizzando (67/100): artem-smolyakov-2026-limited-221
[my-cards-profit]   ⚠️ Prezzo acquisto non trovato
[my-cards-profit] Analizzando (68/100): jae-hyeok-oh-2026-limited-135
[my-cards-profit]   ✅ PROFIT: acquistato 0.75€, market 2.10€ (+1.35€, +180.0%)
[my-cards-profit] Analizzando (69/100): myung-sun-kim-2026-limited-23
[my-cards-profit]   ❌ No profit: acquistato 3.30€, market 1.52€ (-53.9%)
[my-cards-profit] Analizzando (70/100): tae-hee-lee-2026-limited-152
[my-cards-profit]   ❌ No profit: acquistato 1.89€, market 0.69€ (-63.5%)
[my-cards-profit] Analizzando (71/100): ranko-veselinovic-2026-limited-204
[my-cards-profit]   ⚠️ Prezzo acquisto non trovato
[my-cards-profit] Analizzando (72/100): hyeon-mu-kang-2026-limited-111
[my-cards-profit]   ❌ No profit: acquistato 1.94€, market 0.99€ (-49.0%)
[my-cards-profit] Analizzando (73/100): pil-gwan-ko-2026-limited-52
[my-cards-profit]   ⚠️ Prezzo market non trovato
[my-cards-profit] Analizzando (74/100): joao-pedro-costa-gamboa-2026-limited-174
[my-cards-profit]   ❌ No profit: acquistato 0.85€, market 1.10€ (+29.4%)
[my-cards-profit] Analizzando (75/100): sang-myung-lee-2026-limited-130
[my-cards-profit]   ❌ No profit: acquistato 0.61€, market 0.80€ (+31.1%)
[my-cards-profit] Analizzando (76/100): ju-hyeong-kim-2007-08-20-2026-limited-142
[my-cards-profit]   ❌ No profit: acquistato 0.99€, market 0.64€ (-35.4%)
[my-cards-profit] Analizzando (77/100): chang-geun-lee-2026-limited-199
[my-cards-profit]   ❌ No profit: acquistato 4.91€, market 3.50€ (-28.7%)
[my-cards-profit] Analizzando (78/100): moon-hwan-kim-2026-limited-273
[my-cards-profit]   ❌ No profit: acquistato 2.50€, market 1.99€ (-20.4%)
[my-cards-profit] Analizzando (79/100): kimito-nono-2025-limited-194
[my-cards-profit]   ❌ No profit: acquistato 1.56€, market 0.57€ (-63.5%)
[my-cards-profit] Analizzando (80/100): moon-hwan-kim-2025-limited-59
[my-cards-profit]   ❌ No profit: acquistato 0.50€, market 0.50€ (+0.0%)
[my-cards-profit] Analizzando (81/100): adrian-alonso-martinez-batista-2026-limited-225
[my-cards-profit]   ⚠️ Prezzo acquisto non trovato
[my-cards-profit] Analizzando (82/100): antino-lopez-2026-limited-132
[my-cards-profit]   ⚠️ Prezzo acquisto non trovato
[my-cards-profit] Analizzando (83/100): tyler-austin-hall-2026-limited-233
[my-cards-profit]   ⚠️ Prezzo acquisto non trovato
[my-cards-profit] Analizzando (84/100): malachi-jones-2026-limited-146
[my-cards-profit]   ⚠️ Prezzo acquisto non trovato
[my-cards-profit] Analizzando (85/100): xavier-valdez-2026-limited-191
[my-cards-profit]   ⚠️ Prezzo acquisto non trovato
[my-cards-profit] Analizzando (86/100): hassani-dotson-2026-limited-226
[my-cards-profit]   ⚠️ Prezzo acquisto non trovato
[my-cards-profit] Analizzando (87/100): josh-cohen-2026-limited-161
[my-cards-profit]   ⚠️ Prezzo acquisto non trovato
[my-cards-profit] Analizzando (88/100): kenny-nielsen-2026-limited-215
[my-cards-profit]   ⚠️ Prezzo acquisto non trovato
[my-cards-profit] Analizzando (89/100): jamar-ricketts-2026-limited-225
[my-cards-profit]   ⚠️ Prezzo acquisto non trovato
[my-cards-profit] Analizzando (90/100): adrian-zendejas-rodriguez-2026-limited-205
[my-cards-profit]   ⚠️ Prezzo acquisto non trovato
[my-cards-profit] Analizzando (91/100): ricardo-luis-chaby-mangas-2025-limited-558
[my-cards-profit]   ⚠️ Prezzo acquisto non trovato
[my-cards-profit] Analizzando (92/100): aimen-moueffek-2025-limited-711
[my-cards-profit]   ⚠️ Prezzo acquisto non trovato
[my-cards-profit] Analizzando (93/100): osaze-de-rosario-2026-limited-230
[my-cards-profit]   ⚠️ Prezzo acquisto non trovato
[my-cards-profit] Analizzando (94/100): dominik-weixelbraun-2025-limited-263
[my-cards-profit]   ⚠️ Prezzo acquisto non trovato
[my-cards-profit] Analizzando (95/100): yussuf-yurary-poulsen-2025-limited-359
[my-cards-profit]   ⚠️ Prezzo acquisto non trovato
[my-cards-profit] Analizzando (96/100): donovan-parisian-2026-limited-166
[my-cards-profit]   ⚠️ Prezzo acquisto non trovato
[my-cards-profit] Analizzando (97/100): gi-hyuk-lee-2026-limited-324
[my-cards-profit]   ⚠️ Prezzo acquisto non trovato
[my-cards-profit] Analizzando (98/100): griffin-yow-2026-limited-265
[my-cards-profit]   ⚠️ Prezzo acquisto non trovato
[my-cards-profit] Analizzando (99/100): juan-antonio-ros-martinez-2026-limited-247
[my-cards-profit]   ⚠️ Prezzo acquisto non trovato
[my-cards-profit] Analizzando (100/100): matt-polster-2026-limited-186
[my-cards-profit]   ⚠️ Prezzo acquisto non trovato
[my-cards-profit] Cursore aggiornato a 300/1992 (prossimo run riparte da li')
[my-cards-profit] Salvate 5 carte in profitto (skip permanente)
[my-cards-profit] Backlog (solo informativo) di questo giro: 59 carte senza prezzo di acquisto
[my-cards-profit] Totale carte con profit: 5
[my-cards-profit] Notifica blocco 1 inviata
[my-cards-profit] Esecuzione terminata.

===== RUN 2026-08-10 14:46:52 UTC (scan_count=3000) =====
[my-cards-profit] Inizio scan profit (3000 carte per run)...
[my-cards-profit] Ricerca tutte le carte...
[my-cards-profit] Trovate 2019 carte
[my-cards-profit] 2019 carte totali, 16 gia' notificate (escluse), 2003 candidate per questo giro
[my-cards-profit] Ricerca cronologia acquisti/scambi (finestra 3650 giorni, max 100 pagine)...
[my-cards-profit] Cronologia trade: 3718 transazioni totali, 1998 carte con prezzo di acquisto attribuibile, 36 scartate (acquisti in bundle), 498 carte ricevute in scambio
[my-cards-profit] Ricerca aste vinte (finestra 3650 giorni, max 100 pagine)...
[my-cards-profit] Aste esaminate: 5000, 5573 carte con prezzo d'asta attribuibile
[my-cards-profit] Batch di questo giro: 2003 carte (da indice 300)
[my-cards-profit] Analizzando (1/2003): adrian-zendejas-rodriguez-2026-limited-205
[my-cards-profit]   ❌ No profit: acquistato 2.00€, market 0.54€ (-73.2%)
[my-cards-profit] Analizzando (2/2003): ricardo-luis-chaby-mangas-2025-limited-558
[my-cards-profit]   ➖ Nessun acquisto noto, market 0.48€ (sotto soglia)
[my-cards-profit] Analizzando (3/2003): aimen-moueffek-2025-limited-711
[my-cards-profit]   ➖ Nessun acquisto noto, market 0.34€ (sotto soglia)
[my-cards-profit] Analizzando (4/2003): osaze-de-rosario-2026-limited-230
[my-cards-profit]   ❌ No profit: acquistato 2.00€, market 0.50€ (-74.9%)
[my-cards-profit] Analizzando (5/2003): dominik-weixelbraun-2025-limited-263
[my-cards-profit]   🔁 Ricevuta in scambio, esclusa (nessun costo in euro quantificabile)
[my-cards-profit] Analizzando (6/2003): yussuf-yurary-poulsen-2025-limited-359
[my-cards-profit]   🔁 Ricevuta in scambio, esclusa (nessun costo in euro quantificabile)
[my-cards-profit] Analizzando (7/2003): donovan-parisian-2026-limited-166
[my-cards-profit]   ❌ No profit: acquistato 2.00€, market 2.00€ (+0.0%)
[my-cards-profit] Analizzando (8/2003): gi-hyuk-lee-2026-limited-324
[my-cards-profit]   ❌ No profit: acquistato 16.02€, market 5.84€ (-63.5%)
[my-cards-profit] Analizzando (9/2003): griffin-yow-2026-limited-265
[my-cards-profit]   ❌ No profit: acquistato 2.20€, market 0.84€ (-61.8%)
[my-cards-profit] Analizzando (10/2003): juan-antonio-ros-martinez-2026-limited-247
[my-cards-profit]   ❌ No profit: acquistato 7.13€, market 2.96€ (-58.5%)
[my-cards-profit] Analizzando (11/2003): matt-polster-2026-limited-186
[my-cards-profit]   ❌ No profit: acquistato 2.00€, market 1.75€ (-12.5%)
[my-cards-profit] Analizzando (12/2003): william-kumado-2026-limited-216
[my-cards-profit]   ❌ No profit: acquistato 2.00€, market 0.61€ (-69.7%)
[my-cards-profit] Analizzando (13/2003): sung-yun-gu-2026-limited-330
[my-cards-profit]   ❌ No profit: acquistato 13.38€, market 4.93€ (-63.2%)
[my-cards-profit] Analizzando (14/2003): ariath-deng-piol-2026-limited-174
[my-cards-profit]   ❌ No profit: acquistato 2.00€, market 0.48€ (-76.0%)
[my-cards-profit] Analizzando (15/2003): dong-jun-kim-2026-limited-314
[my-cards-profit]   ❌ No profit: acquistato 9.90€, market 2.63€ (-73.4%)
[my-cards-profit] Analizzando (16/2003): julien-celestine-2026-limited-296
[my-cards-profit]   ❌ No profit: acquistato 10.67€, market 1.00€ (-90.6%)
[my-cards-profit] Analizzando (17/2003): gonzalo-lujan-melli-2026-limited-311
[my-cards-profit]   ❌ No profit: acquistato 2.80€, market 0.69€ (-75.4%)
[my-cards-profit] Analizzando (18/2003): isaac-boehmer-2026-limited-232
[my-cards-profit]   ❌ No profit: acquistato 2.00€, market 1.50€ (-25.0%)
[my-cards-profit] Analizzando (19/2003): lorenzo-dellavalle-2026-limited-207
[my-cards-profit]   ❌ No profit: acquistato 2.00€, market 0.97€ (-51.5%)
[my-cards-profit] Analizzando (20/2003): airton-moises-santos-sousa-2026-limited-7
[my-cards-profit]   ❌ No profit: acquistato 2.36€, market 0.49€ (-79.2%)
[my-cards-profit] Analizzando (21/2003): jefferson-fernando-isidio-2026-limited-310
[my-cards-profit]   ❌ No profit: acquistato 4.44€, market 1.39€ (-68.7%)
[my-cards-profit] Analizzando (22/2003): cesar-jasib-montes-castro-2023-limited-125
[my-cards-profit]   ❌ No profit: acquistato 3.20€, market 0.70€ (-78.1%)
[my-cards-profit] Analizzando (23/2003): kevin-pedro-2025-limited-129
[my-cards-profit]   ❌ No profit: acquistato 5.47€, market 4.00€ (-26.9%)
[my-cards-profit] Analizzando (24/2003): jason-shokalook-2026-limited-154
[my-cards-profit]   ❌ No profit: acquistato 1.98€, market 0.58€ (-70.5%)
[my-cards-profit] Analizzando (25/2003): tristan-brown-2026-limited-155
[my-cards-profit]   ❌ No profit: acquistato 1.98€, market 0.78€ (-60.7%)
[my-cards-profit] Analizzando (26/2003): cooper-flax-2026-limited-141
[my-cards-profit]   ❌ No profit: acquistato 2.18€, market 1.10€ (-49.5%)
[my-cards-profit] Analizzando (27/2003): afonso-cruz-patrao-2025-limited-99
[my-cards-profit]   ❌ No profit: acquistato 0.59€, market 0.82€ (+39.0%)
[my-cards-profit] Analizzando (28/2003): matthew-dominic-evans-wolff-2026-limited-196
[my-cards-profit]   ❌ No profit: acquistato 1.98€, market 0.96€ (-51.5%)
[my-cards-profit] Analizzando (29/2003): joe-willis-2026-limited-252
[my-cards-profit]   ❌ No profit: acquistato 1.98€, market 1.36€ (-31.5%)
[my-cards-profit] Analizzando (30/2003): ian-pilcher-2026-limited-265
[my-cards-profit]   ❌ No profit: acquistato 1.98€, market 0.49€ (-75.3%)
[my-cards-profit] Analizzando (31/2003): ruben-gonzalez-alves-2022-limited-46
[my-cards-profit]   ❌ No profit: acquistato 0.41€, market 0.45€ (+9.8%)
[my-cards-profit] Analizzando (32/2003): sergio-guardiola-navarro-2021-limited-55
[my-cards-profit]   ❌ No profit: acquistato 0.41€, market 0.33€ (-19.8%)
[my-cards-profit] Analizzando (33/2003): tyler-miller-2026-limited-192
[my-cards-profit]   ❌ No profit: acquistato 1.98€, market 1.81€ (-8.7%)
[my-cards-profit] Analizzando (34/2003): alejandro-alvarado-jr-2026-limited-204
[my-cards-profit]   ❌ No profit: acquistato 1.98€, market 2.16€ (+9.3%)
[my-cards-profit] Analizzando (35/2003): nick-fernandez-2026-limited-162
[my-cards-profit]   ❌ No profit: acquistato 1.98€, market 0.69€ (-65.2%)
[my-cards-profit] Analizzando (36/2003): yazan-abo-alarab-2026-limited-266
[my-cards-profit]   ❌ No profit: acquistato 4.98€, market 3.26€ (-34.5%)
[my-cards-profit] Analizzando (37/2003): marc-leonard-2025-limited-216
[my-cards-profit]   ❌ No profit: acquistato 4.13€, market 0.42€ (-89.8%)
[my-cards-profit] Analizzando (38/2003): matheus-oliveira-santos-2026-limited-1
[my-cards-profit]   ❌ No profit: acquistato 13.11€, market 7.72€ (-41.1%)
[my-cards-profit] Analizzando (39/2003): darijan-bojanic-2026-limited-337
[my-cards-profit]   ❌ No profit: acquistato 12.00€, market 0.99€ (-91.8%)
[my-cards-profit] Analizzando (40/2003): gyu-seong-lee-2026-limited-269
[my-cards-profit]   ❌ No profit: acquistato 6.00€, market 1.50€ (-75.0%)
[my-cards-profit] Analizzando (41/2003): jorge-luiz-barbosa-teixeira-2026-limited-262
[my-cards-profit]   ❌ No profit: acquistato 2.78€, market 0.54€ (-80.6%)
[my-cards-profit] Analizzando (42/2003): reed-baker-whiting-2025-limited-164
[my-cards-profit]   ❌ No profit: acquistato 0.60€, market 0.34€ (-43.3%)
[my-cards-profit] Analizzando (43/2003): ryan-kent-2025-limited-168
[my-cards-profit]   ❌ No profit: acquistato 0.59€, market 0.34€ (-42.8%)
[my-cards-profit] Analizzando (44/2003): seung-hyun-jung-2026-limited-187
[my-cards-profit]   ❌ No profit: acquistato 1.98€, market 1.31€ (-33.6%)
[my-cards-profit] Analizzando (45/2003): ryan-sailor-2026-limited-169
[my-cards-profit]   ❌ No profit: acquistato 1.96€, market 0.64€ (-67.3%)
[my-cards-profit] Analizzando (46/2003): pedro-jose-soma-2026-limited-246
[my-cards-profit]   ❌ No profit: acquistato 1.96€, market 0.66€ (-66.5%)
[my-cards-profit] Analizzando (47/2003): nico-cavallo-2026-limited-159
[my-cards-profit]   ❌ No profit: acquistato 1.96€, market 1.34€ (-31.4%)
[my-cards-profit] Analizzando (48/2003): kolbeinn-birgir-finnsson-2025-limited-231
[my-cards-profit]   ❌ No profit: acquistato 6.50€, market 0.99€ (-84.8%)
[my-cards-profit] Analizzando (49/2003): arif-bosluk-2025-limited-409
[my-cards-profit]   ❌ No profit: acquistato 0.56€, market 0.34€ (-39.7%)
[my-cards-profit] Analizzando (50/2003): luis-barraza-2026-limited-245
[my-cards-profit]   ❌ No profit: acquistato 1.96€, market 0.94€ (-52.0%)
[my-cards-profit] Analizzando (51/2003): tanner-beason-2026-limited-174
[my-cards-profit]   ❌ No profit: acquistato 1.96€, market 0.96€ (-51.1%)
[my-cards-profit] Analizzando (52/2003): david-ruiz-2004-02-08-2026-limited-230
[my-cards-profit]   ❌ No profit: acquistato 1.96€, market 0.95€ (-51.5%)
[my-cards-profit] Analizzando (53/2003): daniel-pinter-2007-06-06-2026-limited-214
[my-cards-profit]   ❌ No profit: acquistato 1.96€, market 1.97€ (+0.5%)
[my-cards-profit] Analizzando (54/2003): ryan-raposo-2026-limited-204
[my-cards-profit]   ❌ No profit: acquistato 1.96€, market 0.90€ (-54.1%)
[my-cards-profit] Analizzando (55/2003): bendeguz-bolla-2025-limited-28
[my-cards-profit]   ❌ No profit: acquistato 2.16€, market 1.95€ (-9.7%)
[my-cards-profit] Analizzando (56/2003): dario-esteban-osorio-osorio-2025-limited-944
[my-cards-profit]   ❌ No profit: acquistato 3.00€, market 2.90€ (-3.3%)
[my-cards-profit] Analizzando (57/2003): mads-bech-sorensen-2025-limited-835
[my-cards-profit]   ❌ No profit: acquistato 1.59€, market 1.65€ (+3.8%)
[my-cards-profit] Analizzando (58/2003): elias-rafn-olafsson-2025-limited-627
[my-cards-profit]   ❌ No profit: acquistato 5.49€, market 4.11€ (-25.2%)
[my-cards-profit] Analizzando (59/2003): sam-adekugbe-2026-limited-188
[my-cards-profit]   ❌ No profit: acquistato 1.96€, market 0.56€ (-71.3%)
[my-cards-profit] Analizzando (60/2003): jin-su-kim-2025-limited-256
[my-cards-profit]   ❌ No profit: acquistato 2.82€, market 0.48€ (-83.0%)
[my-cards-profit] Analizzando (61/2003): jong-bum-baek-2025-limited-153
[my-cards-profit]   ❌ No profit: acquistato 1.49€, market 1.03€ (-30.9%)
[my-cards-profit] Analizzando (62/2003): soo-il-park-2025-limited-198
[my-cards-profit]   ❌ No profit: acquistato 0.39€, market 0.34€ (-13.5%)
[my-cards-profit] Analizzando (63/2003): min-kyu-song-2025-limited-19
[my-cards-profit]   ❌ No profit: acquistato 0.59€, market 0.34€ (-42.8%)
[my-cards-profit] Analizzando (64/2003): jusef-erabi-2025-limited-219
[my-cards-profit]   🔁 Ricevuta in scambio, esclusa (nessun costo in euro quantificabile)
[my-cards-profit] Analizzando (65/2003): yaimar-abel-medina-ortiz-2025-limited-460
[my-cards-profit]   🔁 Ricevuta in scambio, esclusa (nessun costo in euro quantificabile)
[my-cards-profit] Analizzando (66/2003): zakaria-el-ouahdi-2025-limited-105
[my-cards-profit]   ❌ No profit: acquistato 7.50€, market 1.26€ (-83.2%)
[my-cards-profit] Analizzando (67/2003): jose-antonio-fernandez-pomares-2025-limited-385
[my-cards-profit]   ➖ Nessun acquisto noto, market 0.34€ (sotto soglia)
[my-cards-profit] Analizzando (68/2003): jun-choi-2026-limited-249
[my-cards-profit]   🔨 CRAFT/PREMIO DI VALORE: nessun acquisto noto, market 1.44€ (pack=False)
[my-cards-profit] Analizzando (69/2003): gerard-fernandez-castellano-2025-limited-506
[my-cards-profit]   ➖ Nessun acquisto noto, market 0.38€ (sotto soglia)
[my-cards-profit] Analizzando (70/2003): louis-fortin-2025-limited-178
[my-cards-profit]   ➖ Nessun acquisto noto, market 0.34€ (sotto soglia)
[my-cards-profit] Analizzando (71/2003): lawrence-agyekum-2025-limited-678
[my-cards-profit]   ➖ Nessun acquisto noto, market 0.34€ (sotto soglia)
[my-cards-profit] Analizzando (72/2003): ismael-chester-diallo-2025-limited-280
[my-cards-profit]   ➖ Nessun acquisto noto, market 0.34€ (sotto soglia)
[my-cards-profit] Analizzando (73/2003): araphat-mohammed-2025-limited-573
[my-cards-profit]   ➖ Nessun acquisto noto, market 0.34€ (sotto soglia)
[my-cards-profit] Analizzando (74/2003): manfred-fischer-2025-limited-435
[my-cards-profit]   ➖ Nessun acquisto noto, market 0.46€ (sotto soglia)
[my-cards-profit] Analizzando (75/2003): caglar-soyuncu-2025-limited-559
[my-cards-profit]   ➖ Nessun acquisto noto, market 0.34€ (sotto soglia)
[my-cards-profit] Analizzando (76/2003): luka-savatovic-2025-limited-256
[my-cards-profit]   🔨 CRAFT/PREMIO DI VALORE: nessun acquisto noto, market 0.99€ (pack=False)
[my-cards-profit] Analizzando (77/2003): hugo-vetlesen-2025-limited-760
[my-cards-profit]   🔨 CRAFT/PREMIO DI VALORE: nessun acquisto noto, market 2.46€ (pack=False)
[my-cards-profit] Analizzando (78/2003): raf-smekens-2025-limited-379
[my-cards-profit]   ➖ Nessun acquisto noto, market 0.33€ (sotto soglia)
[my-cards-profit] Analizzando (79/2003): dan-axel-zagadou-2025-limited-592
[my-cards-profit]   ➖ Nessun acquisto noto, market 0.46€ (sotto soglia)
[my-cards-profit] Analizzando (80/2003): aaron-tshibola-2025-limited-30
[my-cards-profit]   🔨 CRAFT/PREMIO DI VALORE: nessun acquisto noto, market 0.58€ (pack=False)
[my-cards-profit] Analizzando (81/2003): joao-pedro-cavaco-cancelo-2025-limited-235
[my-cards-profit]   ❌ No profit: acquistato 10.64€, market 3.00€ (-71.8%)
[my-cards-profit] Analizzando (82/2003): samir-el-mourabet-2025-limited-248
[my-cards-profit]   ❌ No profit: acquistato 6.30€, market 1.31€ (-79.2%)
[my-cards-profit] Analizzando (83/2003): sam-surridge-2025-limited-630
[my-cards-profit]   ❌ No profit: acquistato 2.10€, market 0.69€ (-67.0%)
[my-cards-profit] Analizzando (84/2003): joe-willis-2025-limited-502
[my-cards-profit]   🔁 Ricevuta in scambio, esclusa (nessun costo in euro quantificabile)
[my-cards-profit] Analizzando (85/2003): adem-sipic-2025-limited-202
[my-cards-profit]   🔁 Ricevuta in scambio, esclusa (nessun costo in euro quantificabile)
[my-cards-profit] Analizzando (86/2003): jacob-shaffelburg-2025-limited-114
[my-cards-profit]   🔁 Ricevuta in scambio, esclusa (nessun costo in euro quantificabile)
[my-cards-profit] Analizzando (87/2003): jonathan-perez-2003-01-18-2025-limited-110
[my-cards-profit]   🔁 Ricevuta in scambio, esclusa (nessun costo in euro quantificabile)
[my-cards-profit] Analizzando (88/2003): tyler-boyd-2025-limited-132
[my-cards-profit]   🔁 Ricevuta in scambio, esclusa (nessun costo in euro quantificabile)
[my-cards-profit] Analizzando (89/2003): jack-maher-2025-limited-193
[my-cards-profit]   🔁 Ricevuta in scambio, esclusa (nessun costo in euro quantificabile)
[my-cards-profit] Analizzando (90/2003): bryan-josue-acosta-ramos-2025-limited-323
[my-cards-profit]   🔁 Ricevuta in scambio, esclusa (nessun costo in euro quantificabile)
[my-cards-profit] Analizzando (91/2003): gaston-brugman-2025-limited-58
[my-cards-profit]   🔁 Ricevuta in scambio, esclusa (nessun costo in euro quantificabile)
[my-cards-profit] Analizzando (92/2003): chris-applewhite-2025-limited-35
[my-cards-profit]   🔁 Ricevuta in scambio, esclusa (nessun costo in euro quantificabile)
[my-cards-profit] Analizzando (93/2003): jack-maher-2025-limited-199
[my-cards-profit]   ❌ No profit: acquistato 0.99€, market 0.34€ (-65.9%)
[my-cards-profit] Analizzando (94/2003): edvard-sandvik-tagseth-2025-limited-46
[my-cards-profit]   ❌ No profit: acquistato 0.50€, market 0.39€ (-22.0%)
[my-cards-profit] Analizzando (95/2003): edvard-sandvik-tagseth-2025-limited-291
[my-cards-profit]   ❌ No profit: acquistato 1.29€, market 0.39€ (-69.8%)
[my-cards-profit] Analizzando (96/2003): matthew-james-corcoran-2025-limited-127
[my-cards-profit]   ✅ PROFIT: acquistato 1.08€, market 1.75€ (+0.67€, +62.0%)
[my-cards-profit] Analizzando (97/2003): andy-aryel-najar-rodriguez-2025-limited-226
[my-cards-profit]   ❌ No profit: acquistato 1.10€, market 0.34€ (-69.1%)
[my-cards-profit] Analizzando (98/2003): walker-zimmerman-2025-limited-288
[my-cards-profit]   ❌ No profit: acquistato 0.77€, market 0.44€ (-42.9%)
[my-cards-profit] Analizzando (99/2003): brian-schwake-2025-limited-106
[my-cards-profit]   🔁 Ricevuta in scambio, esclusa (nessun costo in euro quantificabile)
[my-cards-profit] Analizzando (100/2003): ricardo-jorge-luz-horta-2025-limited-519
[my-cards-profit]   ❌ No profit: acquistato 10.95€, market 6.06€ (-44.7%)
[my-cards-profit] Analizzando (101/2003): laurent-lemoine-2025-limited-230
[my-cards-profit]   ❌ No profit: acquistato 0.56€, market 0.34€ (-39.7%)
[my-cards-profit] Analizzando (102/2003): brent-gabriel-2025-limited-298
[my-cards-profit]   ❌ No profit: acquistato 5.70€, market 2.50€ (-56.1%)
[my-cards-profit] Analizzando (103/2003): ryan-gravenberch-2023-limited-250
[my-cards-profit]   🔁 Ricevuta in scambio, esclusa (nessun costo in euro quantificabile)
[my-cards-profit] Analizzando (104/2003): gabriel-veiga-novas-2025-limited-232
[my-cards-profit]   🔁 Ricevuta in scambio, esclusa (nessun costo in euro quantificabile)
[my-cards-profit] Analizzando (105/2003): bartosz-slisz-2024-limited-373
[my-cards-profit]   🔁 Ricevuta in scambio, esclusa (nessun costo in euro quantificabile)
[my-cards-profit] Analizzando (106/2003): louis-mafouta-2024-limited-4
[my-cards-profit]   🔁 Ricevuta in scambio, esclusa (nessun costo in euro quantificabile)
[my-cards-profit] Analizzando (107/2003): sem-steijn-2022-limited-166
[my-cards-profit]   🔁 Ricevuta in scambio, esclusa (nessun costo in euro quantificabile)
[my-cards-profit] Analizzando (108/2003): ramiz-larbi-zerrouki-2022-limited-311
[my-cards-profit]   🔁 Ricevuta in scambio, esclusa (nessun costo in euro quantificabile)
[my-cards-profit] Analizzando (109/2003): alfons-sampsted-2022-limited-152
[my-cards-profit]   ❌ No profit: acquistato 0.46€, market 0.38€ (-17.2%)
[my-cards-profit] Analizzando (110/2003): mats-wieffer-2022-limited-351
[my-cards-profit]   ❌ No profit: acquistato 0.76€, market 0.35€ (-53.9%)
[my-cards-profit] Analizzando (111/2003): virgil-misidjan-2022-limited-353
[my-cards-profit]   🔁 Ricevuta in scambio, esclusa (nessun costo in euro quantificabile)
[my-cards-profit] Analizzando (112/2003): robin-propper-2022-limited-453
[my-cards-profit]   🔁 Ricevuta in scambio, esclusa (nessun costo in euro quantificabile)
[my-cards-profit] Analizzando (113/2003): vaclav-cerny-2022-limited-26
[my-cards-profit]   🔁 Ricevuta in scambio, esclusa (nessun costo in euro quantificabile)
[my-cards-profit] Analizzando (114/2003): lutsharel-geertruida-2022-limited-375
[my-cards-profit]   🔁 Ricevuta in scambio, esclusa (nessun costo in euro quantificabile)
[my-cards-profit] Analizzando (115/2003): marcus-holmgren-pedersen-2022-limited-111
[my-cards-profit]   🔁 Ricevuta in scambio, esclusa (nessun costo in euro quantificabile)
[my-cards-profit] Analizzando (116/2003): patrik-walemark-2022-limited-240
[my-cards-profit]   🔁 Ricevuta in scambio, esclusa (nessun costo in euro quantificabile)
[my-cards-profit] Analizzando (117/2003): ezequiel-eduardo-bullaude-2022-limited-167
[my-cards-profit]   🔁 Ricevuta in scambio, esclusa (nessun costo in euro quantificabile)
[my-cards-profit] Analizzando (118/2003): alireza-jahanbakhsh-2022-limited-251
[my-cards-profit]   🔁 Ricevuta in scambio, esclusa (nessun costo in euro quantificabile)
[my-cards-profit] Analizzando (119/2003): quilindschy-hartman-2022-limited-231
[my-cards-profit]   🔁 Ricevuta in scambio, esclusa (nessun costo in euro quantificabile)
[my-cards-profit] Analizzando (120/2003): nicolas-fernandez-mercau-2026-limited-373
[my-cards-profit]   🔨 CRAFT/PREMIO DI VALORE: nessun acquisto noto, market 28.42€ (pack=False)
[my-cards-profit] Analizzando (121/2003): zento-uno-2024-limited-36
[my-cards-profit]   ❌ No profit: acquistato 0.73€, market 0.50€ (-31.5%)
[my-cards-profit] Analizzando (122/2003): gotoku-sakai-2025-limited-285
[my-cards-profit]   ❌ No profit: acquistato 0.57€, market 0.39€ (-31.6%)
[my-cards-profit] Analizzando (123/2003): daiju-sasaki-2023-limited-317
[my-cards-profit]   ❌ No profit: acquistato 0.70€, market 0.33€ (-53.0%)
[my-cards-profit] Analizzando (124/2003): masaaki-higashiguchi-2026-limited-287
[my-cards-profit]   ❌ No profit: acquistato 3.74€, market 0.34€ (-91.0%)
[my-cards-profit] Analizzando (125/2003): jules-ahoka-jules-2025-limited-114
[my-cards-profit]   🔨 CRAFT/PREMIO DI VALORE: nessun acquisto noto, market 1.29€ (pack=False)
[my-cards-profit] Analizzando (126/2003): kilian-nuno-joaquim-sauck-2025-limited-40
[my-cards-profit]   🔨 CRAFT/PREMIO DI VALORE: nessun acquisto noto, market 1.97€ (pack=False)
[my-cards-profit] Analizzando (127/2003): ho-jae-lee-2026-limited-266
[my-cards-profit]   ❌ No profit: acquistato 8.23€, market 2.14€ (-74.0%)
[my-cards-profit] Analizzando (128/2003): lionel-andres-messi-cuccittini-2026-limited-392
[my-cards-profit]   ❌ No profit: acquistato 93.49€, market 57.68€ (-38.3%)
[my-cards-profit] Analizzando (129/2003): dong-jin-kim-2026-limited-191
[my-cards-profit]   ❌ No profit: acquistato 2.04€, market 0.98€ (-52.0%)
[my-cards-profit] Analizzando (130/2003): yool-heo-2026-limited-152
[my-cards-profit]   ❌ No profit: acquistato 2.04€, market 0.88€ (-56.9%)
[my-cards-profit] Analizzando (131/2003): luca-philipp-2025-limited-446
[my-cards-profit]   🔨 CRAFT/PREMIO DI VALORE: nessun acquisto noto, market 0.60€ (pack=False)
[my-cards-profit] Analizzando (132/2003): zidane-aamar-iqbal-2025-limited-476
[my-cards-profit]   ➖ Nessun acquisto noto, market 0.34€ (sotto soglia)
[my-cards-profit] Analizzando (133/2003): byung-kwan-jeon-2026-limited-163
[my-cards-profit]   ❌ No profit: acquistato 2.05€, market 0.87€ (-57.8%)
[my-cards-profit] Analizzando (134/2003): seong-ung-maeng-2026-limited-208
[my-cards-profit]   ❌ No profit: acquistato 2.43€, market 0.90€ (-63.0%)
[my-cards-profit] Analizzando (135/2003): kristijan-kahlina-2026-limited-381
[my-cards-profit]   ❌ No profit: acquistato 22.74€, market 5.54€ (-75.6%)
[my-cards-profit] Analizzando (136/2003): philip-zinckernagel-2026-limited-350
[my-cards-profit]   ✅ PROFIT: acquistato 21.44€, market 23.99€ (+2.55€, +11.9%)
[my-cards-profit] Analizzando (137/2003): itsuki-someno-2026-limited-275
[my-cards-profit]   ❌ No profit: acquistato 2.47€, market 0.34€ (-86.3%)
[my-cards-profit] Analizzando (138/2003): takato-yamamoto-2026-limited-173
[my-cards-profit]   🔨 CRAFT/PREMIO DI VALORE: nessun acquisto noto, market 1.24€ (pack=False)
[my-cards-profit] Analizzando (139/2003): mayckel-lahdo-2025-limited-631
[my-cards-profit]   ➖ Nessun acquisto noto, market 0.38€ (sotto soglia)
[my-cards-profit] Analizzando (140/2003): kang-hee-lee-2025-limited-417
[my-cards-profit]   ❌ No profit: acquistato 2.10€, market 0.34€ (-83.9%)
[my-cards-profit] Analizzando (141/2003): yuma-obata-2026-limited-260
[my-cards-profit]   ❌ No profit: acquistato 2.46€, market 0.43€ (-82.5%)
[my-cards-profit] Analizzando (142/2003): tae-hee-lee-1992-06-16-2026-limited-166
[my-cards-profit]   ❌ No profit: acquistato 3.00€, market 0.49€ (-83.7%)
[my-cards-profit] Analizzando (143/2003): bruny-nsimba-2025-limited-617
[my-cards-profit]   ➖ Nessun acquisto noto, market 0.38€ (sotto soglia)
[my-cards-profit] Analizzando (144/2003): chris-applewhite-2026-limited-166
[my-cards-profit]   🔨 CRAFT/PREMIO DI VALORE: nessun acquisto noto, market 0.65€ (pack=False)
[my-cards-profit] Analizzando (145/2003): sergi-palencia-hurtado-2026-limited-289
[my-cards-profit]   ❌ No profit: acquistato 6.83€, market 0.85€ (-87.6%)
[my-cards-profit] Analizzando (146/2003): yohei-takaoka-2026-limited-353
[my-cards-profit]   ❌ No profit: acquistato 30.93€, market 9.00€ (-70.9%)
[my-cards-profit] Analizzando (147/2003): maxwell-woledzi-2026-limited-305
[my-cards-profit]   ❌ No profit: acquistato 29.79€, market 17.41€ (-41.5%)
[my-cards-profit] Analizzando (148/2003): paxten-aaronson-2026-limited-317
[my-cards-profit]   ❌ No profit: acquistato 12.90€, market 6.45€ (-50.0%)
[my-cards-profit] Analizzando (149/2003): pep-biel-mas-jaume-2026-limited-332
[my-cards-profit]   ❌ No profit: acquistato 17.84€, market 8.35€ (-53.2%)
[my-cards-profit] Analizzando (150/2003): jae-hyun-mo-2026-limited-270
[my-cards-profit]   ❌ No profit: acquistato 5.31€, market 0.49€ (-90.7%)
[my-cards-profit] Analizzando (151/2003): matt-turner-2026-limited-321
[my-cards-profit]   ❌ No profit: acquistato 16.36€, market 10.97€ (-32.9%)
[my-cards-profit] Analizzando (152/2003): ryoma-watanabe-2026-limited-274
[my-cards-profit]   ❌ No profit: acquistato 2.43€, market 0.34€ (-86.1%)
[my-cards-profit] Analizzando (153/2003): taichi-yamasaki-2026-limited-239
[my-cards-profit]   ❌ No profit: acquistato 2.41€, market 0.34€ (-85.9%)
[my-cards-profit] Analizzando (154/2003): jeison-estiven-quinones-botina-2026-limited-296
[my-cards-profit]   ❌ No profit: acquistato 2.43€, market 0.95€ (-60.9%)
[my-cards-profit] Analizzando (155/2003): henry-heroki-mochizuki-2026-limited-232
[my-cards-profit]   ❌ No profit: acquistato 2.44€, market 0.47€ (-80.7%)
[my-cards-profit] Analizzando (156/2003): tokuma-suzuki-2026-limited-187
[my-cards-profit]   ❌ No profit: acquistato 2.06€, market 0.34€ (-83.6%)
[my-cards-profit] Analizzando (157/2003): tsukasa-shiotani-2026-limited-248
[my-cards-profit]   ❌ No profit: acquistato 2.44€, market 0.34€ (-86.2%)
[my-cards-profit] Analizzando (158/2003): olwethu-makhanya-2026-limited-279
[my-cards-profit]   ❌ No profit: acquistato 5.25€, market 4.00€ (-23.8%)
[my-cards-profit] Analizzando (159/2003): arnau-martinez-lopez-2025-limited-849
[my-cards-profit]   🔨 CRAFT/PREMIO DI VALORE: nessun acquisto noto, market 1.48€ (pack=False)
[my-cards-profit] Analizzando (160/2003): souleymane-isaak-toure-2025-limited-339
[my-cards-profit]   ➖ Nessun acquisto noto, market 0.34€ (sotto soglia)
[my-cards-profit] Analizzando (161/2003): ji-nam-choe-2026-limited-107
[my-cards-profit]   🔨 CRAFT/PREMIO DI VALORE: nessun acquisto noto, market 0.80€ (pack=False)
[my-cards-profit] Analizzando (162/2003): mika-haas-2025-limited-363
[my-cards-profit]   🔨 CRAFT/PREMIO DI VALORE: nessun acquisto noto, market 0.74€ (pack=False)
[my-cards-profit] Analizzando (163/2003): jason-steele-2025-limited-656
[my-cards-profit]   ➖ Nessun acquisto noto, market 0.34€ (sotto soglia)
[my-cards-profit] Analizzando (164/2003): dimitrios-stamatakis-2025-limited-437
[my-cards-profit]   ➖ Nessun acquisto noto, market 0.34€ (sotto soglia)
[my-cards-profit] Analizzando (165/2003): thiago-santos-santana-2026-limited-239
[my-cards-profit]   ❌ No profit: acquistato 2.09€, market 0.34€ (-83.9%)
[my-cards-profit] Analizzando (166/2003): shu-kurata-2026-limited-195
[my-cards-profit]   ➖ Nessun acquisto noto, market 0.34€ (sotto soglia)
[my-cards-profit] Analizzando (167/2003): darren-yapi-2026-limited-275
[my-cards-profit]   ➖ Nessun acquisto noto, market 0.49€ (sotto soglia)
[my-cards-profit] Analizzando (168/2003): wessam-abou-ali-2026-limited-328
[my-cards-profit]   🔨 CRAFT/PREMIO DI VALORE: nessun acquisto noto, market 0.70€ (pack=False)
[my-cards-profit] Analizzando (169/2003): pierre-landry-kabore-2025-limited-333
[my-cards-profit]   ➖ Nessun acquisto noto, market 0.45€ (sotto soglia)
[my-cards-profit] Analizzando (170/2003): mohamed-abdel-monem-1999-02-01-2025-limited-289
[my-cards-profit]   ➖ Nessun acquisto noto, market 0.34€ (sotto soglia)
[my-cards-profit] Analizzando (171/2003): sergio-oregel-jr-2026-limited-168
[my-cards-profit]   🔨 CRAFT/PREMIO DI VALORE: nessun acquisto noto, market 0.63€ (pack=False)
[my-cards-profit] Analizzando (172/2003): jakov-filipovic-2025-limited-281
[my-cards-profit]   ➖ Nessun acquisto noto, market 0.34€ (sotto soglia)
[my-cards-profit] Analizzando (173/2003): kyle-duncan-2026-limited-124
[my-cards-profit]   🔨 CRAFT/PREMIO DI VALORE: nessun acquisto noto, market 0.65€ (pack=False)
[my-cards-profit] Analizzando (174/2003): necip-uysal-2025-limited-460
[my-cards-profit]   ➖ Nessun acquisto noto, market 0.34€ (sotto soglia)
[my-cards-profit] Analizzando (175/2003): takayuki-mae-2026-limited-215
[my-cards-profit]   ❌ No profit: acquistato 2.08€, market 0.37€ (-82.1%)
[my-cards-profit] Analizzando (176/2003): yoshiki-torikai-2026-limited-205
[my-cards-profit]   ❌ No profit: acquistato 2.08€, market 0.41€ (-80.4%)
[my-cards-profit] Analizzando (177/2003): rei-hirakawa-2026-limited-225
[my-cards-profit]   ❌ No profit: acquistato 2.08€, market 0.34€ (-83.8%)
[my-cards-profit] Analizzando (178/2003): min-duk-kim-2026-limited-180
[my-cards-profit]   ❌ No profit: acquistato 2.84€, market 0.50€ (-82.4%)
[my-cards-profit] Analizzando (179/2003): chang-rae-ha-2026-limited-225
[my-cards-profit]   ❌ No profit: acquistato 2.84€, market 0.88€ (-69.0%)
[my-cards-profit] Analizzando (180/2003): jakob-busk-jensen-2025-limited-499
[my-cards-profit]   ➖ Nessun acquisto noto, market 0.35€ (sotto soglia)
[my-cards-profit] Analizzando (181/2003): robin-propper-2025-limited-773
[my-cards-profit]   ➖ Nessun acquisto noto, market 0.34€ (sotto soglia)
[my-cards-profit] Analizzando (182/2003): rogers-mato-2025-limited-52
[my-cards-profit]   ⚠️ Prezzo acquisto E prezzo market non trovati
[my-cards-profit] Analizzando (183/2003): unai-gomez-etxebarria-2025-limited-503
[my-cards-profit]   ➖ Nessun acquisto noto, market 0.49€ (sotto soglia)
[my-cards-profit] Analizzando (184/2003): nadir-el-jamali-2025-limited-579
[my-cards-profit]   ➖ Nessun acquisto noto, market 0.34€ (sotto soglia)
[my-cards-profit] Analizzando (185/2003): tiago-pereira-da-silva-2026-limited-207
[my-cards-profit]   🔨 CRAFT/PREMIO DI VALORE: nessun acquisto noto, market 0.54€ (pack=False)
[my-cards-profit] Analizzando (186/2003): tyrique-christopher-mercera-2025-limited-499
[my-cards-profit]   ➖ Nessun acquisto noto, market 0.33€ (sotto soglia)
[my-cards-profit] Analizzando (187/2003): joao-diogo-fonseca-ferreira-2025-limited-708
[my-cards-profit]   ➖ Nessun acquisto noto, market 0.34€ (sotto soglia)
[my-cards-profit] Analizzando (188/2003): jong-eun-lim-2026-limited-130
[my-cards-profit]   ❌ No profit: acquistato 2.10€, market 0.49€ (-76.7%)
[my-cards-profit] Analizzando (189/2003): marcelo-andres-herrera-mansilla-2025-limited-60
[my-cards-profit]   ❌ No profit: acquistato 1.50€, market 0.39€ (-74.0%)
[my-cards-profit] Analizzando (190/2003): luca-daniel-langoni-2025-limited-223
[my-cards-profit]   ❌ No profit: acquistato 1.84€, market 0.50€ (-72.7%)
[my-cards-profit] Analizzando (191/2003): rodrigo-javier-de-paul-2024-limited-310
[my-cards-profit]   ❌ No profit: acquistato 2.49€, market 1.90€ (-23.5%)
[my-cards-profit] Analizzando (192/2003): dimitrios-stamatakis-2025-limited-435
[my-cards-profit]   ➖ Nessun acquisto noto, market 0.34€ (sotto soglia)
[my-cards-profit] Analizzando (193/2003): aki-koch-2025-limited-247
[my-cards-profit]   ➖ Nessun acquisto noto, market 0.46€ (sotto soglia)
[my-cards-profit] Analizzando (194/2003): brooklyn-ezeh-2025-limited-288
[my-cards-profit]   ➖ Nessun acquisto noto, market 0.33€ (sotto soglia)
[my-cards-profit] Analizzando (195/2003): roland-sallai-2025-limited-878
[my-cards-profit]   ➖ Nessun acquisto noto, market 0.41€ (sotto soglia)
[my-cards-profit] Analizzando (196/2003): mamady-alex-bangre-2025-limited-463
[my-cards-profit]   ➖ Nessun acquisto noto, market 0.34€ (sotto soglia)
[my-cards-profit] Analizzando (197/2003): julian-baas-2025-limited-529
[my-cards-profit]   ➖ Nessun acquisto noto, market 0.34€ (sotto soglia)
[my-cards-profit] Analizzando (198/2003): sebastian-reinhard-klaas-2025-limited-382
[my-cards-profit]   ➖ Nessun acquisto noto, market 0.34€ (sotto soglia)
[my-cards-profit] Analizzando (199/2003): sem-van-duijn-2025-limited-53
[my-cards-profit]   🔨 CRAFT/PREMIO DI VALORE: nessun acquisto noto, market 2.00€ (pack=False)
[my-cards-profit] Analizzando (200/2003): maxence-rivera-2025-limited-550
[my-cards-profit]   ➖ Nessun acquisto noto, market 0.43€ (sotto soglia)
[my-cards-profit] Analizzando (201/2003): joao-pedro-arnauth-barrocas-simoes-2025-limited-792
[my-cards-profit]   🔨 CRAFT/PREMIO DI VALORE: nessun acquisto noto, market 0.77€ (pack=False)
[my-cards-profit] Analizzando (202/2003): stefan-peric-2025-limited-246
[my-cards-profit]   ➖ Nessun acquisto noto, market 0.34€ (sotto soglia)
[my-cards-profit] Analizzando (203/2003): oscar-guido-trejo-2025-limited-436
[my-cards-profit]   ➖ Nessun acquisto noto, market 0.34€ (sotto soglia)
[my-cards-profit] Analizzando (204/2003): thiago-pitarch-pinar-2025-limited-80
[my-cards-profit]   🔨 CRAFT/PREMIO DI VALORE: nessun acquisto noto, market 3.27€ (pack=False)
[my-cards-profit] Analizzando (205/2003): takumi-tsukui-2026-limited-206
[my-cards-profit]   ❌ No profit: acquistato 2.04€, market 0.39€ (-80.9%)
[my-cards-profit] Analizzando (206/2003): ernest-appiah-nuamah-2025-limited-556
[my-cards-profit]   🔨 CRAFT/PREMIO DI VALORE: nessun acquisto noto, market 1.26€ (pack=False)
[my-cards-profit] Analizzando (207/2003): beau-leroux-2026-limited-287
[my-cards-profit]   🔨 CRAFT/PREMIO DI VALORE: nessun acquisto noto, market 1.31€ (pack=False)
[my-cards-profit] Analizzando (208/2003): emilio-aristizabal-chavarriaga-2026-limited-166
[my-cards-profit]   🔨 CRAFT/PREMIO DI VALORE: nessun acquisto noto, market 0.69€ (pack=False)
[my-cards-profit] Analizzando (209/2003): mads-bidstrup-2024-limited-545
[my-cards-profit]   🔨 CRAFT/PREMIO DI VALORE: nessun acquisto noto, market 1.70€ (pack=False)
[my-cards-profit] Analizzando (210/2003): rafael-navarro-leal-2025-limited-397
[my-cards-profit]   🔨 CRAFT/PREMIO DI VALORE: nessun acquisto noto, market 1.40€ (pack=False)
[my-cards-profit] Analizzando (211/2003): serge-philippe-raux-yao-2025-limited-148
[my-cards-profit]   🔨 CRAFT/PREMIO DI VALORE: nessun acquisto noto, market 1.09€ (pack=False)
[my-cards-profit] Analizzando (212/2003): pedro-jeampierre-vite-uca-2024-limited-460
[my-cards-profit]   ➖ Nessun acquisto noto, market 0.49€ (sotto soglia)
[my-cards-profit] Analizzando (213/2003): luciano-federico-acosta-2023-limited-331
[my-cards-profit]   ➖ Nessun acquisto noto, market 0.45€ (sotto soglia)
[my-cards-profit] Analizzando (214/2003): tayvon-gray-2025-limited-75
[my-cards-profit]   🔨 CRAFT/PREMIO DI VALORE: nessun acquisto noto, market 0.80€ (pack=False)
[my-cards-profit] Analizzando (215/2003): tristan-blackmon-2025-limited-524
[my-cards-profit]   ➖ Nessun acquisto noto, market 0.45€ (sotto soglia)
[my-cards-profit] Analizzando (216/2003): toni-fruk-2023-limited-124
[my-cards-profit]   🔨 CRAFT/PREMIO DI VALORE: nessun acquisto noto, market 1.20€ (pack=False)
[my-cards-profit] Analizzando (217/2003): guilherme-antonio-arana-lopes-2021-limited-77
[my-cards-profit]   🔨 CRAFT/PREMIO DI VALORE: nessun acquisto noto, market 0.77€ (pack=False)
[my-cards-profit] Analizzando (218/2003): murillo-santiago-costa-dos-santos-2023-limited-237
[my-cards-profit]   🔨 CRAFT/PREMIO DI VALORE: nessun acquisto noto, market 0.80€ (pack=False)
[my-cards-profit] Analizzando (219/2003): maximiliano-nicol-moralez-2024-limited-315
[my-cards-profit]   ❌ No profit: acquistato 0.54€, market 0.34€ (-37.5%)
[my-cards-profit] Analizzando (220/2003): rokas-pukstas-2025-limited-594
[my-cards-profit]   🔁 Ricevuta in scambio, esclusa (nessun costo in euro quantificabile)
[my-cards-profit] Analizzando (221/2003): sebastien-antoine-luc-salles-lamonge-2022-limited-361
[my-cards-profit]   ✅ PROFIT: acquistato 0.89€, market 1.86€ (+0.97€, +109.0%)
[my-cards-profit] Analizzando (222/2003): you-hyeon-lee-2025-limited-75
[my-cards-profit]   ❌ No profit: acquistato 0.45€, market 0.52€ (+15.6%)
[my-cards-profit] Analizzando (223/2003): yuki-yamamoto-2025-limited-213
[my-cards-profit]   ❌ No profit: acquistato 0.53€, market 0.34€ (-36.3%)
[my-cards-profit] Analizzando (224/2003): micael-dos-santos-silva-2024-limited-242
[my-cards-profit]   ❌ No profit: acquistato 0.79€, market 0.50€ (-36.7%)
[my-cards-profit] Analizzando (225/2003): zack-steffen-2025-limited-167
[my-cards-profit]   ❌ No profit: acquistato 1.49€, market 0.49€ (-67.1%)
[my-cards-profit] Analizzando (226/2003): riku-handa-2025-limited-298
[my-cards-profit]   ❌ No profit: acquistato 0.55€, market 0.34€ (-38.6%)
[my-cards-profit] Analizzando (227/2003): malte-amundsen-2025-limited-372
[my-cards-profit]   ❌ No profit: acquistato 1.10€, market 0.49€ (-55.5%)
[my-cards-profit] Analizzando (228/2003): gijs-smal-2022-limited-310
[my-cards-profit]   ❌ No profit: acquistato 0.37€, market 0.34€ (-8.8%)
[my-cards-profit] Analizzando (229/2003): joel-waterman-2026-limited-185
[my-cards-profit]   🔨 CRAFT/PREMIO DI VALORE: nessun acquisto noto, market 1.24€ (pack=False)
[my-cards-profit] Analizzando (230/2003): hrvoje-babec-2026-limited-214
[my-cards-profit]   ❌ No profit: acquistato 8.17€, market 2.65€ (-67.6%)
[my-cards-profit] Analizzando (231/2003): joon-hyuck-kang-2026-limited-169
[my-cards-profit]   ❌ No profit: acquistato 7.64€, market 3.99€ (-47.8%)
[my-cards-profit] Analizzando (232/2003): jin-su-kim-2026-limited-209
[my-cards-profit]   ❌ No profit: acquistato 14.39€, market 3.94€ (-72.6%)
[my-cards-profit] Analizzando (233/2003): matti-peltola-2026-limited-260
[my-cards-profit]   ❌ No profit: acquistato 10.49€, market 0.48€ (-95.4%)
[my-cards-profit] Analizzando (234/2003): ender-jesus-echenique-pena-2026-limited-262
[my-cards-profit]   🔨 CRAFT/PREMIO DI VALORE: nessun acquisto noto, market 2.64€ (pack=False)
[my-cards-profit] Analizzando (235/2003): mathias-fjortoft-lovik-2025-limited-190
[my-cards-profit]   🔨 CRAFT/PREMIO DI VALORE: nessun acquisto noto, market 0.80€ (pack=False)
[my-cards-profit] Analizzando (236/2003): ousmane-diawara-2025-limited-303
[my-cards-profit]   ➖ Nessun acquisto noto, market 0.34€ (sotto soglia)
[my-cards-profit] Analizzando (237/2003): amine-ouahabi-2025-limited-160
[my-cards-profit]   ➖ Nessun acquisto noto, market 0.49€ (sotto soglia)
[my-cards-profit] Analizzando (238/2003): iago-teodoro-da-silva-nogueira-2026-limited-226
[my-cards-profit]   ➖ Nessun acquisto noto, market 0.49€ (sotto soglia)
[my-cards-profit] Analizzando (239/2003): francisco-jose-beltran-peinado-2025-limited-605
[my-cards-profit]   ➖ Nessun acquisto noto, market 0.34€ (sotto soglia)
[my-cards-profit] Analizzando (240/2003): chris-durkin-2026-limited-220
[my-cards-profit]   🔨 CRAFT/PREMIO DI VALORE: nessun acquisto noto, market 0.85€ (pack=False)
[my-cards-profit] Analizzando (241/2003): denis-bouanga-2026-limited-342
[my-cards-profit]   🔨 CRAFT/PREMIO DI VALORE: nessun acquisto noto, market 17.42€ (pack=False)
[my-cards-profit] Analizzando (242/2003): heung-min-son-2026-limited-364
[my-cards-profit]   🔨 CRAFT/PREMIO DI VALORE: nessun acquisto noto, market 18.50€ (pack=False)
[my-cards-profit] Analizzando (243/2003): danilo-boza-junior-2026-limited-205
[my-cards-profit]   ❌ No profit: acquistato 1.96€, market 0.49€ (-74.8%)
[my-cards-profit] Analizzando (244/2003): hokuto-shimoda-2026-limited-133
[my-cards-profit]   ❌ No profit: acquistato 1.96€, market 0.33€ (-83.2%)
[my-cards-profit] Analizzando (245/2003): seong-min-ryu-2026-limited-131
[my-cards-profit]   ❌ No profit: acquistato 1.97€, market 1.05€ (-46.8%)
[my-cards-profit] Analizzando (246/2003): hyeong-jun-oh-2026-limited-84
[my-cards-profit]   ❌ No profit: acquistato 1.97€, market 0.63€ (-68.0%)
[my-cards-profit] Analizzando (247/2003): pyeong-gook-yoon-2026-limited-114
[my-cards-profit]   ❌ No profit: acquistato 1.97€, market 0.58€ (-70.6%)
[my-cards-profit] Analizzando (248/2003): do-yoon-hwang-2026-limited-144
[my-cards-profit]   ❌ No profit: acquistato 2.33€, market 0.86€ (-63.2%)
[my-cards-profit] Analizzando (249/2003): tsuyoshi-ogashiwa-2026-limited-151
[my-cards-profit]   ❌ No profit: acquistato 6.27€, market 0.34€ (-94.6%)
[my-cards-profit] Analizzando (250/2003): deibuainchinedo-otani-2026-limited-154
[my-cards-profit]   ❌ No profit: acquistato 6.27€, market 0.34€ (-94.6%)
[my-cards-profit] Analizzando (251/2003): hyun-ho-moon-2026-limited-124
[my-cards-profit]   ❌ No profit: acquistato 2.32€, market 0.65€ (-72.0%)
[my-cards-profit] Analizzando (252/2003): calvin-miller-2025-limited-436
[my-cards-profit]   ➖ Nessun acquisto noto, market 0.49€ (sotto soglia)
[my-cards-profit] Analizzando (253/2003): yoann-cathline-2025-limited-772
[my-cards-profit]   🔨 CRAFT/PREMIO DI VALORE: nessun acquisto noto, market 0.65€ (pack=False)
[my-cards-profit] Analizzando (254/2003): conrad-harder-2025-limited-858
[my-cards-profit]   🔨 CRAFT/PREMIO DI VALORE: nessun acquisto noto, market 0.64€ (pack=False)
[my-cards-profit] Analizzando (255/2003): in-woo-baek-2026-limited-134
[my-cards-profit]   ❌ No profit: acquistato 2.32€, market 0.79€ (-65.9%)
[my-cards-profit] Analizzando (256/2003): young-jun-cho-2026-limited-93
[my-cards-profit]   🔨 CRAFT/PREMIO DI VALORE: nessun acquisto noto, market 0.74€ (pack=False)
[my-cards-profit] Analizzando (257/2003): hyeon-yeop-kim-2026-limited-120
[my-cards-profit]   ✅ PROFIT: acquistato 2.32€, market 2.90€ (+0.58€, +25.0%)
[my-cards-profit] Analizzando (258/2003): seiichiro-kubo-2026-limited-170
[my-cards-profit]   ❌ No profit: acquistato 1.97€, market 0.48€ (-75.8%)
[my-cards-profit] Analizzando (259/2003): jun-nishikawa-2026-limited-200
[my-cards-profit]   ❌ No profit: acquistato 7.50€, market 0.33€ (-95.6%)
[my-cards-profit] Analizzando (260/2003): ataru-esaka-2026-limited-208
[my-cards-profit]   ❌ No profit: acquistato 7.50€, market 0.34€ (-95.5%)
[my-cards-profit] Analizzando (261/2003): 1993-01-17-2026-limited-148
[my-cards-profit]   ❌ No profit: acquistato 2.32€, market 0.49€ (-78.8%)
[my-cards-profit] Analizzando (262/2003): young-gwon-kim-2026-limited-223
[my-cards-profit]   ❌ No profit: acquistato 2.30€, market 0.83€ (-63.9%)
[my-cards-profit] Analizzando (263/2003): takahiro-ogihara-2022-limited-244
[my-cards-profit]   ❌ No profit: acquistato 0.57€, market 0.34€ (-40.8%)
[my-cards-profit] Analizzando (264/2003): ugo-raghouber-2025-limited-551
[my-cards-profit]   🔨 CRAFT/PREMIO DI VALORE: nessun acquisto noto, market 2.29€ (pack=False)
[my-cards-profit] Analizzando (265/2003): diego-javier-llorente-rios-2025-limited-697
[my-cards-profit]   ➖ Nessun acquisto noto, market 0.40€ (sotto soglia)
[my-cards-profit] Analizzando (266/2003): sang-heon-lee-1998-02-26-2026-limited-118
[my-cards-profit]   ❌ No profit: acquistato 1.95€, market 0.50€ (-74.4%)
[my-cards-profit] Analizzando (267/2003): moon-hwan-kim-2025-limited-152
[my-cards-profit]   ❌ No profit: acquistato 0.70€, market 0.47€ (-32.9%)
[my-cards-profit] Analizzando (268/2003): chang-geun-lee-2025-limited-152
[my-cards-profit]   ❌ No profit: acquistato 2.15€, market 1.00€ (-53.5%)
[my-cards-profit] Analizzando (269/2003): chang-hoon-kwon-2026-limited-106
[my-cards-profit]   ❌ No profit: acquistato 1.95€, market 0.48€ (-75.1%)
[my-cards-profit] Analizzando (270/2003): byung-wook-choi-2026-limited-99
[my-cards-profit]   ❌ No profit: acquistato 1.95€, market 0.53€ (-72.8%)
[my-cards-profit] Analizzando (271/2003): ezequiel-eduardo-bullaude-2022-limited-182
[my-cards-profit]   ❌ No profit: acquistato 0.61€, market 0.47€ (-23.0%)
[my-cards-profit] Analizzando (272/2003): ryan-andrews-2023-limited-259
[my-cards-profit]   ❌ No profit: acquistato 0.37€, market 0.72€ (+94.1%)
[my-cards-profit] Analizzando (273/2003): giorgi-chakvetadze-2023-limited-375
[my-cards-profit]   ❌ No profit: acquistato 0.53€, market 0.45€ (-15.1%)
[my-cards-profit] Analizzando (274/2003): tiago-filipe-alves-araujo-2025-limited-71
[my-cards-profit]   ❌ No profit: acquistato 0.90€, market 0.49€ (-45.2%)
[my-cards-profit] Analizzando (275/2003): bright-akwo-arrey-mbi-2025-limited-658
[my-cards-profit]   🔨 CRAFT/PREMIO DI VALORE: nessun acquisto noto, market 0.82€ (pack=False)
[my-cards-profit] Analizzando (276/2003): koya-okuda-2026-limited-174
[my-cards-profit]   ❌ No profit: acquistato 2.04€, market 0.43€ (-78.8%)
[my-cards-profit] Analizzando (277/2003): shunya-yoneda-2026-limited-149
[my-cards-profit]   ❌ No profit: acquistato 2.02€, market 0.48€ (-76.2%)
[my-cards-profit] Analizzando (278/2003): jeroen-zoet-2025-limited-744
[my-cards-profit]   ❌ No profit: acquistato 1.60€, market 0.34€ (-78.9%)
[my-cards-profit] Analizzando (279/2003): hidde-jurjus-2025-limited-215
[my-cards-profit]   ❌ No profit: acquistato 1.74€, market 0.44€ (-74.7%)
[my-cards-profit] Analizzando (280/2003): hugo-lloris-2025-limited-306
[my-cards-profit]   ❌ No profit: acquistato 6.20€, market 2.09€ (-66.3%)
[my-cards-profit] Analizzando (281/2003): marky-delgado-2025-limited-345
[my-cards-profit]   ❌ No profit: acquistato 3.48€, market 0.34€ (-90.2%)
[my-cards-profit] Analizzando (282/2003): nkosi-burgess-2025-limited-299
[my-cards-profit]   ❌ No profit: acquistato 0.72€, market 0.34€ (-53.1%)
[my-cards-profit] Analizzando (283/2003): carles-gil-de-pareja-vicent-2026-limited-260
[my-cards-profit]   ❌ No profit: acquistato 60.34€, market 44.88€ (-25.6%)
[my-cards-profit] Analizzando (284/2003): albert-rusnak-2026-limited-282
[my-cards-profit]   ❌ No profit: acquistato 19.52€, market 2.10€ (-89.2%)
[my-cards-profit] Analizzando (285/2003): cristian-omar-espinoza-2026-limited-277
[my-cards-profit]   ❌ No profit: acquistato 44.72€, market 11.00€ (-75.4%)
[my-cards-profit] Analizzando (286/2003): diego-ivan-rubio-kostner-2025-limited-238
[my-cards-profit]   ❌ No profit: acquistato 0.50€, market 0.34€ (-32.5%)
[my-cards-profit] Analizzando (287/2003): shaquell-moore-2026-limited-190
[my-cards-profit]   🔨 CRAFT/PREMIO DI VALORE: nessun acquisto noto, market 1.08€ (pack=False)
[my-cards-profit] Analizzando (288/2003): jacob-peter-hodl-2025-limited-412
[my-cards-profit]   🔨 CRAFT/PREMIO DI VALORE: nessun acquisto noto, market 2.42€ (pack=False)
[my-cards-profit] Analizzando (289/2003): lionel-andres-messi-cuccittini-2026-limited-299
[my-cards-profit]   ❌ No profit: acquistato 106.30€, market 57.68€ (-45.7%)
[my-cards-profit] Analizzando (290/2003): mathias-nicolas-laborda-malsenido-2026-limited-248
[my-cards-profit]   ❌ No profit: acquistato 11.11€, market 3.12€ (-72.0%)
[my-cards-profit] Analizzando (291/2003): andres-felipe-reyes-ambuila-2026-limited-176
[my-cards-profit]   🔨 CRAFT/PREMIO DI VALORE: nessun acquisto noto, market 1.64€ (pack=False)
[my-cards-profit] Analizzando (292/2003): karim-onisiwo-2025-limited-362
[my-cards-profit]   ❌ No profit: acquistato 1.90€, market 0.34€ (-82.2%)
[my-cards-profit] Analizzando (293/2003): lee-geon-hee-2026-limited-132
[my-cards-profit]   🔨 CRAFT/PREMIO DI VALORE: nessun acquisto noto, market 0.61€ (pack=False)
[my-cards-profit] Analizzando (294/2003): andy-aryel-najar-rodriguez-2026-limited-246
[my-cards-profit]   🔨 CRAFT/PREMIO DI VALORE: nessun acquisto noto, market 1.09€ (pack=False)
[my-cards-profit] Analizzando (295/2003): hyun-woo-chae-2026-limited-111
[my-cards-profit]   ❌ No profit: acquistato 1.94€, market 0.48€ (-75.3%)
[my-cards-profit] Analizzando (296/2003): christopher-mueller-2026-limited-154
[my-cards-profit]   ❌ No profit: acquistato 2.29€, market 0.64€ (-72.1%)
[my-cards-profit] Analizzando (297/2003): nick-hagglund-2026-limited-211
[my-cards-profit]   ❌ No profit: acquistato 2.82€, market 0.85€ (-69.9%)
[my-cards-profit] Analizzando (298/2003): malik-henry-2026-limited-131
[my-cards-profit]   ❌ No profit: acquistato 2.64€, market 0.52€ (-80.3%)
[my-cards-profit] Analizzando (299/2003): pedro-miguel-santos-amador-2026-limited-135
[my-cards-profit]   ❌ No profit: acquistato 2.64€, market 0.46€ (-82.6%)
[my-cards-profit] Analizzando (300/2003): jansen-miller-2026-limited-127
[my-cards-profit]   ❌ No profit: acquistato 2.28€, market 0.45€ (-80.3%)
[my-cards-profit] Analizzando (301/2003): tae-joon-park-2026-limited-310
[my-cards-profit]   ❌ No profit: acquistato 7.82€, market 2.49€ (-68.2%)
[my-cards-profit] Analizzando (302/2003): tayvon-gray-2026-limited-247
[my-cards-profit]   ❌ No profit: acquistato 25.19€, market 3.12€ (-87.6%)
[my-cards-profit] Analizzando (303/2003): colby-donovan-2025-limited-170
[my-cards-profit]   🔨 CRAFT/PREMIO DI VALORE: nessun acquisto noto, market 2.08€ (pack=False)
[my-cards-profit] Analizzando (304/2003): jackson-ragen-2023-limited-253
[my-cards-profit]   🔁 Ricevuta in scambio, esclusa (nessun costo in euro quantificabile)
[my-cards-profit] Analizzando (305/2003): brad-stuver-2025-limited-431
[my-cards-profit]   🔁 Ricevuta in scambio, esclusa (nessun costo in euro quantificabile)
[my-cards-profit] Analizzando (306/2003): adrian-andres-cubas-2026-limited-267
[my-cards-profit]   🔨 CRAFT/PREMIO DI VALORE: nessun acquisto noto, market 4.38€ (pack=False)
[my-cards-profit] Analizzando (307/2003): thiago-emiliano-da-silva-2025-limited-234
[my-cards-profit]   ❌ No profit: acquistato 1.97€, market 0.39€ (-80.2%)
[my-cards-profit] Analizzando (308/2003): vitor-gabriel-claudino-rego-ferreira-2026-limited-120
[my-cards-profit]   ❌ No profit: acquistato 1.90€, market 0.91€ (-52.2%)
[my-cards-profit] Analizzando (309/2003): max-alleyne-2025-limited-217
[my-cards-profit]   🔨 CRAFT/PREMIO DI VALORE: nessun acquisto noto, market 2.00€ (pack=False)
[my-cards-profit] Analizzando (310/2003): boli-bolingoli-mbombo-2025-limited-328
[my-cards-profit]   ➖ Nessun acquisto noto, market 0.34€ (sotto soglia)
[my-cards-profit] Analizzando (311/2003): toshikazu-teruuchi-2026-limited-166
[my-cards-profit]   ➖ Nessun acquisto noto, market 0.34€ (sotto soglia)
[my-cards-profit] Analizzando (312/2003): anton-saletros-2026-limited-187
[my-cards-profit]   🔨 CRAFT/PREMIO DI VALORE: nessun acquisto noto, market 0.99€ (pack=False)
[my-cards-profit] Analizzando (313/2003): florian-muller-2025-limited-455
[my-cards-profit]   ➖ Nessun acquisto noto, market 0.40€ (sotto soglia)
[my-cards-profit] Analizzando (314/2003): donavan-gusto-phillip-2026-limited-85
[my-cards-profit]   ❌ No profit: acquistato 1.90€, market 0.48€ (-74.7%)
[my-cards-profit] Analizzando (315/2003): gabriel-segal-2026-limited-105
[my-cards-profit]   ❌ No profit: acquistato 2.25€, market 0.47€ (-79.1%)
[my-cards-profit] Analizzando (316/2003): ibrahim-mohammad-abdallah-sabra-2025-limited-27
[my-cards-profit]   🔨 CRAFT/PREMIO DI VALORE: nessun acquisto noto, market 1.50€ (pack=False)
[my-cards-profit] Analizzando (317/2003): gustav-berggren-2026-limited-136
[my-cards-profit]   ❌ No profit: acquistato 2.25€, market 0.60€ (-73.3%)
[my-cards-profit] Analizzando (318/2003): kobe-franklin-2026-limited-127
[my-cards-profit]   ❌ No profit: acquistato 2.25€, market 0.99€ (-56.2%)
[my-cards-profit] Analizzando (319/2003): bode-davis-2026-limited-118
[my-cards-profit]   ❌ No profit: acquistato 2.31€, market 0.50€ (-78.4%)
[my-cards-profit] Analizzando (320/2003): michael-boxall-2026-limited-153
[my-cards-profit]   ❌ No profit: acquistato 1.95€, market 0.65€ (-66.7%)
[my-cards-profit] Analizzando (321/2003): alisa-randell-2026-limited-75
[my-cards-profit]   ❌ No profit: acquistato 2.31€, market 0.56€ (-75.6%)
[my-cards-profit] Analizzando (322/2003): samuel-sarver-2026-limited-111
[my-cards-profit]   ❌ No profit: acquistato 1.95€, market 0.68€ (-64.9%)
[my-cards-profit] Analizzando (323/2003): macielo-tschantret-2026-limited-88
[my-cards-profit]   ❌ No profit: acquistato 1.95€, market 0.48€ (-75.1%)
[my-cards-profit] Analizzando (324/2003): luis-rivera-2026-limited-113
[my-cards-profit]   ❌ No profit: acquistato 2.31€, market 0.47€ (-79.7%)
[my-cards-profit] Analizzando (325/2003): daiya-maekawa-2026-limited-230
[my-cards-profit]   ❌ No profit: acquistato 11.74€, market 0.85€ (-92.8%)
[my-cards-profit] Analizzando (326/2003): lewis-smith-2000-03-16-2025-limited-359
[my-cards-profit]   ❌ No profit: acquistato 2.06€, market 0.48€ (-76.7%)
[my-cards-profit] Analizzando (327/2003): bum-keun-song-2026-limited-234
[my-cards-profit]   🔁 Ricevuta in scambio, esclusa (nessun costo in euro quantificabile)
[my-cards-profit] Analizzando (328/2003): jung-hun-kim-2026-limited-92
[my-cards-profit]   ➖ Nessun acquisto noto, market 0.49€ (sotto soglia)
[my-cards-profit] Analizzando (329/2003): noel-buck-2026-limited-113
[my-cards-profit]   ❌ No profit: acquistato 1.98€, market 0.90€ (-54.5%)
[my-cards-profit] Analizzando (330/2003): sebastian-gomez-2026-limited-152
[my-cards-profit]   🔨 CRAFT/PREMIO DI VALORE: nessun acquisto noto, market 1.15€ (pack=False)
[my-cards-profit] Analizzando (331/2003): ousseni-bouda-2026-limited-205
[my-cards-profit]   🔨 CRAFT/PREMIO DI VALORE: nessun acquisto noto, market 0.66€ (pack=False)
[my-cards-profit] Analizzando (332/2003): arnaud-dobbels-2025-limited-273
[my-cards-profit]   ➖ Nessun acquisto noto, market 0.34€ (sotto soglia)
[my-cards-profit] Analizzando (333/2003): hunter-sulte-2026-limited-109
[my-cards-profit]   ❌ No profit: acquistato 1.98€, market 0.60€ (-69.7%)
[my-cards-profit] Analizzando (334/2003): joshua-torquato-2026-limited-120
[my-cards-profit]   ➖ Nessun acquisto noto, market 0.40€ (sotto soglia)
[my-cards-profit] Analizzando (335/2003): darius-achitei-2025-limited-122
[my-cards-profit]   🔨 CRAFT/PREMIO DI VALORE: nessun acquisto noto, market 1.29€ (pack=False)
[my-cards-profit] Analizzando (336/2003): wilder-jose-cartagena-mendoza-2026-limited-123
[my-cards-profit]   ❌ No profit: acquistato 1.98€, market 1.46€ (-26.2%)
[my-cards-profit] Analizzando (337/2003): tim-parker-2026-limited-158
[my-cards-profit]   ❌ No profit: acquistato 1.98€, market 0.50€ (-74.7%)
[my-cards-profit] Analizzando (338/2003): samuel-junqua-2026-limited-98
[my-cards-profit]   ❌ No profit: acquistato 1.98€, market 0.54€ (-72.7%)
[my-cards-profit] Analizzando (339/2003): max-kerkvliet-2026-limited-94
[my-cards-profit]   ❌ No profit: acquistato 1.98€, market 0.55€ (-72.0%)
[my-cards-profit] Analizzando (340/2003): joran-gerbet-2026-limited-110
[my-cards-profit]   ❌ No profit: acquistato 1.98€, market 0.63€ (-68.2%)
[my-cards-profit] Analizzando (341/2003): shakur-mohammed-2026-limited-128
[my-cards-profit]   ✅ PROFIT: acquistato 1.98€, market 2.50€ (+0.52€, +26.3%)
[my-cards-profit] Analizzando (342/2003): ivan-losenko-2026-limited-93
[my-cards-profit]   ❌ No profit: acquistato 1.98€, market 0.47€ (-76.3%)
[my-cards-profit] Analizzando (343/2003): owen-graham-roache-2026-limited-140
[my-cards-profit]   ❌ No profit: acquistato 1.98€, market 0.44€ (-77.8%)
[my-cards-profit] Analizzando (344/2003): geovane-de-jesus-rocha-2026-limited-91
[my-cards-profit]   ❌ No profit: acquistato 1.98€, market 0.46€ (-76.8%)
[my-cards-profit] Analizzando (345/2003): kyle-hiebert-2026-limited-115
[my-cards-profit]   ❌ No profit: acquistato 1.98€, market 0.49€ (-75.3%)
[my-cards-profit] Analizzando (346/2003): bryce-everett-jamison-2026-limited-90
[my-cards-profit]   ❌ No profit: acquistato 1.98€, market 0.47€ (-76.3%)
[my-cards-profit] Analizzando (347/2003): mykhi-joyner-2026-limited-111
[my-cards-profit]   ❌ No profit: acquistato 1.98€, market 0.45€ (-77.3%)
[my-cards-profit] Analizzando (348/2003): luke-brennan-2005-02-24-2026-limited-130
[my-cards-profit]   ❌ No profit: acquistato 1.98€, market 0.76€ (-61.6%)
[my-cards-profit] Analizzando (349/2003): ian-murphy-2026-limited-114
[my-cards-profit]   ❌ No profit: acquistato 1.98€, market 0.46€ (-76.8%)
[my-cards-profit] Analizzando (350/2003): david-romney-2026-limited-125
[my-cards-profit]   ❌ No profit: acquistato 1.97€, market 0.47€ (-76.1%)
[my-cards-profit] Analizzando (351/2003): alberto-flores-lopez-2025-limited-402
[my-cards-profit]   ❌ No profit: acquistato 2.07€, market 1.00€ (-51.7%)
[my-cards-profit] Analizzando (352/2003): brian-anunga-2026-limited-148
[my-cards-profit]   ❌ No profit: acquistato 1.97€, market 0.78€ (-60.5%)
[my-cards-profit] Analizzando (353/2003): jakob-maximilian-scholler-2025-limited-286
[my-cards-profit]   ✅ PROFIT: acquistato 2.07€, market 3.00€ (+0.93€, +44.9%)
[my-cards-profit] Analizzando (354/2003): cayman-togashi-2026-limited-99
[my-cards-profit]   ❌ No profit: acquistato 1.97€, market 0.50€ (-74.6%)
[my-cards-profit] Analizzando (355/2003): damario-mcintosh-2026-limited-121
[my-cards-profit]   🔨 CRAFT/PREMIO DI VALORE: nessun acquisto noto, market 0.68€ (pack=False)
[my-cards-profit] Analizzando (356/2003): kevin-muller-2025-limited-502
[my-cards-profit]   ➖ Nessun acquisto noto, market 0.40€ (sotto soglia)
[my-cards-profit] Analizzando (357/2003): zachary-zengue-2026-limited-112
[my-cards-profit]   🔨 CRAFT/PREMIO DI VALORE: nessun acquisto noto, market 0.61€ (pack=False)
[my-cards-profit] Analizzando (358/2003): donavan-gusto-phillip-2026-limited-83
[my-cards-profit]   ❌ No profit: acquistato 1.98€, market 0.48€ (-75.8%)
[my-cards-profit] Analizzando (359/2003): lalas-abubakar-2026-limited-114
[my-cards-profit]   ❌ No profit: acquistato 1.98€, market 0.49€ (-75.3%)
[my-cards-profit] Analizzando (360/2003): gabriel-segal-2026-limited-103
[my-cards-profit]   ❌ No profit: acquistato 1.98€, market 0.47€ (-76.3%)
[my-cards-profit] Analizzando (361/2003): tomas-totland-2026-limited-138
[my-cards-profit]   ❌ No profit: acquistato 1.98€, market 0.94€ (-52.5%)
[my-cards-profit] Analizzando (362/2003): caleb-swann-2026-limited-85
[my-cards-profit]   🔨 CRAFT/PREMIO DI VALORE: nessun acquisto noto, market 0.52€ (pack=False)
[my-cards-profit] Analizzando (363/2003): jackson-tchatchoua-2025-limited-382
[my-cards-profit]   ➖ Nessun acquisto noto, market 0.38€ (sotto soglia)
[my-cards-profit] Analizzando (364/2003): luis-rivera-2026-limited-111
[my-cards-profit]   ❌ No profit: acquistato 2.02€, market 0.47€ (-76.7%)
[my-cards-profit] Analizzando (365/2003): moussa-djitte-2025-limited-174
[my-cards-profit]   ➖ Nessun acquisto noto, market 0.34€ (sotto soglia)
[my-cards-profit] Analizzando (366/2003): sirlord-conteh-2025-limited-306
[my-cards-profit]   ➖ Nessun acquisto noto, market 0.34€ (sotto soglia)
[my-cards-profit] Analizzando (367/2003): gerald-alders-2025-limited-40
[my-cards-profit]   ➖ Nessun acquisto noto, market 0.50€ (sotto soglia)
[my-cards-profit] Analizzando (368/2003): lucas-bernadou-2025-limited-273
[my-cards-profit]   ➖ Nessun acquisto noto, market 0.34€ (sotto soglia)
[my-cards-profit] Analizzando (369/2003): niklas-dorsch-2025-limited-403
[my-cards-profit]   ➖ Nessun acquisto noto, market 0.50€ (sotto soglia)
[my-cards-profit] Analizzando (370/2003): daiya-maekawa-2026-limited-226
[my-cards-profit]   ❌ No profit: acquistato 11.00€, market 0.85€ (-92.3%)
[my-cards-profit] Analizzando (371/2003): juan-giovanni-villa-2026-limited-91
[my-cards-profit]   ❌ No profit: acquistato 2.07€, market 0.44€ (-78.7%)
[my-cards-profit] Analizzando (372/2003): sydney-wathuta-2026-limited-89
[my-cards-profit]   ❌ No profit: acquistato 2.07€, market 0.50€ (-75.8%)
[my-cards-profit] Analizzando (373/2003): william-conner-antley-2026-limited-99
[my-cards-profit]   ❌ No profit: acquistato 2.07€, market 0.59€ (-71.6%)
[my-cards-profit] Analizzando (374/2003): nathan-crockford-2026-limited-100
[my-cards-profit]   ❌ No profit: acquistato 2.07€, market 0.48€ (-76.8%)
[my-cards-profit] Analizzando (375/2003): marcus-caldeira-2026-limited-103
[my-cards-profit]   ❌ No profit: acquistato 2.07€, market 0.50€ (-75.8%)
[my-cards-profit] Analizzando (376/2003): christopher-mueller-2026-limited-149
[my-cards-profit]   ❌ No profit: acquistato 2.07€, market 0.64€ (-69.1%)
[my-cards-profit] Analizzando (377/2003): owen-anderson-2026-limited-81
[my-cards-profit]   ❌ No profit: acquistato 2.07€, market 0.56€ (-72.9%)
[my-cards-profit] Analizzando (378/2003): carlos-miguel-harvey-cesneros-2026-limited-151
[my-cards-profit]   ❌ No profit: acquistato 2.07€, market 0.50€ (-75.8%)
[my-cards-profit] Analizzando (379/2003): claudio-pires-morais-ramos-2025-limited-774
[my-cards-profit]   ➖ Nessun acquisto noto, market 0.50€ (sotto soglia)
[my-cards-profit] Analizzando (380/2003): enzo-newman-2026-limited-94
[my-cards-profit]   ❌ No profit: acquistato 2.06€, market 0.47€ (-77.2%)
[my-cards-profit] Analizzando (381/2003): keke-maximilian-topp-2025-limited-551
[my-cards-profit]   ➖ Nessun acquisto noto, market 0.36€ (sotto soglia)
[my-cards-profit] Analizzando (382/2003): jesus-rafael-barea-barroso-2026-limited-124
[my-cards-profit]   ❌ No profit: acquistato 2.06€, market 0.48€ (-76.7%)
[my-cards-profit] Analizzando (383/2003): max-floriani-2026-limited-114
[my-cards-profit]   ❌ No profit: acquistato 2.06€, market 1.11€ (-46.1%)
[my-cards-profit] Analizzando (384/2003): gabriel-segal-2026-limited-102
[my-cards-profit]   ❌ No profit: acquistato 2.43€, market 0.47€ (-80.7%)
[my-cards-profit] Analizzando (385/2003): riley-thomas-2026-limited-107
[my-cards-profit]   ❌ No profit: acquistato 2.06€, market 0.48€ (-76.7%)
[my-cards-profit] Analizzando (386/2003): ibrahim-sunusi-2026-limited-95
[my-cards-profit]   ❌ No profit: acquistato 2.43€, market 0.49€ (-79.7%)
[my-cards-profit] Analizzando (387/2003): josh-duc-nteziryayo-2026-limited-114
[my-cards-profit]   ❌ No profit: acquistato 2.06€, market 0.47€ (-77.2%)
[my-cards-profit] Analizzando (388/2003): grischa-promel-2025-limited-632
[my-cards-profit]   ➖ Nessun acquisto noto, market 0.34€ (sotto soglia)
[my-cards-profit] Analizzando (389/2003): angel-ortiz-monterrey-2025-limited-584
[my-cards-profit]   ➖ Nessun acquisto noto, market 0.34€ (sotto soglia)
[my-cards-profit] Analizzando (390/2003): kim-chang-hun-2026-limited-129
[my-cards-profit]   ❌ No profit: acquistato 2.06€, market 0.55€ (-73.3%)
[my-cards-profit] Analizzando (391/2003): seong-min-kim-2026-limited-85
[my-cards-profit]   ❌ No profit: acquistato 2.06€, market 0.70€ (-66.0%)
[my-cards-profit] Analizzando (392/2003): jeong-in-park-2026-limited-101
[my-cards-profit]   ❌ No profit: acquistato 2.06€, market 0.49€ (-76.2%)
[my-cards-profit] Analizzando (393/2003): soo-il-park-2026-limited-95
[my-cards-profit]   ⚠️ Prezzo market non trovato
[my-cards-profit] Analizzando (394/2003): seong-woo-moon-2026-limited-87
[my-cards-profit]   ❌ No profit: acquistato 2.07€, market 0.48€ (-76.8%)
[my-cards-profit] Analizzando (395/2003): hafiz-umar-ibrahim-2025-limited-542
[my-cards-profit]   ➖ Nessun acquisto noto, market 0.33€ (sotto soglia)
[my-cards-profit] Analizzando (396/2003): mouhamadou-diarra-2025-limited-735
[my-cards-profit]   🔨 CRAFT/PREMIO DI VALORE: nessun acquisto noto, market 0.51€ (pack=False)
[my-cards-profit] Analizzando (397/2003): owono-darnell-keumo-2025-limited-115
[my-cards-profit]   🔨 CRAFT/PREMIO DI VALORE: nessun acquisto noto, market 0.97€ (pack=False)
[my-cards-profit] Analizzando (398/2003): charles-vanhoutte-2025-limited-897
[my-cards-profit]   🔨 CRAFT/PREMIO DI VALORE: nessun acquisto noto, market 1.00€ (pack=False)
[my-cards-profit] Analizzando (399/2003): alaa-bellaarouch-2025-limited-536
[my-cards-profit]   ➖ Nessun acquisto noto, market 0.34€ (sotto soglia)
[my-cards-profit] Analizzando (400/2003): edward-chilufya-2025-limited-552
[my-cards-profit]   ➖ Nessun acquisto noto, market 0.34€ (sotto soglia)
[my-cards-profit] Analizzando (401/2003): melvin-bard-2025-limited-741
[my-cards-profit]   ➖ Nessun acquisto noto, market 0.41€ (sotto soglia)
[my-cards-profit] Analizzando (402/2003): yosuke-furukawa-2025-limited-273
[my-cards-profit]   ➖ Nessun acquisto noto, market 0.35€ (sotto soglia)
[my-cards-profit] Analizzando (403/2003): chung-hyun-lee-2026-limited-86
[my-cards-profit]   🔨 CRAFT/PREMIO DI VALORE: nessun acquisto noto, market 1.08€ (pack=False)
[my-cards-profit] Analizzando (404/2003): alex-cairns-2025-limited-603
[my-cards-profit]   ➖ Nessun acquisto noto, market 0.40€ (sotto soglia)
[my-cards-profit] Analizzando (405/2003): henry-wingo-2026-limited-126
[my-cards-profit]   ➖ Nessun acquisto noto, market 0.49€ (sotto soglia)
[my-cards-profit] Analizzando (406/2003): fehmi-mert-gunok-2025-limited-833
[my-cards-profit]   🔨 CRAFT/PREMIO DI VALORE: nessun acquisto noto, market 0.82€ (pack=False)
[my-cards-profit] Analizzando (407/2003): alexandros-katranis-2026-limited-115
[my-cards-profit]   ❌ No profit: acquistato 2.06€, market 0.48€ (-76.7%)
[my-cards-profit] Analizzando (408/2003): micah-aiden-burton-2026-limited-112
[my-cards-profit]   ❌ No profit: acquistato 2.44€, market 0.49€ (-79.9%)
[my-cards-profit] Analizzando (409/2003): quinn-sullivan-2026-limited-156
[my-cards-profit]   🔨 CRAFT/PREMIO DI VALORE: nessun acquisto noto, market 1.15€ (pack=False)
[my-cards-profit] Analizzando (410/2003): andrea-compagno-2026-limited-148
[my-cards-profit]   🔨 CRAFT/PREMIO DI VALORE: nessun acquisto noto, market 1.15€ (pack=False)
[my-cards-profit] Analizzando (411/2003): seung-won-baek-2026-limited-72
[my-cards-profit]   ❌ No profit: acquistato 2.07€, market 0.85€ (-58.9%)
[my-cards-profit] Analizzando (412/2003): jae-joon-an-2026-limited-86
[my-cards-profit]   ❌ No profit: acquistato 2.07€, market 0.70€ (-66.2%)
[my-cards-profit] Analizzando (413/2003): byeong-geun-hwang-2026-limited-70
[my-cards-profit]   ❌ No profit: acquistato 2.07€, market 0.64€ (-69.1%)
[my-cards-profit] Analizzando (414/2003): hong-seong-min-2026-limited-96
[my-cards-profit]   ✅ PROFIT: acquistato 2.07€, market 3.78€ (+1.71€, +82.6%)
[my-cards-profit] Analizzando (415/2003): jae-woo-kim-2026-limited-104
[my-cards-profit]   ❌ No profit: acquistato 2.07€, market 0.47€ (-77.3%)
[my-cards-profit] Analizzando (416/2003): seung-beom-son-2026-limited-84
[my-cards-profit]   ❌ No profit: acquistato 2.07€, market 0.63€ (-69.6%)
[my-cards-profit] Analizzando (417/2003): jeffrey-gal-2026-limited-112
[my-cards-profit]   ❌ No profit: acquistato 2.45€, market 1.25€ (-49.0%)
[my-cards-profit] Analizzando (418/2003): min-jun-wang-2026-limited-102
[my-cards-profit]   ❌ No profit: acquistato 2.06€, market 0.56€ (-72.7%)
[my-cards-profit] Analizzando (419/2003): ki-min-kwon-2026-limited-77
[my-cards-profit]   ❌ No profit: acquistato 2.06€, market 0.70€ (-66.0%)
[my-cards-profit] Analizzando (420/2003): hyun-woo-ju-2026-limited-81
[my-cards-profit]   ❌ No profit: acquistato 2.06€, market 0.49€ (-76.2%)
[my-cards-profit] Analizzando (421/2003): ji-won-kim-2026-limited-92
[my-cards-profit]   ❌ No profit: acquistato 2.06€, market 1.03€ (-50.1%)
[my-cards-profit] Analizzando (422/2003): osvald-gabriel-soe-2026-limited-186
[my-cards-profit]   🔨 CRAFT/PREMIO DI VALORE: nessun acquisto noto, market 0.54€ (pack=False)
[my-cards-profit] Analizzando (423/2003): imari-narain-samuels-2025-limited-296
[my-cards-profit]   ➖ Nessun acquisto noto, market 0.34€ (sotto soglia)
[my-cards-profit] Analizzando (424/2003): tiago-maria-antunes-gouveia-2025-limited-646
[my-cards-profit]   ➖ Nessun acquisto noto, market 0.35€ (sotto soglia)
[my-cards-profit] Analizzando (425/2003): liel-abada-2026-limited-183
[my-cards-profit]   🔨 CRAFT/PREMIO DI VALORE: nessun acquisto noto, market 1.17€ (pack=False)
[my-cards-profit] Analizzando (426/2003): jackson-travis-2026-limited-144
[my-cards-profit]   ➖ Nessun acquisto noto, market 0.48€ (sotto soglia)
[my-cards-profit] Analizzando (427/2003): greg-ranjitsingh-2026-limited-131
[my-cards-profit]   ❌ No profit: acquistato 2.44€, market 0.48€ (-80.5%)
[my-cards-profit] Analizzando (428/2003): ka-ram-han-2026-limited-90
[my-cards-profit]   ❌ No profit: acquistato 2.04€, market 0.48€ (-76.2%)
[my-cards-profit] Analizzando (429/2003): onni-valakari-2026-limited-252
[my-cards-profit]   ❌ No profit: acquistato 15.23€, market 1.81€ (-88.1%)
[my-cards-profit] Analizzando (430/2003): lucas-copado-schrobenhauser-2025-limited-277
[my-cards-profit]   ❌ No profit: acquistato 2.44€, market 0.49€ (-79.9%)
[my-cards-profit] Analizzando (431/2003): hyun-seok-yoon-2026-limited-108
[my-cards-profit]   ❌ No profit: acquistato 2.04€, market 0.61€ (-70.3%)
[my-cards-profit] Analizzando (432/2003): in-gyun-kim-2026-limited-97
[my-cards-profit]   ❌ No profit: acquistato 2.03€, market 0.50€ (-75.4%)
[my-cards-profit] Analizzando (433/2003): malick-fofana-2026-limited-158
[my-cards-profit]   ❌ No profit: acquistato 2.07€, market 0.34€ (-83.6%)
[my-cards-profit] Analizzando (434/2003): jin-seong-park-2026-limited-95
[my-cards-profit]   ❌ No profit: acquistato 2.03€, market 0.87€ (-57.4%)
[my-cards-profit] Analizzando (435/2003): jae-min-kim-2026-limited-88
[my-cards-profit]   ❌ No profit: acquistato 2.03€, market 0.49€ (-75.9%)
[my-cards-profit] Analizzando (436/2003): max-floriani-2026-limited-119
[my-cards-profit]   🔨 CRAFT/PREMIO DI VALORE: nessun acquisto noto, market 1.11€ (pack=False)
[my-cards-profit] Analizzando (437/2003): michael-collodi-2026-limited-255
[my-cards-profit]   🔨 CRAFT/PREMIO DI VALORE: nessun acquisto noto, market 0.59€ (pack=False)
[my-cards-profit] Analizzando (438/2003): lucas-pirard-2025-limited-469
[my-cards-profit]   ➖ Nessun acquisto noto, market 0.48€ (sotto soglia)
[my-cards-profit] Analizzando (439/2003): cedric-hatenboer-2025-limited-458
[my-cards-profit]   🔨 CRAFT/PREMIO DI VALORE: nessun acquisto noto, market 1.30€ (pack=False)
[my-cards-profit] Analizzando (440/2003): jeong-hyun-lee-2026-limited-57
[my-cards-profit]   ❌ No profit: acquistato 2.40€, market 0.91€ (-62.1%)
[my-cards-profit] Analizzando (441/2003): seung-won-baek-2026-limited-71
[my-cards-profit]   ❌ No profit: acquistato 2.40€, market 0.85€ (-64.6%)
[my-cards-profit] Analizzando (442/2003): bum-jun-kim-2026-limited-56
[my-cards-profit]   ❌ No profit: acquistato 2.40€, market 0.74€ (-69.2%)
[my-cards-profit] Analizzando (443/2003): seung-beom-son-2026-limited-83
[my-cards-profit]   ❌ No profit: acquistato 2.40€, market 0.63€ (-73.8%)
[my-cards-profit] Analizzando (444/2003): du-hyun-kim-2026-limited-118
[my-cards-profit]   ❌ No profit: acquistato 2.40€, market 1.45€ (-39.6%)
[my-cards-profit] Analizzando (445/2003): yun-ho-kim-2026-limited-78
[my-cards-profit]   ❌ No profit: acquistato 2.40€, market 0.48€ (-79.8%)
[my-cards-profit] Analizzando (446/2003): gyu-min-kim-2026-limited-76
[my-cards-profit]   ❌ No profit: acquistato 2.40€, market 0.80€ (-66.7%)
[my-cards-profit] Analizzando (447/2003): jae-woo-kang-2026-limited-138
[my-cards-profit]   ❌ No profit: acquistato 2.40€, market 0.65€ (-72.9%)
[my-cards-profit] Analizzando (448/2003): bong-hun-yeo-1994-03-12-2026-limited-69
[my-cards-profit]   ❌ No profit: acquistato 2.40€, market 0.70€ (-70.8%)
[my-cards-profit] Analizzando (449/2003): yechan-lee-2026-limited-90
[my-cards-profit]   🔨 CRAFT/PREMIO DI VALORE: nessun acquisto noto, market 0.80€ (pack=False)
[my-cards-profit] Analizzando (450/2003): syb-van-ottele-2025-limited-560
[my-cards-profit]   ➖ Nessun acquisto noto, market 0.34€ (sotto soglia)
[my-cards-profit] Analizzando (451/2003): stefan-bajic-2025-limited-328
[my-cards-profit]   ➖ Nessun acquisto noto, market 0.43€ (sotto soglia)
[my-cards-profit] Analizzando (452/2003): jasper-schendelaar-2025-limited-639
[my-cards-profit]   🔨 CRAFT/PREMIO DI VALORE: nessun acquisto noto, market 1.52€ (pack=False)
[my-cards-profit] Analizzando (453/2003): tojiro-kubo-2026-limited-243
[my-cards-profit]   🔨 CRAFT/PREMIO DI VALORE: nessun acquisto noto, market 0.53€ (pack=False)
[my-cards-profit] Analizzando (454/2003): matteo-schablas-2025-limited-301
[my-cards-profit]   🔨 CRAFT/PREMIO DI VALORE: nessun acquisto noto, market 0.54€ (pack=False)
[my-cards-profit] Analizzando (455/2003): yun-ho-kim-2026-limited-87
[my-cards-profit]   ➖ Nessun acquisto noto, market 0.48€ (sotto soglia)
[my-cards-profit] Analizzando (456/2003): daiki-fukazawa-2025-limited-170
[my-cards-profit]   ❌ No profit: acquistato 0.41€, market 0.33€ (-19.5%)
[my-cards-profit] Analizzando (457/2003): heung-min-son-2025-limited-226
[my-cards-profit]   ❌ No profit: acquistato 20.00€, market 5.45€ (-72.8%)
[my-cards-profit] Analizzando (458/2003): konstantinos-koulierakis-2024-limited-203
[my-cards-profit]   ❌ No profit: acquistato 1.17€, market 1.10€ (-6.0%)
[my-cards-profit] Analizzando (459/2003): bernard-kamungo-2023-limited-302
[my-cards-profit]   ❌ No profit: acquistato 0.52€, market 0.34€ (-35.1%)
[my-cards-profit] Analizzando (460/2003): luciano-federico-acosta-2023-limited-93
[my-cards-profit]   ❌ No profit: acquistato 2.90€, market 0.45€ (-84.5%)
[my-cards-profit] Analizzando (461/2003): kristijan-kahlina-2025-limited-629
[my-cards-profit]   ❌ No profit: acquistato 6.92€, market 1.04€ (-85.0%)
[my-cards-profit] Analizzando (462/2003): wilfried-zaha-2025-limited-530
[my-cards-profit]   ❌ No profit: acquistato 2.32€, market 0.40€ (-82.8%)
[my-cards-profit] Analizzando (463/2003): harry-toffolo-2023-limited-58
[my-cards-profit]   ❌ No profit: acquistato 0.61€, market 0.33€ (-45.9%)
[my-cards-profit] Analizzando (464/2003): jakub-kaminski-2024-limited-502
[my-cards-profit]   ❌ No profit: acquistato 1.99€, market 1.25€ (-37.2%)
[my-cards-profit] Analizzando (465/2003): illia-zabarnyi-2023-limited-347
[my-cards-profit]   ❌ No profit: acquistato 3.38€, market 2.46€ (-27.1%)
[my-cards-profit] Analizzando (466/2003): efrain-morales-2024-limited-187
[my-cards-profit]   ❌ No profit: acquistato 1.99€, market 0.48€ (-75.6%)
[my-cards-profit] Analizzando (467/2003): jeisson-andres-palacios-murillo-2025-limited-426
[my-cards-profit]   ✅ PROFIT: acquistato 2.30€, market 4.50€ (+2.20€, +95.7%)
[my-cards-profit] Analizzando (468/2003): alexandre-kouto-horio-pisano-2025-limited-289
[my-cards-profit]   ❌ No profit: acquistato 3.50€, market 3.29€ (-6.1%)
[my-cards-profit] Analizzando (469/2003): sung-yun-gu-2025-limited-98
[my-cards-profit]   ❌ No profit: acquistato 3.29€, market 2.24€ (-31.9%)
[my-cards-profit] Analizzando (470/2003): yazan-abo-alarab-2025-limited-642
[my-cards-profit]   ❌ No profit: acquistato 0.56€, market 0.65€ (+16.1%)
[my-cards-profit] Analizzando (471/2003): juan-antonio-ros-martinez-2022-limited-20
[my-cards-profit]   ✅ PROFIT: acquistato 1.08€, market 1.64€ (+0.56€, +51.9%)
[my-cards-profit] Analizzando (472/2003): mathieu-choiniere-2024-limited-145
[my-cards-profit]   ❌ No profit: acquistato 0.50€, market 0.47€ (-6.0%)
[my-cards-profit] Analizzando (473/2003): da-sol-kim-2026-limited-128
[my-cards-profit]   ➖ Nessun acquisto noto, market 0.49€ (sotto soglia)
[my-cards-profit] Analizzando (474/2003): shaquell-moore-2023-limited-403
[my-cards-profit]   ❌ No profit: acquistato 0.38€, market 0.34€ (-11.2%)
[my-cards-profit] Analizzando (475/2003): logan-farrington-2024-limited-116
[my-cards-profit]   ❌ No profit: acquistato 0.66€, market 0.50€ (-24.2%)
[my-cards-profit] Analizzando (476/2003): luc-marijnissen-2025-limited-588
[my-cards-profit]   ➖ Nessun acquisto noto, market 0.33€ (sotto soglia)
[my-cards-profit] Analizzando (477/2003): hannes-wolf-2025-limited-443
[my-cards-profit]   ❌ No profit: acquistato 0.60€, market 0.34€ (-43.7%)
[my-cards-profit] Analizzando (478/2003): santiago-german-solari-ferreyra-2025-limited-210
[my-cards-profit]   ❌ No profit: acquistato 0.55€, market 0.33€ (-40.0%)
[my-cards-profit] Analizzando (479/2003): leonardo-carrilho-baptistao-2023-limited-102
[my-cards-profit]   ❌ No profit: acquistato 0.55€, market 0.34€ (-38.6%)
[my-cards-profit] Analizzando (480/2003): ho-jae-lee-2022-limited-66
[my-cards-profit]   ❌ No profit: acquistato 0.61€, market 0.48€ (-20.6%)
[my-cards-profit] Analizzando (481/2003): woo-jin-choi-2026-limited-60
[my-cards-profit]   ❌ No profit: acquistato 2.51€, market 1.12€ (-55.5%)
[my-cards-profit] Analizzando (482/2003): jung-woo-jang-2026-limited-47
[my-cards-profit]   ❌ No profit: acquistato 0.72€, market 0.49€ (-31.9%)
[my-cards-profit] Analizzando (483/2003): bruno-rodrigues-mota-2026-limited-186
[my-cards-profit]   ❌ No profit: acquistato 10.75€, market 0.60€ (-94.4%)
[my-cards-profit] Analizzando (484/2003): bong-soo-kim-2026-limited-183
[my-cards-profit]   ❌ No profit: acquistato 15.96€, market 3.74€ (-76.6%)
[my-cards-profit] Analizzando (485/2003): myung-jae-lee-2026-limited-165
[my-cards-profit]   ❌ No profit: acquistato 4.05€, market 2.79€ (-31.0%)
[my-cards-profit] Analizzando (486/2003): min-kyu-joo-2026-limited-140
[my-cards-profit]   ❌ No profit: acquistato 2.83€, market 0.90€ (-68.2%)
[my-cards-profit] Analizzando (487/2003): seok-hyun-choi-2026-limited-143
[my-cards-profit]   ❌ No profit: acquistato 4.05€, market 0.75€ (-81.5%)
[my-cards-profit] Analizzando (488/2003): tae-joon-park-2026-limited-264
[my-cards-profit]   ❌ No profit: acquistato 8.70€, market 2.49€ (-71.4%)
[my-cards-profit] Analizzando (489/2003): in-jae-hwang-2026-limited-165
[my-cards-profit]   ❌ No profit: acquistato 8.86€, market 0.75€ (-91.6%)
[my-cards-profit] Analizzando (490/2003): tatsuya-ito-2025-limited-656
[my-cards-profit]   ❌ No profit: acquistato 3.08€, market 0.45€ (-85.4%)
[my-cards-profit] Analizzando (491/2003): edier-ocampo-vidal-2025-limited-361
[my-cards-profit]   ❌ No profit: acquistato 1.26€, market 0.80€ (-36.5%)
[my-cards-profit] Analizzando (492/2003): jeevan-singh-badwal-2025-limited-92
[my-cards-profit]   ✅ PROFIT: acquistato 1.46€, market 2.88€ (+1.42€, +97.3%)
[my-cards-profit] Analizzando (493/2003): thomas-muller-2025-limited-256
[my-cards-profit]   ❌ No profit: acquistato 6.66€, market 1.65€ (-75.2%)
[my-cards-profit] Analizzando (494/2003): hyung-geun-kim-2026-limited-136
[my-cards-profit]   ❌ No profit: acquistato 5.06€, market 1.40€ (-72.3%)
[my-cards-profit] Analizzando (495/2003): jordy-croux-2022-limited-183
[my-cards-profit]   ❌ No profit: acquistato 1.00€, market 0.34€ (-66.2%)
[my-cards-profit] Analizzando (496/2003): shuto-abe-2021-limited-258
[my-cards-profit]   ❌ No profit: acquistato 0.75€, market 0.33€ (-56.0%)
[my-cards-profit] Analizzando (497/2003): yuya-nagasawa-2025-limited-85
[my-cards-profit]   ❌ No profit: acquistato 1.00€, market 0.89€ (-11.0%)
[my-cards-profit] Analizzando (498/2003): brian-gutierrez-2025-limited-231
[my-cards-profit]   ❌ No profit: acquistato 0.49€, market 0.87€ (+77.6%)
[my-cards-profit] Analizzando (499/2003): thai-baribo-2022-limited-390
[my-cards-profit]   ❌ No profit: acquistato 0.75€, market 0.49€ (-34.7%)
[my-cards-profit] Analizzando (500/2003): jack-elliott-2023-limited-204
[my-cards-profit]   ❌ No profit: acquistato 0.52€, market 0.34€ (-35.1%)
[my-cards-profit] Analizzando (501/2003): mike-kleijn-2025-limited-426
[my-cards-profit]   ➖ Nessun acquisto noto, market 0.33€ (sotto soglia)
[my-cards-profit] Analizzando (502/2003): marcus-edwards-2025-limited-779
[my-cards-profit]   ➖ Nessun acquisto noto, market 0.43€ (sotto soglia)
[my-cards-profit] Analizzando (503/2003): jesper-karlsson-1998-07-25-2025-limited-348
[my-cards-profit]   ➖ Nessun acquisto noto, market 0.34€ (sotto soglia)
[my-cards-profit] Analizzando (504/2003): tristan-danique-van-den-heuvel-2025-limited-659
[my-cards-profit]   🔨 CRAFT/PREMIO DI VALORE: nessun acquisto noto, market 4.40€ (pack=False)
[my-cards-profit] Analizzando (505/2003): dirk-baron-2025-limited-318
[my-cards-profit]   ➖ Nessun acquisto noto, market 0.34€ (sotto soglia)
[my-cards-profit] Analizzando (506/2003): jayden-oosterwolde-2025-limited-843
[my-cards-profit]   ➖ Nessun acquisto noto, market 0.49€ (sotto soglia)
[my-cards-profit] Analizzando (507/2003): patrick-william-sa-de-oliveira-2026-limited-138
[my-cards-profit]   🔨 CRAFT/PREMIO DI VALORE: nessun acquisto noto, market 0.85€ (pack=False)
[my-cards-profit] Analizzando (508/2003): byung-chan-choi-2026-limited-58
[my-cards-profit]   🔨 CRAFT/PREMIO DI VALORE: nessun acquisto noto, market 1.00€ (pack=False)
[my-cards-profit] Analizzando (509/2003): andi-hoti-2025-limited-190
[my-cards-profit]   ➖ Nessun acquisto noto, market 0.34€ (sotto soglia)
[my-cards-profit] Analizzando (510/2003): gianluca-mancini-2021-limited-125
[my-cards-profit]   ✅ PROFIT: acquistato 4.00€, market 5.26€ (+1.26€, +31.5%)
[my-cards-profit] Analizzando (511/2003): alberto-oliveira-baio-2025-limited-478
[my-cards-profit]   ✅ PROFIT: acquistato 1.70€, market 2.50€ (+0.80€, +47.1%)
[my-cards-profit] Analizzando (512/2003): nouhou-tolo-2024-limited-250
[my-cards-profit]   ❌ No profit: acquistato 0.65€, market 0.55€ (-15.4%)
[my-cards-profit] Analizzando (513/2003): olivier-deman-2021-limited-37
[my-cards-profit]   ❌ No profit: acquistato 0.53€, market 0.36€ (-32.1%)
[my-cards-profit] Analizzando (514/2003): yosuke-ideguchi-2021-limited-79
[my-cards-profit]   ❌ No profit: acquistato 0.55€, market 0.33€ (-40.2%)
[my-cards-profit] Analizzando (515/2003): oberdan-alionco-de-lima-2026-limited-154
[my-cards-profit]   ❌ No profit: acquistato 11.40€, market 4.23€ (-62.9%)
[my-cards-profit] Analizzando (516/2003): tae-hwan-kim-1989-07-24-2026-limited-6
[my-cards-profit]   ❌ No profit: acquistato 3.90€, market 1.00€ (-74.4%)
[my-cards-profit] Analizzando (517/2003): tae-hyun-kim-2026-limited-134
[my-cards-profit]   ❌ No profit: acquistato 8.82€, market 0.70€ (-92.1%)
[my-cards-profit] Analizzando (518/2003): dong-jin-kim-2026-limited-114
[my-cards-profit]   ❌ No profit: acquistato 3.38€, market 0.98€ (-71.0%)
[my-cards-profit] Analizzando (519/2003): miha-zajc-2025-limited-228
[my-cards-profit]   ❌ No profit: acquistato 5.72€, market 1.34€ (-76.5%)
[my-cards-profit] Analizzando (520/2003): chang-mu-shin-2026-limited-96
[my-cards-profit]   ❌ No profit: acquistato 3.71€, market 0.48€ (-87.1%)
[my-cards-profit] Analizzando (521/2003): samuel-amo-ameyaw-2024-limited-59
[my-cards-profit]   ❌ No profit: acquistato 0.66€, market 0.50€ (-24.2%)
[my-cards-profit] Analizzando (522/2003): jin-ho-kim-2026-limited-70
[my-cards-profit]   ❌ No profit: acquistato 3.02€, market 0.49€ (-83.7%)
[my-cards-profit] Analizzando (523/2003): kyung-min-kim-2026-limited-154
[my-cards-profit]   ❌ No profit: acquistato 7.82€, market 1.48€ (-81.1%)
[my-cards-profit] Analizzando (524/2003): john-franky-montano-sinisterra-2026-limited-111
[my-cards-profit]   ❌ No profit: acquistato 3.55€, market 0.79€ (-77.7%)
[my-cards-profit] Analizzando (525/2003): joao-victor-lima-ferreira-2026-limited-158
[my-cards-profit]   ❌ No profit: acquistato 2.67€, market 0.49€ (-81.6%)
[my-cards-profit] Analizzando (526/2003): kyoung-rok-choi-2026-limited-125
[my-cards-profit]   ❌ No profit: acquistato 6.49€, market 0.48€ (-92.5%)
[my-cards-profit] Analizzando (527/2003): joris-van-overeem-2025-limited-626
[my-cards-profit]   ❌ No profit: acquistato 2.07€, market 1.24€ (-40.2%)
[my-cards-profit] Analizzando (528/2003): jeff-hardeveld-2022-limited-104
[my-cards-profit]   ❌ No profit: acquistato 3.81€, market 1.50€ (-60.6%)
[my-cards-profit] Analizzando (529/2003): jack-elliott-2023-limited-396
[my-cards-profit]   ❌ No profit: acquistato 0.48€, market 0.34€ (-29.7%)
[my-cards-profit] Analizzando (530/2003): philip-zinckernagel-2025-limited-786
[my-cards-profit]   ✅ PROFIT: acquistato 4.99€, market 6.95€ (+1.96€, +39.3%)
[my-cards-profit] Analizzando (531/2003): jonathan-bamba-2024-limited-306
[my-cards-profit]   ❌ No profit: acquistato 0.52€, market 0.34€ (-34.6%)
[my-cards-profit] Analizzando (532/2003): young-gwon-kim-2026-limited-129
[my-cards-profit]   ❌ No profit: acquistato 2.87€, market 0.83€ (-71.1%)
[my-cards-profit] Analizzando (533/2003): hyun-taek-cho-2026-limited-84
[my-cards-profit]   ❌ No profit: acquistato 4.80€, market 1.50€ (-68.8%)
[my-cards-profit] Analizzando (534/2003): thomas-oude-kotte-2026-limited-142
[my-cards-profit]   ❌ No profit: acquistato 3.93€, market 1.15€ (-70.7%)
[my-cards-profit] Analizzando (535/2003): hyun-woo-cho-2026-limited-144
[my-cards-profit]   ❌ No profit: acquistato 12.69€, market 2.85€ (-77.5%)
[my-cards-profit] Analizzando (536/2003): yago-cariello-ribeiro-2026-limited-157
[my-cards-profit]   ❌ No profit: acquistato 12.52€, market 4.44€ (-64.6%)
[my-cards-profit] Analizzando (537/2003): jeong-hoon-kim-2001-04-20-2026-limited-144
[my-cards-profit]   ❌ No profit: acquistato 7.69€, market 3.00€ (-61.0%)
[my-cards-profit] Analizzando (538/2003): dong-kyung-lee-2026-limited-140
[my-cards-profit]   ❌ No profit: acquistato 23.24€, market 16.10€ (-30.7%)
[my-cards-profit] Analizzando (539/2003): dong-kyung-lee-2024-limited-76
[my-cards-profit]   🔁 Ricevuta in scambio, esclusa (nessun costo in euro quantificabile)
[my-cards-profit] Analizzando (540/2003): matheus-oliveira-santos-2025-limited-658
[my-cards-profit]   ❌ No profit: acquistato 5.89€, market 4.21€ (-28.5%)
[my-cards-profit] Analizzando (541/2003): mahamadou-diawara-2005-02-17-2025-limited-412
[my-cards-profit]   ➖ Nessun acquisto noto, market 0.38€ (sotto soglia)
[my-cards-profit] Analizzando (542/2003): florian-le-joncour-2025-limited-512
[my-cards-profit]   ➖ Nessun acquisto noto, market 0.34€ (sotto soglia)
[my-cards-profit] Analizzando (543/2003): jesus-vazquez-alcalde-2025-limited-540
[my-cards-profit]   ➖ Nessun acquisto noto, market 0.34€ (sotto soglia)
[my-cards-profit] Analizzando (544/2003): joon-hyuck-kang-2025-limited-175
[my-cards-profit]   ✅ PROFIT: acquistato 0.60€, market 2.79€ (+2.19€, +365.6%)
[my-cards-profit] Analizzando (545/2003): seo-jae-min-2026-limited-83
[my-cards-profit]   ❌ No profit: acquistato 3.13€, market 2.92€ (-6.7%)
[my-cards-profit] Analizzando (546/2003): joo-yong-lee-2026-limited-114
[my-cards-profit]   ❌ No profit: acquistato 2.26€, market 2.55€ (+12.8%)
[my-cards-profit] Analizzando (547/2003): gerso-fernandes-2026-limited-131
[my-cards-profit]   ❌ No profit: acquistato 3.31€, market 1.00€ (-69.8%)
[my-cards-profit] Analizzando (548/2003): dong-heon-kim-2026-limited-127
[my-cards-profit]   ❌ No profit: acquistato 5.22€, market 2.30€ (-55.9%)
[my-cards-profit] Analizzando (549/2003): samuel-elias-dahl-2025-limited-324
[my-cards-profit]   ❌ No profit: acquistato 4.50€, market 3.45€ (-23.3%)
[my-cards-profit] Analizzando (550/2003): cristian-alexis-borja-gonzalez-2021-limited-177
[my-cards-profit]   ⚠️ Prezzo market non trovato
[my-cards-profit] Analizzando (551/2003): christopher-brady-2025-limited-660
[my-cards-profit]   ❌ No profit: acquistato 4.50€, market 4.59€ (+1.9%)
[my-cards-profit] Analizzando (552/2003): yuya-yamagishi-2022-limited-113
[my-cards-profit]   ➖ Nessun acquisto noto, market 0.38€ (sotto soglia)
[my-cards-profit] Analizzando (553/2003): ante-bajic-2023-limited-30
[my-cards-profit]   ➖ Nessun acquisto noto, market 0.34€ (sotto soglia)
[my-cards-profit] Analizzando (554/2003): keaton-alexander-parks-2023-limited-323
[my-cards-profit]   ➖ Nessun acquisto noto, market 0.34€ (sotto soglia)
[my-cards-profit] Analizzando (555/2003): jin-su-seo-2023-limited-128
[my-cards-profit]   ❌ No profit: acquistato 1.37€, market 0.82€ (-40.0%)
[my-cards-profit] Analizzando (556/2003): viktor-bak-jensen-2025-limited-353
[my-cards-profit]   🔁 Ricevuta in scambio, esclusa (nessun costo in euro quantificabile)
[my-cards-profit] Analizzando (557/2003): taylor-harwood-bellis-2024-limited-528
[my-cards-profit]   🔁 Ricevuta in scambio, esclusa (nessun costo in euro quantificabile)
[my-cards-profit] Analizzando (558/2003): philip-billing-2025-limited-412
[my-cards-profit]   🔁 Ricevuta in scambio, esclusa (nessun costo in euro quantificabile)
[my-cards-profit] Analizzando (559/2003): lazar-samardzic-2024-limited-20
[my-cards-profit]   🔁 Ricevuta in scambio, esclusa (nessun costo in euro quantificabile)
[my-cards-profit] Analizzando (560/2003): jamie-mcgrath-2025-limited-383
[my-cards-profit]   🔁 Ricevuta in scambio, esclusa (nessun costo in euro quantificabile)
[my-cards-profit] Analizzando (561/2003): harry-milne-2025-limited-410
[my-cards-profit]   🔁 Ricevuta in scambio, esclusa (nessun costo in euro quantificabile)
[my-cards-profit] Analizzando (562/2003): emmanuel-fernandez-2025-limited-129
[my-cards-profit]   🔁 Ricevuta in scambio, esclusa (nessun costo in euro quantificabile)
[my-cards-profit] Analizzando (563/2003): raheem-edwards-2023-limited-143
[my-cards-profit]   ❌ No profit: acquistato 0.36€, market 0.33€ (-8.6%)
[my-cards-profit] Analizzando (564/2003): matteo-guendouzi-olie-2024-limited-342
[my-cards-profit]   ✅ PROFIT: acquistato 1.33€, market 2.79€ (+1.46€, +110.0%)
[my-cards-profit] Analizzando (565/2003): marius-mouandilmadji-2023-limited-198
[my-cards-profit]   ✅ PROFIT: acquistato 0.56€, market 1.58€ (+1.02€, +182.8%)
[my-cards-profit] Analizzando (566/2003): tibe-de-vlieger-2025-limited-487
[my-cards-profit]   ✅ PROFIT: acquistato 0.52€, market 2.60€ (+2.08€, +400.0%)
[my-cards-profit] Analizzando (567/2003): jay-dasilva-2023-limited-272
[my-cards-profit]   ❌ No profit: acquistato 2.69€, market 0.68€ (-74.7%)
[my-cards-profit] Analizzando (568/2003): joao-klauss-de-mello-2025-limited-598
[my-cards-profit]   ❌ No profit: acquistato 2.52€, market 0.49€ (-80.6%)
[my-cards-profit] Analizzando (569/2003): mathias-nicolas-laborda-malsenido-2025-limited-139
[my-cards-profit]   ❌ No profit: acquistato 1.10€, market 1.33€ (+21.1%)
[my-cards-profit] Analizzando (570/2003): david-enmanuel-martinez-morales-2025-limited-664
[my-cards-profit]   ❌ No profit: acquistato 3.90€, market 1.27€ (-67.4%)
[my-cards-profit] Analizzando (571/2003): damian-pizarro-2024-limited-349
[my-cards-profit]   ❌ No profit: acquistato 1.00€, market 0.49€ (-50.9%)
[my-cards-profit] Analizzando (572/2003): valeri-qazaishvili-2023-limited-207
[my-cards-profit]   ❌ No profit: acquistato 12.93€, market 5.50€ (-57.5%)
[my-cards-profit] Analizzando (573/2003): agustin-palavecino-2024-limited-24
[my-cards-profit]   ❌ No profit: acquistato 4.80€, market 0.50€ (-89.6%)
[my-cards-profit] Analizzando (574/2003): yuya-yamagishi-2022-limited-392
[my-cards-profit]   ❌ No profit: acquistato 0.37€, market 0.38€ (+2.9%)
[my-cards-profit] Analizzando (575/2003): haruya-fujii-2024-limited-120
[my-cards-profit]   ❌ No profit: acquistato 2.49€, market 0.94€ (-62.2%)
[my-cards-profit] Analizzando (576/2003): cristian-omar-espinoza-2024-limited-8
[my-cards-profit]   ❌ No profit: acquistato 2.10€, market 1.31€ (-37.4%)
[my-cards-profit] Analizzando (577/2003): sho-inagaki-2021-limited-9
[my-cards-profit]   ❌ No profit: acquistato 1.54€, market 0.34€ (-77.9%)
[my-cards-profit] Analizzando (578/2003): tojiro-kubo-2025-limited-119
[my-cards-profit]   ❌ No profit: acquistato 0.99€, market 0.53€ (-46.7%)
[my-cards-profit] Analizzando (579/2003): chang-rae-ha-2025-limited-202
[my-cards-profit]   ❌ No profit: acquistato 0.45€, market 0.43€ (-3.8%)
[my-cards-profit] Analizzando (580/2003): wataru-harada-2023-limited-68
[my-cards-profit]   ❌ No profit: acquistato 0.39€, market 0.34€ (-13.5%)
[my-cards-profit] Analizzando (581/2003): teo-quintero-2025-limited-570
[my-cards-profit]   ➖ Nessun acquisto noto, market 0.34€ (sotto soglia)
[my-cards-profit] Analizzando (582/2003): manolis-saliakas-2023-limited-104
[my-cards-profit]   ❌ No profit: acquistato 0.48€, market 0.34€ (-29.7%)
[my-cards-profit] Analizzando (583/2003): andres-martin-garcia-2021-limited-122
[my-cards-profit]   ❌ No profit: acquistato 7.45€, market 6.00€ (-19.5%)
[my-cards-profit] Analizzando (584/2003): jeyland-yahir-mitchell-baltodano-2025-limited-501
[my-cards-profit]   ❌ No profit: acquistato 3.60€, market 2.60€ (-27.8%)
[my-cards-profit] Analizzando (585/2003): johannes-eggestein-2024-limited-122
[my-cards-profit]   ❌ No profit: acquistato 2.00€, market 0.50€ (-75.0%)
[my-cards-profit] Analizzando (586/2003): ernest-muci-2025-limited-473
[my-cards-profit]   ❌ No profit: acquistato 13.78€, market 1.00€ (-92.7%)
[my-cards-profit] Analizzando (587/2003): joao-pedro-cavaco-cancelo-2023-limited-252
[my-cards-profit]   ❌ No profit: acquistato 4.80€, market 3.00€ (-37.4%)
[my-cards-profit] Analizzando (588/2003): gabin-bernardeau-2025-limited-491
[my-cards-profit]   ➖ Nessun acquisto noto, market 0.49€ (sotto soglia)
[my-cards-profit] Analizzando (589/2003): arnaud-nordin-2025-limited-481
[my-cards-profit]   ➖ Nessun acquisto noto, market 0.34€ (sotto soglia)
[my-cards-profit] Analizzando (590/2003): felix-uduokhai-2025-limited-628
[my-cards-profit]   ➖ Nessun acquisto noto, market 0.34€ (sotto soglia)
[my-cards-profit] Analizzando (591/2003): naoufal-bohamdi-kamoni-2025-limited-56
[my-cards-profit]   🔨 CRAFT/PREMIO DI VALORE: nessun acquisto noto, market 0.69€ (pack=False)
[my-cards-profit] Analizzando (592/2003): yannick-votter-2025-limited-229
[my-cards-profit]   ➖ Nessun acquisto noto, market 0.34€ (sotto soglia)
[my-cards-profit] Analizzando (593/2003): joao-pedro-ferreira-silva-2025-limited-747
[my-cards-profit]   ➖ Nessun acquisto noto, market 0.34€ (sotto soglia)
[my-cards-profit] Analizzando (594/2003): daniel-hanslik-2025-limited-478
[my-cards-profit]   ➖ Nessun acquisto noto, market 0.34€ (sotto soglia)
[my-cards-profit] Analizzando (595/2003): loic-mbe-soh-2024-limited-164
[my-cards-profit]   ✅ PROFIT: acquistato 0.57€, market 1.20€ (+0.63€, +110.5%)
[my-cards-profit] Analizzando (596/2003): pedro-jeampierre-vite-uca-2025-limited-50
[my-cards-profit]   ❌ No profit: acquistato 2.69€, market 0.49€ (-81.7%)
[my-cards-profit] Analizzando (597/2003): tawanda-jethro-maswanhise-2024-limited-264
[my-cards-profit]   ❌ No profit: acquistato 5.86€, market 0.66€ (-88.8%)
[my-cards-profit] Analizzando (598/2003): hany-mukhtar-2025-limited-432
[my-cards-profit]   ❌ No profit: acquistato 4.90€, market 0.70€ (-85.7%)
[my-cards-profit] Analizzando (599/2003): anthony-markanich-2025-limited-262
[my-cards-profit]   ❌ No profit: acquistato 1.15€, market 0.95€ (-17.4%)
[my-cards-profit] Analizzando (600/2003): drake-callender-2025-limited-191
[my-cards-profit]   ❌ No profit: acquistato 2.59€, market 1.29€ (-50.4%)
[my-cards-profit] Analizzando (601/2003): rodrigo-castillo-2024-limited-339
[my-cards-profit]   ❌ No profit: acquistato 1.28€, market 0.34€ (-73.4%)
[my-cards-profit] Analizzando (602/2003): diego-lainez-leyva-2024-limited-442
[my-cards-profit]   ❌ No profit: acquistato 2.75€, market 2.94€ (+6.9%)
[my-cards-profit] Analizzando (603/2003): edimilson-fernandes-2024-limited-408
[my-cards-profit]   ✅ PROFIT: acquistato 1.93€, market 2.46€ (+0.53€, +27.7%)
[my-cards-profit] Analizzando (604/2003): anton-stach-2023-limited-19
[my-cards-profit]   ❌ No profit: acquistato 1.60€, market 0.49€ (-69.2%)
[my-cards-profit] Analizzando (605/2003): janis-blaswich-2024-limited-454
[my-cards-profit]   ❌ No profit: acquistato 6.00€, market 0.70€ (-88.3%)
[my-cards-profit] Analizzando (606/2003): yasuto-wakizaka-2025-limited-499
[my-cards-profit]   ❌ No profit: acquistato 1.46€, market 0.34€ (-76.9%)
[my-cards-profit] Analizzando (607/2003): yota-sato-2025-limited-131
[my-cards-profit]   ❌ No profit: acquistato 0.55€, market 0.34€ (-38.6%)
[my-cards-profit] Analizzando (608/2003): henrique-de-souza-trevisan-2024-limited-306
[my-cards-profit]   ❌ No profit: acquistato 0.35€, market 0.33€ (-6.0%)
[my-cards-profit] Analizzando (609/2003): sebastian-berhalter-2024-limited-34
[my-cards-profit]   ❌ No profit: acquistato 7.74€, market 2.85€ (-63.2%)
[my-cards-profit] Analizzando (610/2003): brian-white-2025-limited-123
[my-cards-profit]   ❌ No profit: acquistato 1.00€, market 0.48€ (-51.5%)
[my-cards-profit] Analizzando (611/2003): young-gwon-kim-2024-limited-154
[my-cards-profit]   ❌ No profit: acquistato 0.38€, market 0.34€ (-11.2%)
[my-cards-profit] Analizzando (612/2003): daniel-de-sousa-brito-2025-limited-464
[my-cards-profit]   ❌ No profit: acquistato 1.57€, market 0.49€ (-68.6%)
[my-cards-profit] Analizzando (613/2003): daniel-munie-2025-limited-243
[my-cards-profit]   ❌ No profit: acquistato 0.80€, market 0.50€ (-37.5%)
[my-cards-profit] Analizzando (614/2003): jamar-ricketts-2025-limited-182
[my-cards-profit]   ❌ No profit: acquistato 0.99€, market 0.42€ (-57.6%)
[my-cards-profit] Analizzando (615/2003): daiki-sugioka-2023-limited-88
[my-cards-profit]   ❌ No profit: acquistato 0.55€, market 0.42€ (-22.9%)
[my-cards-profit] Analizzando (616/2003): marky-delgado-2023-limited-164
[my-cards-profit]   ❌ No profit: acquistato 1.95€, market 0.34€ (-82.6%)
[my-cards-profit] Analizzando (617/2003): marcus-wendel-valle-da-silva-2021-limited-254
[my-cards-profit]   ✅ PROFIT: acquistato 7.50€, market 12.00€ (+4.50€, +60.0%)
[my-cards-profit] Analizzando (618/2003): camilo-andres-vargas-gil-2024-limited-309
[my-cards-profit]   ❌ No profit: acquistato 1.55€, market 1.09€ (-29.7%)
[my-cards-profit] Analizzando (619/2003): andrei-florin-ratiu-2024-limited-657
[my-cards-profit]   ❌ No profit: acquistato 0.75€, market 0.70€ (-6.7%)
[my-cards-profit] Analizzando (620/2003): isaac-palazon-camacho-2022-limited-197
[my-cards-profit]   ❌ No profit: acquistato 0.48€, market 0.34€ (-29.7%)
[my-cards-profit] Analizzando (621/2003): jorge-de-frutos-sebastian-2022-limited-52
[my-cards-profit]   ❌ No profit: acquistato 0.55€, market 0.39€ (-29.1%)
[my-cards-profit] Analizzando (622/2003): cristian-daniel-arango-duque-2025-limited-258
[my-cards-profit]   ❌ No profit: acquistato 0.80€, market 0.34€ (-57.8%)
[my-cards-profit] Analizzando (623/2003): novak-micovic-2024-limited-490
[my-cards-profit]   ❌ No profit: acquistato 4.08€, market 0.49€ (-88.0%)
[my-cards-profit] Analizzando (624/2003): jakob-glesnes-2025-limited-158
[my-cards-profit]   ❌ No profit: acquistato 0.84€, market 0.49€ (-41.7%)
[my-cards-profit] Analizzando (625/2003): chihiro-kato-2021-limited-33
[my-cards-profit]   ❌ No profit: acquistato 0.98€, market 0.34€ (-65.6%)
[my-cards-profit] Analizzando (626/2003): dong-jun-lee-2024-limited-45
[my-cards-profit]   ❌ No profit: acquistato 1.00€, market 0.34€ (-66.0%)
[my-cards-profit] Analizzando (627/2003): walker-zimmerman-2022-limited-425
[my-cards-profit]   ❌ No profit: acquistato 0.49€, market 0.44€ (-10.2%)
[my-cards-profit] Analizzando (628/2003): ryun-sung-kim-2025-limited-322
[my-cards-profit]   ❌ No profit: acquistato 2.05€, market 0.58€ (-71.7%)
[my-cards-profit] Analizzando (629/2003): kyung-min-kim-2024-limited-234
[my-cards-profit]   ❌ No profit: acquistato 1.99€, market 0.74€ (-62.8%)
[my-cards-profit] Analizzando (630/2003): jack-mcglynn-2025-limited-172
[my-cards-profit]   ❌ No profit: acquistato 5.30€, market 4.44€ (-16.3%)
[my-cards-profit] Analizzando (631/2003): jin-gyu-kim-2025-limited-286
[my-cards-profit]   ❌ No profit: acquistato 1.37€, market 1.15€ (-16.1%)
[my-cards-profit] Analizzando (632/2003): diego-martin-rossi-marachlian-2024-limited-444
[my-cards-profit]   ❌ No profit: acquistato 3.50€, market 0.73€ (-79.2%)
[my-cards-profit] Analizzando (633/2003): maximilian-arfsten-2024-limited-372
[my-cards-profit]   ❌ No profit: acquistato 4.32€, market 0.80€ (-81.5%)
[my-cards-profit] Analizzando (634/2003): jahkeele-marshall-rutty-2023-limited-386
[my-cards-profit]   ❌ No profit: acquistato 0.93€, market 0.34€ (-63.7%)
[my-cards-profit] Analizzando (635/2003): deniz-hummet-2021-limited-241
[my-cards-profit]   ❌ No profit: acquistato 0.55€, market 0.54€ (-1.8%)
[my-cards-profit] Analizzando (636/2003): julian-hall-2008-03-24-2025-limited-263
[my-cards-profit]   ❌ No profit: acquistato 3.00€, market 1.40€ (-53.3%)
[my-cards-profit] Analizzando (637/2003): facundo-ezequiel-almada-2022-limited-232
[my-cards-profit]   ❌ No profit: acquistato 0.52€, market 0.68€ (+29.8%)
[my-cards-profit] Analizzando (638/2003): hyun-taek-cho-2025-limited-111
[my-cards-profit]   ❌ No profit: acquistato 0.49€, market 0.48€ (-2.0%)
[my-cards-profit] Analizzando (639/2003): yuta-higuchi-2025-limited-182
[my-cards-profit]   ❌ No profit: acquistato 0.47€, market 0.34€ (-28.2%)
[my-cards-profit] Analizzando (640/2003): carlo-boukhalfa-2024-limited-400
[my-cards-profit]   ❌ No profit: acquistato 0.54€, market 0.33€ (-38.9%)
[my-cards-profit] Analizzando (641/2003): orlando-ruben-yanez-alabart-2023-limited-151
[my-cards-profit]   ❌ No profit: acquistato 1.20€, market 1.48€ (+23.2%)
[my-cards-profit] Analizzando (642/2003): dong-heon-kim-2025-limited-473
[my-cards-profit]   ❌ No profit: acquistato 2.17€, market 0.97€ (-55.3%)
[my-cards-profit] Analizzando (643/2003): simon-seidl-2023-limited-177
[my-cards-profit]   ✅ PROFIT: acquistato 0.51€, market 1.05€ (+0.54€, +105.9%)
[my-cards-profit] Analizzando (644/2003): tayvon-gray-2023-limited-71
[my-cards-profit]   ❌ No profit: acquistato 0.50€, market 0.80€ (+60.0%)
[my-cards-profit] Analizzando (645/2003): angel-jeremy-marquez-castaneda-2022-limited-144
[my-cards-profit]   ✅ PROFIT: acquistato 0.45€, market 1.20€ (+0.75€, +166.7%)
[my-cards-profit] Analizzando (646/2003): keita-endo-2024-limited-277
[my-cards-profit]   ❌ No profit: acquistato 0.47€, market 0.34€ (-28.2%)
[my-cards-profit] Analizzando (647/2003): alexander-scholz-2022-limited-266
[my-cards-profit]   ❌ No profit: acquistato 2.63€, market 2.09€ (-20.5%)
[my-cards-profit] Analizzando (648/2003): semm-renders-2025-limited-434
[my-cards-profit]   🔨 CRAFT/PREMIO DI VALORE: nessun acquisto noto, market 0.99€ (pack=False)
[my-cards-profit] Analizzando (649/2003): boubakar-kouyate-2025-limited-329
[my-cards-profit]   ➖ Nessun acquisto noto, market 0.34€ (sotto soglia)
[my-cards-profit] Analizzando (650/2003): hatim-essaoubi-2025-limited-201
[my-cards-profit]   ➖ Nessun acquisto noto, market 0.34€ (sotto soglia)
[my-cards-profit] Analizzando (651/2003): thomas-henry-2025-limited-610
[my-cards-profit]   ➖ Nessun acquisto noto, market 0.34€ (sotto soglia)
[my-cards-profit] Analizzando (652/2003): clement-lenglet-2025-limited-812
[my-cards-profit]   🔨 CRAFT/PREMIO DI VALORE: nessun acquisto noto, market 2.55€ (pack=False)
[my-cards-profit] Analizzando (653/2003): kadir-seven-2025-limited-9
[my-cards-profit]   ➖ Nessun acquisto noto, market 0.44€ (sotto soglia)
[my-cards-profit] Analizzando (654/2003): bakary-haidara-2025-limited-286
[my-cards-profit]   ➖ Nessun acquisto noto, market 0.34€ (sotto soglia)
[my-cards-profit] Analizzando (655/2003): jack-clarke-2024-limited-184
[my-cards-profit]   ❌ No profit: acquistato 1.77€, market 0.40€ (-77.4%)
[my-cards-profit] Analizzando (656/2003): christian-walton-2024-limited-653
[my-cards-profit]   ❌ No profit: acquistato 3.80€, market 3.50€ (-7.9%)
[my-cards-profit] Analizzando (657/2003): yohei-takaoka-2024-limited-329
[my-cards-profit]   ❌ No profit: acquistato 8.19€, market 1.87€ (-77.2%)
[my-cards-profit] Analizzando (658/2003): carlos-miguel-dos-santos-pereira-2024-limited-148
[my-cards-profit]   ✅ PROFIT: acquistato 5.93€, market 6.78€ (+0.85€, +14.3%)
[my-cards-profit] Analizzando (659/2003): joo-sung-kim-2024-limited-207
[my-cards-profit]   ❌ No profit: acquistato 3.99€, market 0.34€ (-91.5%)
[my-cards-profit] Analizzando (660/2003): santiago-sosa-2022-limited-498
[my-cards-profit]   ❌ No profit: acquistato 2.40€, market 0.55€ (-76.9%)
[my-cards-profit] Analizzando (661/2003): eduardo-camavinga-2024-limited-584
[my-cards-profit]   ❌ No profit: acquistato 6.63€, market 2.25€ (-66.1%)
[my-cards-profit] Analizzando (662/2003): matheus-goncalves-savio-2024-limited-383
[my-cards-profit]   ❌ No profit: acquistato 1.58€, market 0.70€ (-55.7%)
[my-cards-profit] Analizzando (663/2003): ryotaro-tsunoda-2023-limited-22
[my-cards-profit]   ❌ No profit: acquistato 1.69€, market 0.49€ (-71.0%)
[my-cards-profit] Analizzando (664/2003): hernani-azevedo-junior-2021-limited-20
[my-cards-profit]   ❌ No profit: acquistato 1.49€, market 1.75€ (+17.4%)
[my-cards-profit] Analizzando (665/2003): bobby-thomas-2023-limited-390
[my-cards-profit]   ❌ No profit: acquistato 0.85€, market 0.68€ (-20.0%)
[my-cards-profit] Analizzando (666/2003): jean-baptiste-gorby-2002-07-25-2025-limited-536
[my-cards-profit]   ➖ Nessun acquisto noto, market 0.50€ (sotto soglia)
[my-cards-profit] Analizzando (667/2003): andre-brooks-2023-limited-347
[my-cards-profit]   ❌ No profit: acquistato 3.71€, market 0.86€ (-76.8%)
[my-cards-profit] Analizzando (668/2003): ademola-lookman-2024-limited-87
[my-cards-profit]   ❌ No profit: acquistato 8.80€, market 3.85€ (-56.3%)
[my-cards-profit] Analizzando (669/2003): tristan-blackmon-2025-limited-168
[my-cards-profit]   ❌ No profit: acquistato 2.75€, market 0.45€ (-83.6%)
[my-cards-profit] Analizzando (670/2003): facundo-nicolas-cambeses-2025-limited-735
[my-cards-profit]   ❌ No profit: acquistato 4.00€, market 4.50€ (+12.5%)
[my-cards-profit] Analizzando (671/2003): matheus-soares-thuler-2025-limited-556
[my-cards-profit]   ❌ No profit: acquistato 1.58€, market 0.99€ (-37.3%)
[my-cards-profit] Analizzando (672/2003): rafael-elias-da-silva-2025-limited-114
[my-cards-profit]   ❌ No profit: acquistato 6.95€, market 3.60€ (-48.2%)
[my-cards-profit] Analizzando (673/2003): hayato-araki-2025-limited-209
[my-cards-profit]   ❌ No profit: acquistato 1.88€, market 0.59€ (-68.6%)
[my-cards-profit] Analizzando (674/2003): emil-forsberg-2025-limited-653
[my-cards-profit]   ❌ No profit: acquistato 1.24€, market 0.43€ (-65.3%)
[my-cards-profit] Analizzando (675/2003): marco-tulio-oliveira-lemos-2024-limited-454
[my-cards-profit]   ❌ No profit: acquistato 2.25€, market 0.34€ (-85.0%)
[my-cards-profit] Analizzando (676/2003): joo-sung-kim-2025-limited-497
[my-cards-profit]   ❌ No profit: acquistato 3.50€, market 0.34€ (-90.4%)
[my-cards-profit] Analizzando (677/2003): yoshinori-suzuki-2022-limited-370
[my-cards-profit]   ❌ No profit: acquistato 0.45€, market 0.34€ (-24.4%)
[my-cards-profit] Analizzando (678/2003): tomoya-miki-2024-limited-410
[my-cards-profit]   ❌ No profit: acquistato 0.99€, market 1.44€ (+45.5%)
[my-cards-profit] Analizzando (679/2003): jacob-ramsey-2022-limited-208
[my-cards-profit]   ❌ No profit: acquistato 0.66€, market 0.34€ (-48.5%)
[my-cards-profit] Analizzando (680/2003): marco-di-cesare-2025-limited-77
[my-cards-profit]   ❌ No profit: acquistato 1.20€, market 0.34€ (-71.9%)
[my-cards-profit] Analizzando (681/2003): adilson-malanda-2025-limited-109
[my-cards-profit]   ❌ No profit: acquistato 1.50€, market 0.46€ (-69.4%)
[my-cards-profit] Analizzando (682/2003): andrew-vincent-rick-2025-limited-479
[my-cards-profit]   ❌ No profit: acquistato 4.16€, market 1.89€ (-54.6%)
[my-cards-profit] Analizzando (683/2003): jordan-bos-2025-limited-194
[my-cards-profit]   ❌ No profit: acquistato 7.80€, market 0.93€ (-88.0%)
[my-cards-profit] Analizzando (684/2003): pedro-david-gallese-quiroz-2024-limited-312
[my-cards-profit]   ❌ No profit: acquistato 2.00€, market 0.82€ (-59.1%)
[my-cards-profit] Analizzando (685/2003): matvey-safonov-2024-limited-297
[my-cards-profit]   ❌ No profit: acquistato 18.48€, market 12.45€ (-32.6%)
[my-cards-profit] Analizzando (686/2003): alexander-roldan-2024-limited-277
[my-cards-profit]   ❌ No profit: acquistato 1.80€, market 0.50€ (-72.2%)
[my-cards-profit] Analizzando (687/2003): christiaan-ravych-2024-limited-2
[my-cards-profit]   ❌ No profit: acquistato 0.57€, market 0.42€ (-26.3%)
[my-cards-profit] Analizzando (688/2003): warleson-stellion-lisboa-oliveira-2021-limited-223
[my-cards-profit]   ❌ No profit: acquistato 1.91€, market 1.87€ (-2.1%)
[my-cards-profit] Analizzando (689/2003): masatoshi-ishida-2025-limited-260
[my-cards-profit]   ❌ No profit: acquistato 0.68€, market 0.34€ (-50.4%)
[my-cards-profit] Analizzando (690/2003): ryun-sung-kim-2024-limited-57
[my-cards-profit]   ❌ No profit: acquistato 1.00€, market 0.58€ (-42.0%)
[my-cards-profit] Analizzando (691/2003): bong-soo-kim-2022-limited-44
[my-cards-profit]   ❌ No profit: acquistato 1.05€, market 0.50€ (-52.4%)
[my-cards-profit] Analizzando (692/2003): jeong-won-eo-2025-limited-209
[my-cards-profit]   ❌ No profit: acquistato 0.60€, market 0.51€ (-15.0%)
[my-cards-profit] Analizzando (693/2003): bong-soo-kim-2025-limited-107
[my-cards-profit]   ❌ No profit: acquistato 1.05€, market 0.50€ (-52.4%)
[my-cards-profit] Analizzando (694/2003): chan-yong-park-2025-limited-571
[my-cards-profit]   ❌ No profit: acquistato 2.28€, market 0.42€ (-81.6%)
[my-cards-profit] Analizzando (695/2003): seung-seop-kim-2025-limited-194
[my-cards-profit]   ❌ No profit: acquistato 0.69€, market 0.46€ (-33.3%)
[my-cards-profit] Analizzando (696/2003): kevin-muller-2025-limited-404
[my-cards-profit]   ❌ No profit: acquistato 3.00€, market 0.40€ (-86.7%)
[my-cards-profit] Analizzando (697/2003): orkun-kokcu-2022-limited-75
[my-cards-profit]   ❌ No profit: acquistato 11.00€, market 8.45€ (-23.2%)
[my-cards-profit] Analizzando (698/2003): chan-yong-park-2024-limited-62
[my-cards-profit]   ❌ No profit: acquistato 2.00€, market 0.42€ (-79.0%)
[my-cards-profit] Analizzando (699/2003): german-valera-karabinaite-2025-limited-588
[my-cards-profit]   ❌ No profit: acquistato 5.26€, market 0.87€ (-83.5%)
[my-cards-profit] Analizzando (700/2003): antonio-joao-pereira-albuquerque-tavares-silva-2025-limited-661
[my-cards-profit]   ❌ No profit: acquistato 4.96€, market 1.75€ (-64.7%)
[my-cards-profit] Analizzando (701/2003): jurgen-ekkelenkamp-2021-limited-179
[my-cards-profit]   ❌ No profit: acquistato 0.85€, market 0.42€ (-50.1%)
[my-cards-profit] Analizzando (702/2003): lautaro-di-lollo-2025-limited-608
[my-cards-profit]   ❌ No profit: acquistato 2.86€, market 2.50€ (-12.6%)
[my-cards-profit] Analizzando (703/2003): stuart-findlay-2025-limited-625
[my-cards-profit]   ❌ No profit: acquistato 4.70€, market 0.34€ (-92.8%)
[my-cards-profit] Analizzando (704/2003): gustaf-lagerbielke-2025-limited-639
[my-cards-profit]   ➖ Nessun acquisto noto, market 0.42€ (sotto soglia)
[my-cards-profit] Analizzando (705/2003): mohamed-kone-2002-03-07-2025-limited-546
[my-cards-profit]   🔨 CRAFT/PREMIO DI VALORE: nessun acquisto noto, market 2.54€ (pack=False)
[my-cards-profit] Analizzando (706/2003): filip-ugrinic-2025-limited-382
[my-cards-profit]   ➖ Nessun acquisto noto, market 0.43€ (sotto soglia)
[my-cards-profit] Analizzando (707/2003): igor-thiago-nascimento-rodrigues-2025-limited-863
[my-cards-profit]   ❌ No profit: acquistato 12.00€, market 1.80€ (-85.0%)
[my-cards-profit] Analizzando (708/2003): bahereba-guirassy-2025-limited-520
[my-cards-profit]   🔨 CRAFT/PREMIO DI VALORE: nessun acquisto noto, market 1.13€ (pack=False)
[my-cards-profit] Analizzando (709/2003): dylan-mbayo-2025-limited-460
[my-cards-profit]   ➖ Nessun acquisto noto, market 0.34€ (sotto soglia)
[my-cards-profit] Analizzando (710/2003): alan-matturro-romero-2025-limited-284
[my-cards-profit]   ➖ Nessun acquisto noto, market 0.48€ (sotto soglia)
[my-cards-profit] Analizzando (711/2003): matisse-didden-2025-limited-426
[my-cards-profit]   ➖ Nessun acquisto noto, market 0.38€ (sotto soglia)
[my-cards-profit] Analizzando (712/2003): youssef-ramalho-chermiti-2025-limited-587
[my-cards-profit]   ❌ No profit: acquistato 7.00€, market 2.08€ (-70.3%)
[my-cards-profit] Analizzando (713/2003): murillo-santiago-costa-dos-santos-2023-limited-28
[my-cards-profit]   ❌ No profit: acquistato 4.10€, market 0.80€ (-80.5%)
[my-cards-profit] Analizzando (714/2003): lucas-holer-2023-limited-370
[my-cards-profit]   ❌ No profit: acquistato 0.51€, market 0.34€ (-33.8%)
[my-cards-profit] Analizzando (715/2003): james-wilson-2007-03-06-2025-limited-368
[my-cards-profit]   ❌ No profit: acquistato 1.01€, market 0.34€ (-66.6%)
[my-cards-profit] Analizzando (716/2003): oscar-mingueza-garcia-2025-limited-700
[my-cards-profit]   ➖ Nessun acquisto noto, market 0.34€ (sotto soglia)
[my-cards-profit] Analizzando (717/2003): aimen-moueffek-2025-limited-431
[my-cards-profit]   ❌ No profit: acquistato 0.52€, market 0.34€ (-35.1%)
[my-cards-profit] Analizzando (718/2003): therence-koudou-2025-limited-277
[my-cards-profit]   🔨 CRAFT/PREMIO DI VALORE: nessun acquisto noto, market 1.00€ (pack=False)
[my-cards-profit] Analizzando (719/2003): niko-sigur-2025-limited-528
[my-cards-profit]   ❌ No profit: acquistato 6.96€, market 0.49€ (-93.0%)
[my-cards-profit] Analizzando (720/2003): pablo-fornals-malla-2025-limited-388
[my-cards-profit]   ❌ No profit: acquistato 16.00€, market 1.30€ (-91.9%)
[my-cards-profit] Analizzando (721/2003): wagner-fabricio-cardoso-pina-2025-limited-235
[my-cards-profit]   ❌ No profit: acquistato 3.33€, market 1.40€ (-58.0%)
[my-cards-profit] Analizzando (722/2003): gunay-guvenc-2025-limited-444
[my-cards-profit]   ❌ No profit: acquistato 5.10€, market 0.34€ (-93.3%)
[my-cards-profit] Analizzando (723/2003): rafiki-said-ahamada-2025-limited-521
[my-cards-profit]   ❌ No profit: acquistato 2.50€, market 0.70€ (-72.0%)
[my-cards-profit] Analizzando (724/2003): michele-sego-2025-limited-247
[my-cards-profit]   ❌ No profit: acquistato 10.00€, market 0.90€ (-91.0%)
[my-cards-profit] Analizzando (725/2003): marko-livaja-2025-limited-358
[my-cards-profit]   ❌ No profit: acquistato 3.68€, market 0.48€ (-87.0%)
[my-cards-profit] Analizzando (726/2003): andrin-hunziker-2024-limited-290
[my-cards-profit]   ❌ No profit: acquistato 1.05€, market 1.02€ (-2.7%)
[my-cards-profit] Analizzando (727/2003): davide-djily-diaw-2024-limited-125
[my-cards-profit]   ❌ No profit: acquistato 0.89€, market 0.34€ (-62.1%)
[my-cards-profit] Analizzando (728/2003): saidou-sow-2002-07-04-2025-limited-126
[my-cards-profit]   ❌ No profit: acquistato 0.53€, market 0.49€ (-7.5%)
[my-cards-profit] Analizzando (729/2003): alexandre-manuel-penetra-correia-2025-limited-644
[my-cards-profit]   ❌ No profit: acquistato 10.25€, market 0.49€ (-95.2%)
[my-cards-profit] Analizzando (730/2003): tim-goller-2023-limited-185
[my-cards-profit]   ❌ No profit: acquistato 0.99€, market 1.03€ (+4.0%)
[my-cards-profit] Analizzando (731/2003): noa-lang-2021-limited-312
[my-cards-profit]   ❌ No profit: acquistato 3.99€, market 2.40€ (-39.8%)
[my-cards-profit] Analizzando (732/2003): angelo-stiller-2022-limited-67
[my-cards-profit]   ❌ No profit: acquistato 15.80€, market 2.90€ (-81.6%)
[my-cards-profit] Analizzando (733/2003): maik-nawrocki-2025-limited-192
[my-cards-profit]   ❌ No profit: acquistato 16.55€, market 0.70€ (-95.8%)
[my-cards-profit] Analizzando (734/2003): joel-drommel-2025-limited-511
[my-cards-profit]   ❌ No profit: acquistato 11.99€, market 3.29€ (-72.6%)
[my-cards-profit] Analizzando (735/2003): frank-lehmann-2025-limited-55
[my-cards-profit]   ❌ No profit: acquistato 0.57€, market 0.34€ (-40.8%)
[my-cards-profit] Analizzando (736/2003): lukas-pinckert-2025-limited-135
[my-cards-profit]   ❌ No profit: acquistato 3.90€, market 0.34€ (-91.3%)
[my-cards-profit] Analizzando (737/2003): yira-collins-sor-2025-limited-578
[my-cards-profit]   ➖ Nessun acquisto noto, market 0.34€ (sotto soglia)
[my-cards-profit] Analizzando (738/2003): danilo-pereira-da-silva-2025-limited-514
[my-cards-profit]   ➖ Nessun acquisto noto, market 0.34€ (sotto soglia)
[my-cards-profit] Analizzando (739/2003): joe-rothwell-2025-limited-511
[my-cards-profit]   ➖ Nessun acquisto noto, market 0.34€ (sotto soglia)
[my-cards-profit] Analizzando (740/2003): stefan-hierlander-2025-limited-243
[my-cards-profit]   ➖ Nessun acquisto noto, market 0.34€ (sotto soglia)
[my-cards-profit] Analizzando (741/2003): adria-altimira-reynaldos-2025-limited-314
[my-cards-profit]   ➖ Nessun acquisto noto, market 0.48€ (sotto soglia)
[my-cards-profit] Analizzando (742/2003): alexandar-borkovic-2025-limited-159
[my-cards-profit]   ➖ Nessun acquisto noto, market 0.34€ (sotto soglia)
[my-cards-profit] Analizzando (743/2003): xander-blomme-2025-limited-282
[my-cards-profit]   ❌ No profit: acquistato 0.52€, market 0.35€ (-31.8%)
[my-cards-profit] Analizzando (744/2003): mats-seuntjens-2025-limited-259
[my-cards-profit]   ❌ No profit: acquistato 0.99€, market 0.34€ (-65.9%)
[my-cards-profit] Analizzando (745/2003): thom-van-bergen-2025-limited-513
[my-cards-profit]   ❌ No profit: acquistato 4.75€, market 1.26€ (-73.4%)
[my-cards-profit] Analizzando (746/2003): tarik-cetin-2025-limited-345
[my-cards-profit]   ❌ No profit: acquistato 2.50€, market 0.42€ (-83.2%)
[my-cards-profit] Analizzando (747/2003): frederico-rodrigues-santos-2025-limited-565
[my-cards-profit]   ❌ No profit: acquistato 1.56€, market 0.74€ (-52.6%)
[my-cards-profit] Analizzando (748/2003): adam-stejskal-2025-limited-671
[my-cards-profit]   ➖ Nessun acquisto noto, market 0.47€ (sotto soglia)
[my-cards-profit] Analizzando (749/2003): julius-beck-2025-limited-315
[my-cards-profit]   ✅ PROFIT: acquistato 0.57€, market 1.57€ (+1.00€, +175.4%)
[my-cards-profit] Analizzando (750/2003): stjepan-radeljic-2025-limited-30
[my-cards-profit]   ❌ No profit: acquistato 3.77€, market 0.50€ (-86.7%)
[my-cards-profit] Analizzando (751/2003): juan-marcos-foyth-2025-limited-296
[my-cards-profit]   ❌ No profit: acquistato 10.78€, market 0.34€ (-96.8%)
[my-cards-profit] Analizzando (752/2003): dirk-wanner-proper-2025-limited-581
[my-cards-profit]   ❌ No profit: acquistato 0.65€, market 0.34€ (-48.1%)
[my-cards-profit] Analizzando (753/2003): stefano-marino-2025-limited-166
[my-cards-profit]   ❌ No profit: acquistato 0.54€, market 0.70€ (+29.6%)
[my-cards-profit] Analizzando (754/2003): fynn-luca-lakenmacher-2025-limited-156
[my-cards-profit]   ❌ No profit: acquistato 0.55€, market 0.33€ (-40.0%)
[my-cards-profit] Analizzando (755/2003): daniel-parejo-munoz-2025-limited-521
[my-cards-profit]   ❌ No profit: acquistato 0.60€, market 0.34€ (-43.7%)
[my-cards-profit] Analizzando (756/2003): antoine-griezmann-2025-limited-847
[my-cards-profit]   🔨 CRAFT/PREMIO DI VALORE: nessun acquisto noto, market 5.20€ (pack=False)
[my-cards-profit] Analizzando (757/2003): mihajlo-ilic-2025-limited-100
[my-cards-profit]   🔨 CRAFT/PREMIO DI VALORE: nessun acquisto noto, market 0.66€ (pack=False)
[my-cards-profit] Analizzando (758/2003): pedro-gonzalez-lopez-2025-limited-752
[my-cards-profit]   ❌ No profit: acquistato 119.00€, market 31.95€ (-73.2%)
[my-cards-profit] Analizzando (759/2003): leon-klassen-2025-limited-247
[my-cards-profit]   ❌ No profit: acquistato 0.47€, market 0.46€ (-2.1%)
[my-cards-profit] Analizzando (760/2003): connor-allan-2025-limited-23
[my-cards-profit]   ❌ No profit: acquistato 1.70€, market 0.34€ (-80.0%)
[my-cards-profit] Analizzando (761/2003): eduardo-ageu-almeida-santos-2025-limited-108
[my-cards-profit]   ❌ No profit: acquistato 2.28€, market 0.33€ (-85.5%)
[my-cards-profit] Analizzando (762/2003): djeidi-gassama-2025-limited-745
[my-cards-profit]   ❌ No profit: acquistato 8.05€, market 0.60€ (-92.6%)
[my-cards-profit] Analizzando (763/2003): claudio-rafael-soares-braga-2025-limited-643
[my-cards-profit]   🔨 CRAFT/PREMIO DI VALORE: nessun acquisto noto, market 1.05€ (pack=False)
[my-cards-profit] Analizzando (764/2003): lawrence-shankland-2025-limited-762
[my-cards-profit]   🔨 CRAFT/PREMIO DI VALORE: nessun acquisto noto, market 2.40€ (pack=False)
[my-cards-profit] Analizzando (765/2003): reo-hatate-2025-limited-725
[my-cards-profit]   ➖ Nessun acquisto noto, market 0.34€ (sotto soglia)
[my-cards-profit] Analizzando (766/2003): daizen-maeda-2025-limited-570
[my-cards-profit]   ❌ No profit: acquistato 8.35€, market 0.68€ (-91.9%)
[my-cards-profit] Analizzando (767/2003): blair-spittal-2025-limited-256
[my-cards-profit]   ❌ No profit: acquistato 0.98€, market 0.34€ (-65.6%)
[my-cards-profit] Analizzando (768/2003): callum-mcgregor-2025-limited-582
[my-cards-profit]   ❌ No profit: acquistato 11.50€, market 1.70€ (-85.2%)
[my-cards-profit] Analizzando (769/2003): jose-maria-gimenez-de-vargas-2025-limited-167
[my-cards-profit]   ❌ No profit: acquistato 13.00€, market 0.34€ (-97.4%)
[my-cards-profit] Analizzando (770/2003): marc-bartra-aregall-2025-limited-406
[my-cards-profit]   ❌ No profit: acquistato 5.00€, market 0.34€ (-93.2%)
[my-cards-profit] Analizzando (771/2003): simon-mignolet-2025-limited-180
[my-cards-profit]   ❌ No profit: acquistato 14.50€, market 0.34€ (-97.7%)
[my-cards-profit] Analizzando (772/2003): ederson-santana-de-moraes-2025-limited-633
[my-cards-profit]   ❌ No profit: acquistato 18.20€, market 2.94€ (-83.8%)
[my-cards-profit] Analizzando (773/2003): gabriel-martinez-aguilera-2025-limited-300
[my-cards-profit]   ❌ No profit: acquistato 1.55€, market 0.47€ (-69.7%)
[my-cards-profit] Analizzando (774/2003): tiago-magalhaes-sa-2025-limited-307
[my-cards-profit]   ❌ No profit: acquistato 0.90€, market 0.70€ (-22.2%)
[my-cards-profit] Analizzando (775/2003): ertugrul-ersoy-2022-limited-28
[my-cards-profit]   ❌ No profit: acquistato 0.35€, market 0.34€ (-3.6%)
[my-cards-profit] Analizzando (776/2003): thomas-dahne-2023-limited-147
[my-cards-profit]   ❌ No profit: acquistato 0.33€, market 0.48€ (+46.9%)
[my-cards-profit] Analizzando (777/2003): matt-lendfers-2025-limited-252
[my-cards-profit]   ✅ PROFIT: acquistato 0.50€, market 1.36€ (+0.86€, +172.0%)
[my-cards-profit] Analizzando (778/2003): illyes-benachour-2025-limited-322
[my-cards-profit]   ❌ No profit: acquistato 0.51€, market 0.46€ (-9.8%)
[my-cards-profit] Analizzando (779/2003): tomas-perez-2025-limited-122
[my-cards-profit]   ❌ No profit: acquistato 0.78€, market 0.50€ (-35.9%)
[my-cards-profit] Analizzando (780/2003): naatan-skytta-2025-limited-206
[my-cards-profit]   ❌ No profit: acquistato 4.12€, market 0.50€ (-87.9%)
[my-cards-profit] Analizzando (781/2003): antoine-colassin-2025-limited-470
[my-cards-profit]   ❌ No profit: acquistato 0.50€, market 0.34€ (-32.5%)
[my-cards-profit] Analizzando (782/2003): marcos-johan-lopez-lanfranco-2023-limited-195
[my-cards-profit]   ✅ PROFIT: acquistato 1.24€, market 3.39€ (+2.15€, +173.3%)
[my-cards-profit] Analizzando (783/2003): junnosuke-suzuki-2025-limited-222
[my-cards-profit]   ❌ No profit: acquistato 4.50€, market 1.39€ (-69.1%)
[my-cards-profit] Analizzando (784/2003): igor-thiago-nascimento-rodrigues-2023-limited-107
[my-cards-profit]   ❌ No profit: acquistato 2.20€, market 1.80€ (-18.2%)
[my-cards-profit] Analizzando (785/2003): ronald-federico-araujo-da-silva-2025-limited-731
[my-cards-profit]   ❌ No profit: acquistato 5.79€, market 1.80€ (-68.9%)
[my-cards-profit] Analizzando (786/2003): diego-valentin-gomez-2025-limited-579
[my-cards-profit]   ➖ Nessun acquisto noto, market 0.48€ (sotto soglia)
[my-cards-profit] Analizzando (787/2003): ali-eren-ersungur-2024-limited-72
[my-cards-profit]   ❌ No profit: acquistato 0.53€, market 0.34€ (-36.3%)
[my-cards-profit] Analizzando (788/2003): nicolai-rapp-2024-limited-460
[my-cards-profit]   ❌ No profit: acquistato 0.54€, market 0.34€ (-37.5%)
[my-cards-profit] Analizzando (789/2003): senne-lammens-2024-limited-37
[my-cards-profit]   ❌ No profit: acquistato 14.32€, market 10.68€ (-25.4%)
[my-cards-profit] Analizzando (790/2003): toni-leistner-2025-limited-189
[my-cards-profit]   ❌ No profit: acquistato 10.00€, market 0.34€ (-96.6%)
[my-cards-profit] Analizzando (791/2003): luis-jesus-rioja-gonzalez-2023-limited-447
[my-cards-profit]   ❌ No profit: acquistato 0.78€, market 0.34€ (-56.7%)
[my-cards-profit] Analizzando (792/2003): luka-lochoshvili-2022-limited-157
[my-cards-profit]   ❌ No profit: acquistato 0.85€, market 0.50€ (-41.2%)
[my-cards-profit] Analizzando (793/2003): kieran-dowell-2025-limited-4
[my-cards-profit]   ❌ No profit: acquistato 0.57€, market 0.33€ (-42.3%)
[my-cards-profit] Analizzando (794/2003): yvann-macon-2025-limited-172
[my-cards-profit]   ➖ Nessun acquisto noto, market 0.34€ (sotto soglia)
[my-cards-profit] Analizzando (795/2003): wilfried-stephane-singo-2025-limited-528
[my-cards-profit]   ➖ Nessun acquisto noto, market 0.50€ (sotto soglia)
[my-cards-profit] Analizzando (796/2003): james-tavernier-2025-limited-604
[my-cards-profit]   ➖ Nessun acquisto noto, market 0.50€ (sotto soglia)
[my-cards-profit] Analizzando (797/2003): auston-trusty-2025-limited-505
[my-cards-profit]   🔨 CRAFT/PREMIO DI VALORE: nessun acquisto noto, market 1.80€ (pack=False)
[my-cards-profit] Analizzando (798/2003): kelechi-promise-iheanacho-2025-limited-366
[my-cards-profit]   ➖ Nessun acquisto noto, market 0.34€ (sotto soglia)
[my-cards-profit] Analizzando (799/2003): joshua-clarke-2025-limited-270
[my-cards-profit]   🔨 CRAFT/PREMIO DI VALORE: nessun acquisto noto, market 1.72€ (pack=False)
[my-cards-profit] Analizzando (800/2003): tidiane-toure-2025-limited-163
[my-cards-profit]   ➖ Nessun acquisto noto, market 0.33€ (sotto soglia)
[my-cards-profit] Analizzando (801/2003): don-angelo-christoffel-annum-assamoah-konadu-2025-limited-209
[my-cards-profit]   🔨 CRAFT/PREMIO DI VALORE: nessun acquisto noto, market 0.94€ (pack=False)
[my-cards-profit] Analizzando (802/2003): mathias-rasmussen-2025-limited-468
[my-cards-profit]   ❌ No profit: acquistato 1.30€, market 0.48€ (-62.7%)
[my-cards-profit] Analizzando (803/2003): jude-bellingham-2025-limited-151
[my-cards-profit]   ❌ No profit: acquistato 83.02€, market 24.13€ (-70.9%)
[my-cards-profit] Analizzando (804/2003): ibrahim-sulemana-kakari-2024-limited-214
[my-cards-profit]   ❌ No profit: acquistato 0.44€, market 0.48€ (+9.1%)
[my-cards-profit] Analizzando (805/2003): sergio-arribas-calvo-2023-limited-217
[my-cards-profit]   ❌ No profit: acquistato 16.50€, market 5.92€ (-64.1%)
[my-cards-profit] Analizzando (806/2003): inigo-vicente-elorduy-2022-limited-105
[my-cards-profit]   ❌ No profit: acquistato 11.00€, market 5.20€ (-52.7%)
[my-cards-profit] Analizzando (807/2003): joshua-duffus-2025-limited-234
[my-cards-profit]   ❌ No profit: acquistato 8.00€, market 0.90€ (-88.8%)
[my-cards-profit] Analizzando (808/2003): clement-bischoff-2025-limited-554
[my-cards-profit]   🔨 CRAFT/PREMIO DI VALORE: nessun acquisto noto, market 1.97€ (pack=False)
[my-cards-profit] Analizzando (809/2003): alexander-schlager-2025-limited-656
[my-cards-profit]   🔨 CRAFT/PREMIO DI VALORE: nessun acquisto noto, market 1.38€ (pack=False)
[my-cards-profit] Analizzando (810/2003): marco-rente-2025-limited-450
[my-cards-profit]   ❌ No profit: acquistato 2.27€, market 0.49€ (-78.3%)
[my-cards-profit] Analizzando (811/2003): hasan-kurucay-2025-limited-293
[my-cards-profit]   ➖ Nessun acquisto noto, market 0.50€ (sotto soglia)
[my-cards-profit] Analizzando (812/2003): loris-karius-2025-limited-667
[my-cards-profit]   ❌ No profit: acquistato 11.00€, market 2.50€ (-77.3%)
[my-cards-profit] Analizzando (813/2003): ivar-jenner-2025-limited-188
[my-cards-profit]   ⚠️ Prezzo acquisto E prezzo market non trovati
[my-cards-profit] Analizzando (814/2003): jeremy-doku-2024-limited-746
[my-cards-profit]   ❌ No profit: acquistato 19.03€, market 7.36€ (-61.3%)
[my-cards-profit] Analizzando (815/2003): morten-hjulmand-2025-limited-576
[my-cards-profit]   ❌ No profit: acquistato 17.42€, market 1.49€ (-91.4%)
[my-cards-profit] Analizzando (816/2003): orjan-haskjold-nyland-2025-limited-508
[my-cards-profit]   ❌ No profit: acquistato 4.94€, market 1.90€ (-61.5%)
[my-cards-profit] Analizzando (817/2003): xherdan-shaqiri-2023-limited-376
[my-cards-profit]   ❌ No profit: acquistato 27.65€, market 3.37€ (-87.8%)
[my-cards-profit] Analizzando (818/2003): zvonimir-sarlija-2025-limited-352
[my-cards-profit]   ❌ No profit: acquistato 6.76€, market 0.34€ (-95.0%)
[my-cards-profit] Analizzando (819/2003): dean-donny-huijsen-2025-limited-384
[my-cards-profit]   ❌ No profit: acquistato 55.67€, market 6.96€ (-87.5%)
[my-cards-profit] Analizzando (820/2003): arseniy-batagov-2025-limited-367
[my-cards-profit]   ❌ No profit: acquistato 5.60€, market 0.88€ (-84.3%)
[my-cards-profit] Analizzando (821/2003): gary-magnee-2025-limited-123
[my-cards-profit]   ❌ No profit: acquistato 11.99€, market 1.09€ (-90.9%)
[my-cards-profit] Analizzando (822/2003): timon-wellenreuther-2025-limited-321
[my-cards-profit]   ❌ No profit: acquistato 28.43€, market 2.45€ (-91.4%)
[my-cards-profit] Analizzando (823/2003): leo-petrot-2025-limited-391
[my-cards-profit]   ➖ Nessun acquisto noto, market 0.34€ (sotto soglia)
[my-cards-profit] Analizzando (824/2003): mardochee-nzita-theto-2025-limited-475
[my-cards-profit]   ➖ Nessun acquisto noto, market 0.34€ (sotto soglia)
[my-cards-profit] Analizzando (825/2003): mario-sauer-2025-limited-351
[my-cards-profit]   ➖ Nessun acquisto noto, market 0.47€ (sotto soglia)
[my-cards-profit] Analizzando (826/2003): benedikt-borner-2025-limited-174
[my-cards-profit]   ➖ Nessun acquisto noto, market 0.50€ (sotto soglia)
[my-cards-profit] Analizzando (827/2003): jon-dagur-thorsteinsson-2025-limited-297
[my-cards-profit]   ➖ Nessun acquisto noto, market 0.49€ (sotto soglia)
[my-cards-profit] Analizzando (828/2003): amara-conde-2025-limited-197
[my-cards-profit]   ➖ Nessun acquisto noto, market 0.33€ (sotto soglia)
[my-cards-profit] Analizzando (829/2003): paul-seguin-2025-limited-271
[2026-08-10 14:53:09] [rate limit] dettaglio risposta 429 -- headers rilevanti: Retry-After='111', corpo: '{"error":"Too many requests, please retry later."}'
[2026-08-10 14:53:09] [rate limit] Retry-After=111s troppo lungo (soglia 15s), probabile ban a tempo fisso -- rinuncio subito senza ritentare
[my-cards-profit]   ⚠️ Prezzo acquisto E prezzo market non trovati
[my-cards-profit] Analizzando (830/2003): kevin-krumme-2025-limited-198
[2026-08-10 14:53:09] [rate limit] dettaglio risposta 429 -- headers rilevanti: Retry-After='111', corpo: '{"error":"Too many requests, please retry later."}'
[2026-08-10 14:53:09] [rate limit] Retry-After=111s troppo lungo (soglia 15s), probabile ban a tempo fisso -- rinuncio subito senza ritentare
[my-cards-profit]   ⚠️ Prezzo acquisto E prezzo market non trovati
[my-cards-profit] Analizzando (831/2003): matthias-bader-2025-limited-207
[2026-08-10 14:53:09] [rate limit] dettaglio risposta 429 -- headers rilevanti: Retry-After='111', corpo: '{"error":"Too many requests, please retry later."}'
[2026-08-10 14:53:09] [rate limit] Retry-After=111s troppo lungo (soglia 15s), probabile ban a tempo fisso -- rinuncio subito senza ritentare
[my-cards-profit]   ⚠️ Prezzo acquisto E prezzo market non trovati
[my-cards-profit] Analizzando (832/2003): pedro-antonio-pereira-goncalves-2025-limited-366
[2026-08-10 14:53:10] [rate limit] dettaglio risposta 429 -- headers rilevanti: Retry-After='110', corpo: '{"error":"Too many requests, please retry later."}'
[2026-08-10 14:53:10] [rate limit] Retry-After=110s troppo lungo (soglia 15s), probabile ban a tempo fisso -- rinuncio subito senza ritentare
[my-cards-profit]   ⚠️ Prezzo market non trovato
[my-cards-profit] Analizzando (833/2003): stefan-savic-1991-01-08-2025-limited-170
[2026-08-10 14:53:10] [rate limit] dettaglio risposta 429 -- headers rilevanti: Retry-After='110', corpo: '{"error":"Too many requests, please retry later."}'
[2026-08-10 14:53:10] [rate limit] Retry-After=110s troppo lungo (soglia 15s), probabile ban a tempo fisso -- rinuncio subito senza ritentare
[my-cards-profit]   ⚠️ Prezzo market non trovato
[my-cards-profit] Analizzando (834/2003): hidemasa-morita-2025-limited-459
[2026-08-10 14:53:10] [rate limit] dettaglio risposta 429 -- headers rilevanti: Retry-After='110', corpo: '{"error":"Too many requests, please retry later."}'
[2026-08-10 14:53:10] [rate limit] Retry-After=110s troppo lungo (soglia 15s), probabile ban a tempo fisso -- rinuncio subito senza ritentare
[my-cards-profit]   ⚠️ Prezzo acquisto E prezzo market non trovati
[my-cards-profit] Analizzando (835/2003): alexander-hartmann-bah-2025-limited-409
[2026-08-10 14:53:11] [rate limit] dettaglio risposta 429 -- headers rilevanti: Retry-After='109', corpo: '{"error":"Too many requests, please retry later."}'
[2026-08-10 14:53:11] [rate limit] Retry-After=109s troppo lungo (soglia 15s), probabile ban a tempo fisso -- rinuncio subito senza ritentare
[my-cards-profit]   ⚠️ Prezzo acquisto E prezzo market non trovati
[my-cards-profit] Analizzando (836/2003): hector-junior-firpo-adames-2025-limited-630
[2026-08-10 14:53:11] [rate limit] dettaglio risposta 429 -- headers rilevanti: Retry-After='109', corpo: '{"error":"Too many requests, please retry later."}'
[2026-08-10 14:53:11] [rate limit] Retry-After=109s troppo lungo (soglia 15s), probabile ban a tempo fisso -- rinuncio subito senza ritentare
[my-cards-profit]   ⚠️ Prezzo acquisto E prezzo market non trovati
[my-cards-profit] Analizzando (837/2003): raul-asencio-del-rosario-2025-limited-712
[2026-08-10 14:53:11] [rate limit] dettaglio risposta 429 -- headers rilevanti: Retry-After='109', corpo: '{"error":"Too many requests, please retry later."}'
[2026-08-10 14:53:11] [rate limit] Retry-After=109s troppo lungo (soglia 15s), probabile ban a tempo fisso -- rinuncio subito senza ritentare
[my-cards-profit]   ⚠️ Prezzo acquisto E prezzo market non trovati
[my-cards-profit] Analizzando (838/2003): daniel-carvajal-ramos-2025-limited-678
[2026-08-10 14:53:12] [rate limit] dettaglio risposta 429 -- headers rilevanti: Retry-After='108', corpo: '{"error":"Too many requests, please retry later."}'
[2026-08-10 14:53:12] [rate limit] Retry-After=108s troppo lungo (soglia 15s), probabile ban a tempo fisso -- rinuncio subito senza ritentare
[my-cards-profit]   ⚠️ Prezzo acquisto E prezzo market non trovati
[my-cards-profit] Analizzando (839/2003): cisse-sandra-2025-limited-322
[2026-08-10 14:53:12] [rate limit] dettaglio risposta 429 -- headers rilevanti: Retry-After='108', corpo: '{"error":"Too many requests, please retry later."}'
[2026-08-10 14:53:12] [rate limit] Retry-After=108s troppo lungo (soglia 15s), probabile ban a tempo fisso -- rinuncio subito senza ritentare
[my-cards-profit]   ⚠️ Prezzo acquisto E prezzo market non trovati
[my-cards-profit] Analizzando (840/2003): matheus-reis-de-lima-2025-limited-401
[2026-08-10 14:53:13] [rate limit] dettaglio risposta 429 -- headers rilevanti: Retry-After='108', corpo: '{"error":"Too many requests, please retry later."}'
[2026-08-10 14:53:13] [rate limit] Retry-After=108s troppo lungo (soglia 15s), probabile ban a tempo fisso -- rinuncio subito senza ritentare
[my-cards-profit]   ⚠️ Prezzo acquisto E prezzo market non trovati
[my-cards-profit] Analizzando (841/2003): anthony-nuatuzor-nwakaeme-2025-limited-198
[2026-08-10 14:53:13] [rate limit] dettaglio risposta 429 -- headers rilevanti: Retry-After='107', corpo: '{"error":"Too many requests, please retry later."}'
[2026-08-10 14:53:13] [rate limit] Retry-After=107s troppo lungo (soglia 15s), probabile ban a tempo fisso -- rinuncio subito senza ritentare
[my-cards-profit]   ⚠️ Prezzo acquisto E prezzo market non trovati
[my-cards-profit] Analizzando (842/2003): isac-lidberg-2025-limited-584
[2026-08-10 14:53:13] [rate limit] dettaglio risposta 429 -- headers rilevanti: Retry-After='107', corpo: '{"error":"Too many requests, please retry later."}'
[2026-08-10 14:53:13] [rate limit] Retry-After=107s troppo lungo (soglia 15s), probabile ban a tempo fisso -- rinuncio subito senza ritentare
[my-cards-profit]   ⚠️ Prezzo market non trovato
[my-cards-profit] Analizzando (843/2003): andreas-christensen-2025-limited-731
[2026-08-10 14:53:14] [rate limit] dettaglio risposta 429 -- headers rilevanti: Retry-After='107', corpo: '{"error":"Too many requests, please retry later."}'
[2026-08-10 14:53:14] [rate limit] Retry-After=107s troppo lungo (soglia 15s), probabile ban a tempo fisso -- rinuncio subito senza ritentare
[my-cards-profit]   ⚠️ Prezzo acquisto E prezzo market non trovati
[my-cards-profit] Analizzando (844/2003): javier-galan-gil-2025-limited-482
[2026-08-10 14:53:14] [rate limit] dettaglio risposta 429 -- headers rilevanti: Retry-After='106', corpo: '{"error":"Too many requests, please retry later."}'
[2026-08-10 14:53:14] [rate limit] Retry-After=106s troppo lungo (soglia 15s), probabile ban a tempo fisso -- rinuncio subito senza ritentare
[my-cards-profit]   ⚠️ Prezzo acquisto E prezzo market non trovati
[my-cards-profit] Analizzando (845/2003): giuliano-simeone-2025-limited-738
[2026-08-10 14:53:14] [rate limit] dettaglio risposta 429 -- headers rilevanti: Retry-After='106', corpo: '{"error":"Too many requests, please retry later."}'
[2026-08-10 14:53:14] [rate limit] Retry-After=106s troppo lungo (soglia 15s), probabile ban a tempo fisso -- rinuncio subito senza ritentare
[my-cards-profit]   ⚠️ Prezzo market non trovato
[my-cards-profit] Analizzando (846/2003): david-hancko-2025-limited-444
[2026-08-10 14:53:15] [rate limit] dettaglio risposta 429 -- headers rilevanti: Retry-After='105', corpo: '{"error":"Too many requests, please retry later."}'
[2026-08-10 14:53:15] [rate limit] Retry-After=105s troppo lungo (soglia 15s), probabile ban a tempo fisso -- rinuncio subito senza ritentare
[my-cards-profit]   ⚠️ Prezzo market non trovato
[my-cards-profit] Analizzando (847/2003): matteo-ruggeri-2025-limited-571
[2026-08-10 14:53:15] [rate limit] dettaglio risposta 429 -- headers rilevanti: Retry-After='105', corpo: '{"error":"Too many requests, please retry later."}'
[2026-08-10 14:53:15] [rate limit] Retry-After=105s troppo lungo (soglia 15s), probabile ban a tempo fisso -- rinuncio subito senza ritentare
[my-cards-profit]   ⚠️ Prezzo acquisto E prezzo market non trovati
[my-cards-profit] Analizzando (848/2003): angel-ortiz-monterrey-2025-limited-301
[2026-08-10 14:53:15] [rate limit] dettaglio risposta 429 -- headers rilevanti: Retry-After='105', corpo: '{"error":"Too many requests, please retry later."}'
[2026-08-10 14:53:15] [rate limit] Retry-After=105s troppo lungo (soglia 15s), probabile ban a tempo fisso -- rinuncio subito senza ritentare
[my-cards-profit]   ⚠️ Prezzo acquisto E prezzo market non trovati
[my-cards-profit] Analizzando (849/2003): virgil-misidjan-2025-limited-351
[2026-08-10 14:53:16] [rate limit] dettaglio risposta 429 -- headers rilevanti: Retry-After='104', corpo: '{"error":"Too many requests, please retry later."}'
[2026-08-10 14:53:16] [rate limit] Retry-After=104s troppo lungo (soglia 15s), probabile ban a tempo fisso -- rinuncio subito senza ritentare
[my-cards-profit]   ⚠️ Prezzo acquisto E prezzo market non trovati
[my-cards-profit] Analizzando (850/2003): myron-mau-asam-2025-limited-260
[2026-08-10 14:53:16] [rate limit] dettaglio risposta 429 -- headers rilevanti: Retry-After='104', corpo: '{"error":"Too many requests, please retry later."}'
[2026-08-10 14:53:16] [rate limit] Retry-After=104s troppo lungo (soglia 15s), probabile ban a tempo fisso -- rinuncio subito senza ritentare
[my-cards-profit]   ⚠️ Prezzo acquisto E prezzo market non trovati
[my-cards-profit] Analizzando (851/2003): ryan-fosso-2025-limited-447
[2026-08-10 14:53:16] [rate limit] dettaglio risposta 429 -- headers rilevanti: Retry-After='104', corpo: '{"error":"Too many requests, please retry later."}'
[2026-08-10 14:53:16] [rate limit] Retry-After=104s troppo lungo (soglia 15s), probabile ban a tempo fisso -- rinuncio subito senza ritentare
[my-cards-profit]   ⚠️ Prezzo acquisto E prezzo market non trovati
[my-cards-profit] Analizzando (852/2003): brandley-kuwas-2025-limited-284
[2026-08-10 14:53:17] [rate limit] dettaglio risposta 429 -- headers rilevanti: Retry-After='103', corpo: '{"error":"Too many requests, please retry later."}'
[2026-08-10 14:53:17] [rate limit] Retry-After=103s troppo lungo (soglia 15s), probabile ban a tempo fisso -- rinuncio subito senza ritentare
[my-cards-profit]   ⚠️ Prezzo acquisto E prezzo market non trovati
[my-cards-profit] Analizzando (853/2003): raphael-obermair-2025-limited-607
[2026-08-10 14:53:17] [rate limit] dettaglio risposta 429 -- headers rilevanti: Retry-After='103', corpo: '{"error":"Too many requests, please retry later."}'
[2026-08-10 14:53:17] [rate limit] Retry-After=103s troppo lungo (soglia 15s), probabile ban a tempo fisso -- rinuncio subito senza ritentare
[my-cards-profit]   ⚠️ Prezzo market non trovato
[my-cards-profit] Analizzando (854/2003): calvin-marc-brackelmann-2025-limited-170
[2026-08-10 14:53:17] [rate limit] dettaglio risposta 429 -- headers rilevanti: Retry-After='103', corpo: '{"error":"Too many requests, please retry later."}'
[2026-08-10 14:53:17] [rate limit] Retry-After=103s troppo lungo (soglia 15s), probabile ban a tempo fisso -- rinuncio subito senza ritentare
[my-cards-profit]   ⚠️ Prezzo market non trovato
[my-cards-profit] Analizzando (855/2003): jan-oblak-2025-limited-690
[2026-08-10 14:53:18] [rate limit] dettaglio risposta 429 -- headers rilevanti: Retry-After='102', corpo: '{"error":"Too many requests, please retry later."}'
[2026-08-10 14:53:18] [rate limit] Retry-After=102s troppo lungo (soglia 15s), probabile ban a tempo fisso -- rinuncio subito senza ritentare
[my-cards-profit]   ⚠️ Prezzo market non trovato
[my-cards-profit] Analizzando (856/2003): arda-guler-2025-limited-482
[2026-08-10 14:53:18] [rate limit] dettaglio risposta 429 -- headers rilevanti: Retry-After='102', corpo: '{"error":"Too many requests, please retry later."}'
[2026-08-10 14:53:18] [rate limit] Retry-After=102s troppo lungo (soglia 15s), probabile ban a tempo fisso -- rinuncio subito senza ritentare
[my-cards-profit]   ⚠️ Prezzo market non trovato
[my-cards-profit] Analizzando (857/2003): marcus-rashford-2025-limited-300
[2026-08-10 14:53:19] [rate limit] dettaglio risposta 429 -- headers rilevanti: Retry-After='101', corpo: '{"error":"Too many requests, please retry later."}'
[2026-08-10 14:53:19] [rate limit] Retry-After=101s troppo lungo (soglia 15s), probabile ban a tempo fisso -- rinuncio subito senza ritentare
[my-cards-profit]   ⚠️ Prezzo market non trovato
[my-cards-profit] Analizzando (858/2003): ryotaro-ito-2025-limited-409
[2026-08-10 14:53:19] [rate limit] dettaglio risposta 429 -- headers rilevanti: Retry-After='101', corpo: '{"error":"Too many requests, please retry later."}'
[2026-08-10 14:53:19] [rate limit] Retry-After=101s troppo lungo (soglia 15s), probabile ban a tempo fisso -- rinuncio subito senza ritentare
[my-cards-profit]   ⚠️ Prezzo market non trovato
[my-cards-profit] Analizzando (859/2003): giorgi-kavelashvili-2025-limited-252
[2026-08-10 14:53:19] [rate limit] dettaglio risposta 429 -- headers rilevanti: Retry-After='101', corpo: '{"error":"Too many requests, please retry later."}'
[2026-08-10 14:53:19] [rate limit] Retry-After=101s troppo lungo (soglia 15s), probabile ban a tempo fisso -- rinuncio subito senza ritentare
[my-cards-profit]   ⚠️ Prezzo acquisto E prezzo market non trovati
[my-cards-profit] Analizzando (860/2003): kjell-peersman-2025-limited-275
[2026-08-10 14:53:20] [rate limit] dettaglio risposta 429 -- headers rilevanti: Retry-After='100', corpo: '{"error":"Too many requests, please retry later."}'
[2026-08-10 14:53:20] [rate limit] Retry-After=100s troppo lungo (soglia 15s), probabile ban a tempo fisso -- rinuncio subito senza ritentare
[my-cards-profit]   ⚠️ Prezzo acquisto E prezzo market non trovati
[my-cards-profit] Analizzando (861/2003): henrique-pereira-araujo-2025-limited-438
[2026-08-10 14:53:20] [rate limit] dettaglio risposta 429 -- headers rilevanti: Retry-After='100', corpo: '{"error":"Too many requests, please retry later."}'
[2026-08-10 14:53:20] [rate limit] Retry-After=100s troppo lungo (soglia 15s), probabile ban a tempo fisso -- rinuncio subito senza ritentare
[my-cards-profit]   ⚠️ Prezzo acquisto E prezzo market non trovati
[my-cards-profit] Analizzando (862/2003): branco-van-den-boomen-2025-limited-389
[2026-08-10 14:53:20] [rate limit] dettaglio risposta 429 -- headers rilevanti: Retry-After='100', corpo: '{"error":"Too many requests, please retry later."}'
[2026-08-10 14:53:20] [rate limit] Retry-After=100s troppo lungo (soglia 15s), probabile ban a tempo fisso -- rinuncio subito senza ritentare
[my-cards-profit]   ⚠️ Prezzo acquisto E prezzo market non trovati
[my-cards-profit] Analizzando (863/2003): jamiro-gregory-monteiro-alvarenga-2025-limited-88
[2026-08-10 14:53:21] [rate limit] dettaglio risposta 429 -- headers rilevanti: Retry-After='99', corpo: '{"error":"Too many requests, please retry later."}'
[2026-08-10 14:53:21] [rate limit] Retry-After=99s troppo lungo (soglia 15s), probabile ban a tempo fisso -- rinuncio subito senza ritentare
[my-cards-profit]   ⚠️ Prezzo market non trovato
[my-cards-profit] Analizzando (864/2003): koen-kostons-2025-limited-5
[2026-08-10 14:53:21] [rate limit] dettaglio risposta 429 -- headers rilevanti: Retry-After='99', corpo: '{"error":"Too many requests, please retry later."}'
[2026-08-10 14:53:21] [rate limit] Retry-After=99s troppo lungo (soglia 15s), probabile ban a tempo fisso -- rinuncio subito senza ritentare
[my-cards-profit]   ⚠️ Prezzo market non trovato
[my-cards-profit] Analizzando (865/2003): ludovit-reis-2025-limited-480
[2026-08-10 14:53:21] [rate limit] dettaglio risposta 429 -- headers rilevanti: Retry-After='99', corpo: '{"error":"Too many requests, please retry later."}'
[2026-08-10 14:53:21] [rate limit] Retry-After=99s troppo lungo (soglia 15s), probabile ban a tempo fisso -- rinuncio subito senza ritentare
[my-cards-profit]   ⚠️ Prezzo acquisto E prezzo market non trovati
[my-cards-profit] Analizzando (866/2003): vince-chijioke-osuji-2025-limited-436
[2026-08-10 14:53:22] [rate limit] dettaglio risposta 429 -- headers rilevanti: Retry-After='98', corpo: '{"error":"Too many requests, please retry later."}'
[2026-08-10 14:53:22] [rate limit] Retry-After=98s troppo lungo (soglia 15s), probabile ban a tempo fisso -- rinuncio subito senza ritentare
[my-cards-profit]   ⚠️ Prezzo acquisto E prezzo market non trovati
[my-cards-profit] Analizzando (867/2003): shandre-miguel-campbell-2025-limited-278
[2026-08-10 14:53:22] [rate limit] dettaglio risposta 429 -- headers rilevanti: Retry-After='98', corpo: '{"error":"Too many requests, please retry later."}'
[2026-08-10 14:53:22] [rate limit] Retry-After=98s troppo lungo (soglia 15s), probabile ban a tempo fisso -- rinuncio subito senza ritentare
[my-cards-profit]   ⚠️ Prezzo acquisto E prezzo market non trovati
[my-cards-profit] Analizzando (868/2003): tristan-danique-van-den-heuvel-2025-limited-427
[2026-08-10 14:53:22] [rate limit] dettaglio risposta 429 -- headers rilevanti: Retry-After='98', corpo: '{"error":"Too many requests, please retry later."}'
[2026-08-10 14:53:22] [rate limit] Retry-After=98s troppo lungo (soglia 15s), probabile ban a tempo fisso -- rinuncio subito senza ritentare
[my-cards-profit]   ⚠️ Prezzo acquisto E prezzo market non trovati
[my-cards-profit] Analizzando (869/2003): brice-maubleu-2025-limited-210
[2026-08-10 14:53:23] [rate limit] dettaglio risposta 429 -- headers rilevanti: Retry-After='97', corpo: '{"error":"Too many requests, please retry later."}'
[2026-08-10 14:53:23] [rate limit] Retry-After=97s troppo lungo (soglia 15s), probabile ban a tempo fisso -- rinuncio subito senza ritentare
[my-cards-profit]   ⚠️ Prezzo acquisto E prezzo market non trovati
[my-cards-profit] Analizzando (870/2003): nicolas-hernan-otamendi-2025-limited-424
[2026-08-10 14:53:23] [rate limit] dettaglio risposta 429 -- headers rilevanti: Retry-After='97', corpo: '{"error":"Too many requests, please retry later."}'
[2026-08-10 14:53:23] [rate limit] Retry-After=97s troppo lungo (soglia 15s), probabile ban a tempo fisso -- rinuncio subito senza ritentare
[my-cards-profit]   ⚠️ Prezzo market non trovato
[my-cards-profit] Analizzando (871/2003): carlo-sickinger-2025-limited-167
[2026-08-10 14:53:24] [rate limit] dettaglio risposta 429 -- headers rilevanti: Retry-After='97', corpo: '{"error":"Too many requests, please retry later."}'
[2026-08-10 14:53:24] [rate limit] Retry-After=97s troppo lungo (soglia 15s), probabile ban a tempo fisso -- rinuncio subito senza ritentare
[my-cards-profit]   ⚠️ Prezzo acquisto E prezzo market non trovati
[my-cards-profit] Analizzando (872/2003): look-saa-nicholas-k-mickelson-2025-limited-104
[2026-08-10 14:53:24] [rate limit] dettaglio risposta 429 -- headers rilevanti: Retry-After='96', corpo: '{"error":"Too many requests, please retry later."}'
[2026-08-10 14:53:24] [rate limit] Retry-After=96s troppo lungo (soglia 15s), probabile ban a tempo fisso -- rinuncio subito senza ritentare
[my-cards-profit]   ⚠️ Prezzo acquisto E prezzo market non trovati
[my-cards-profit] Analizzando (873/2003): thomas-beelen-2025-limited-339
[2026-08-10 14:53:24] [rate limit] dettaglio risposta 429 -- headers rilevanti: Retry-After='96', corpo: '{"error":"Too many requests, please retry later."}'
[2026-08-10 14:53:24] [rate limit] Retry-After=96s troppo lungo (soglia 15s), probabile ban a tempo fisso -- rinuncio subito senza ritentare
[my-cards-profit]   ⚠️ Prezzo acquisto E prezzo market non trovati
[my-cards-profit] Analizzando (874/2003): yaimar-abel-medina-ortiz-2025-limited-351
[2026-08-10 14:53:25] [rate limit] dettaglio risposta 429 -- headers rilevanti: Retry-After='95', corpo: '{"error":"Too many requests, please retry later."}'
[2026-08-10 14:53:25] [rate limit] Retry-After=95s troppo lungo (soglia 15s), probabile ban a tempo fisso -- rinuncio subito senza ritentare
[my-cards-profit]   ⚠️ Prezzo acquisto E prezzo market non trovati
[my-cards-profit] Analizzando (875/2003): manuel-feil-2025-limited-127
[2026-08-10 14:53:25] [rate limit] dettaglio risposta 429 -- headers rilevanti: Retry-After='95', corpo: '{"error":"Too many requests, please retry later."}'
[2026-08-10 14:53:25] [rate limit] Retry-After=95s troppo lungo (soglia 15s), probabile ban a tempo fisso -- rinuncio subito senza ritentare
[my-cards-profit]   ⚠️ Prezzo acquisto E prezzo market non trovati
[my-cards-profit] Analizzando (876/2003): adrian-jose-palacios-hernandez-2025-limited-310
[2026-08-10 14:53:25] [rate limit] dettaglio risposta 429 -- headers rilevanti: Retry-After='95', corpo: '{"error":"Too many requests, please retry later."}'
[2026-08-10 14:53:25] [rate limit] Retry-After=95s troppo lungo (soglia 15s), probabile ban a tempo fisso -- rinuncio subito senza ritentare
[my-cards-profit]   ⚠️ Prezzo acquisto E prezzo market non trovati
[my-cards-profit] Analizzando (877/2003): fabian-reese-2025-limited-522
[2026-08-10 14:53:26] [rate limit] dettaglio risposta 429 -- headers rilevanti: Retry-After='94', corpo: '{"error":"Too many requests, please retry later."}'
[2026-08-10 14:53:26] [rate limit] Retry-After=94s troppo lungo (soglia 15s), probabile ban a tempo fisso -- rinuncio subito senza ritentare
[my-cards-profit]   ⚠️ Prezzo market non trovato
[my-cards-profit] Analizzando (878/2003): jules-kounde-2025-limited-682
[2026-08-10 14:53:26] [rate limit] dettaglio risposta 429 -- headers rilevanti: Retry-After='94', corpo: '{"error":"Too many requests, please retry later."}'
[2026-08-10 14:53:26] [rate limit] Retry-After=94s troppo lungo (soglia 15s), probabile ban a tempo fisso -- rinuncio subito senza ritentare
[my-cards-profit]   ⚠️ Prezzo market non trovato
[my-cards-profit] Analizzando (879/2003): ander-barrenetxea-muguruza-2025-limited-462
[2026-08-10 14:53:26] [rate limit] dettaglio risposta 429 -- headers rilevanti: Retry-After='94', corpo: '{"error":"Too many requests, please retry later."}'
[2026-08-10 14:53:26] [rate limit] Retry-After=94s troppo lungo (soglia 15s), probabile ban a tempo fisso -- rinuncio subito senza ritentare
[my-cards-profit]   ⚠️ Prezzo market non trovato
[my-cards-profit] Analizzando (880/2003): alvaro-garcia-rivera-2025-limited-525
[2026-08-10 14:53:27] [rate limit] dettaglio risposta 429 -- headers rilevanti: Retry-After='93', corpo: '{"error":"Too many requests, please retry later."}'
[2026-08-10 14:53:27] [rate limit] Retry-After=93s troppo lungo (soglia 15s), probabile ban a tempo fisso -- rinuncio subito senza ritentare
[my-cards-profit]   ⚠️ Prezzo market non trovato
[my-cards-profit] Analizzando (881/2003): luis-milla-manzanares-2025-limited-592
[2026-08-10 14:53:27] [rate limit] dettaglio risposta 429 -- headers rilevanti: Retry-After='93', corpo: '{"error":"Too many requests, please retry later."}'
[2026-08-10 14:53:27] [rate limit] Retry-After=93s troppo lungo (soglia 15s), probabile ban a tempo fisso -- rinuncio subito senza ritentare
[my-cards-profit]   ⚠️ Prezzo market non trovato
[my-cards-profit] Analizzando (882/2003): rafael-marin-zamora-2025-limited-288
[2026-08-10 14:53:27] [rate limit] dettaglio risposta 429 -- headers rilevanti: Retry-After='93', corpo: '{"error":"Too many requests, please retry later."}'
[2026-08-10 14:53:27] [rate limit] Retry-After=93s troppo lungo (soglia 15s), probabile ban a tempo fisso -- rinuncio subito senza ritentare
[my-cards-profit]   ⚠️ Prezzo market non trovato
[my-cards-profit] Analizzando (883/2003): jarne-steuckers-2025-limited-570
[2026-08-10 14:53:28] [rate limit] dettaglio risposta 429 -- headers rilevanti: Retry-After='92', corpo: '{"error":"Too many requests, please retry later."}'
[2026-08-10 14:53:28] [rate limit] Retry-After=92s troppo lungo (soglia 15s), probabile ban a tempo fisso -- rinuncio subito senza ritentare
[my-cards-profit]   ⚠️ Prezzo market non trovato
[my-cards-profit] Analizzando (884/2003): juan-camilo-hernandez-suarez-2025-limited-517
[2026-08-10 14:53:28] [rate limit] dettaglio risposta 429 -- headers rilevanti: Retry-After='92', corpo: '{"error":"Too many requests, please retry later."}'
[2026-08-10 14:53:28] [rate limit] Retry-After=92s troppo lungo (soglia 15s), probabile ban a tempo fisso -- rinuncio subito senza ritentare
[my-cards-profit]   ⚠️ Prezzo market non trovato
[my-cards-profit] Analizzando (885/2003): kjell-scherpen-2025-limited-75
[2026-08-10 14:53:28] [rate limit] dettaglio risposta 429 -- headers rilevanti: Retry-After='92', corpo: '{"error":"Too many requests, please retry later."}'
[2026-08-10 14:53:28] [rate limit] Retry-After=92s troppo lungo (soglia 15s), probabile ban a tempo fisso -- rinuncio subito senza ritentare
[my-cards-profit]   ⚠️ Prezzo market non trovato
[my-cards-profit] Analizzando (886/2003): ivan-perisic-2025-limited-629
[2026-08-10 14:53:29] [rate limit] dettaglio risposta 429 -- headers rilevanti: Retry-After='91', corpo: '{"error":"Too many requests, please retry later."}'
[2026-08-10 14:53:29] [rate limit] Retry-After=91s troppo lungo (soglia 15s), probabile ban a tempo fisso -- rinuncio subito senza ritentare
[my-cards-profit]   ⚠️ Prezzo market non trovato
[my-cards-profit] Analizzando (887/2003): dominik-baumgartner-2025-limited-438
[2026-08-10 14:53:29] [rate limit] dettaglio risposta 429 -- headers rilevanti: Retry-After='91', corpo: '{"error":"Too many requests, please retry later."}'
[2026-08-10 14:53:29] [rate limit] Retry-After=91s troppo lungo (soglia 15s), probabile ban a tempo fisso -- rinuncio subito senza ritentare
[my-cards-profit]   ⚠️ Prezzo market non trovato
[my-cards-profit] Analizzando (888/2003): ismael-saibari-ben-el-basra-2025-limited-439
[2026-08-10 14:53:29] [rate limit] dettaglio risposta 429 -- headers rilevanti: Retry-After='91', corpo: '{"error":"Too many requests, please retry later."}'
[2026-08-10 14:53:29] [rate limit] Retry-After=91s troppo lungo (soglia 15s), probabile ban a tempo fisso -- rinuncio subito senza ritentare
[my-cards-profit]   ⚠️ Prezzo market non trovato
[my-cards-profit] Analizzando (889/2003): luis-javier-suarez-charris-2025-limited-498
[2026-08-10 14:53:30] [rate limit] dettaglio risposta 429 -- headers rilevanti: Retry-After='90', corpo: '{"error":"Too many requests, please retry later."}'
[2026-08-10 14:53:30] [rate limit] Retry-After=90s troppo lungo (soglia 15s), probabile ban a tempo fisso -- rinuncio subito senza ritentare
[my-cards-profit]   ⚠️ Prezzo market non trovato
[my-cards-profit] Analizzando (890/2003): kasper-schmeichel-2025-limited-567
[2026-08-10 14:53:30] [rate limit] dettaglio risposta 429 -- headers rilevanti: Retry-After='90', corpo: '{"error":"Too many requests, please retry later."}'
[2026-08-10 14:53:30] [rate limit] Retry-After=90s troppo lungo (soglia 15s), probabile ban a tempo fisso -- rinuncio subito senza ritentare
[my-cards-profit]   ⚠️ Prezzo market non trovato
[my-cards-profit] Analizzando (891/2003): christian-burgess-2025-limited-655
[2026-08-10 14:53:31] [rate limit] dettaglio risposta 429 -- headers rilevanti: Retry-After='90', corpo: '{"error":"Too many requests, please retry later."}'
[2026-08-10 14:53:31] [rate limit] Retry-After=90s troppo lungo (soglia 15s), probabile ban a tempo fisso -- rinuncio subito senza ritentare
[my-cards-profit]   ⚠️ Prezzo market non trovato
[my-cards-profit] Analizzando (892/2003): cameron-carter-vickers-2025-limited-257
[2026-08-10 14:53:31] [rate limit] dettaglio risposta 429 -- headers rilevanti: Retry-After='89', corpo: '{"error":"Too many requests, please retry later."}'
[2026-08-10 14:53:31] [rate limit] Retry-After=89s troppo lungo (soglia 15s), probabile ban a tempo fisso -- rinuncio subito senza ritentare
[my-cards-profit]   ⚠️ Prezzo market non trovato
[my-cards-profit] Analizzando (893/2003): jacob-trenskow-2025-limited-524
[2026-08-10 14:53:31] [rate limit] dettaglio risposta 429 -- headers rilevanti: Retry-After='89', corpo: '{"error":"Too many requests, please retry later."}'
[2026-08-10 14:53:31] [rate limit] Retry-After=89s troppo lungo (soglia 15s), probabile ban a tempo fisso -- rinuncio subito senza ritentare
[my-cards-profit]   ⚠️ Prezzo market non trovato
[my-cards-profit] Analizzando (894/2003): bryan-heynen-2025-limited-614
[2026-08-10 14:53:32] [rate limit] dettaglio risposta 429 -- headers rilevanti: Retry-After='89', corpo: '{"error":"Too many requests, please retry later."}'
[2026-08-10 14:53:32] [rate limit] Retry-After=89s troppo lungo (soglia 15s), probabile ban a tempo fisso -- rinuncio subito senza ritentare
[my-cards-profit]   ⚠️ Prezzo market non trovato
[my-cards-profit] Analizzando (895/2003): ignacio-miras-blanco-2025-limited-317
[2026-08-10 14:53:32] [rate limit] dettaglio risposta 429 -- headers rilevanti: Retry-After='88', corpo: '{"error":"Too many requests, please retry later."}'
[2026-08-10 14:53:32] [rate limit] Retry-After=88s troppo lungo (soglia 15s), probabile ban a tempo fisso -- rinuncio subito senza ritentare
[my-cards-profit]   ⚠️ Prezzo market non trovato
[my-cards-profit] Analizzando (896/2003): nenad-n-cvetkovic-2025-limited-431
[2026-08-10 14:53:32] [rate limit] dettaglio risposta 429 -- headers rilevanti: Retry-After='88', corpo: '{"error":"Too many requests, please retry later."}'
[2026-08-10 14:53:32] [rate limit] Retry-After=88s troppo lungo (soglia 15s), probabile ban a tempo fisso -- rinuncio subito senza ritentare
[my-cards-profit]   ⚠️ Prezzo market non trovato
[my-cards-profit] Analizzando (897/2003): daan-rots-2025-limited-449
[2026-08-10 14:53:33] [rate limit] dettaglio risposta 429 -- headers rilevanti: Retry-After='87', corpo: '{"error":"Too many requests, please retry later."}'
[2026-08-10 14:53:33] [rate limit] Retry-After=87s troppo lungo (soglia 15s), probabile ban a tempo fisso -- rinuncio subito senza ritentare
[my-cards-profit]   ⚠️ Prezzo acquisto E prezzo market non trovati
[my-cards-profit] Analizzando (898/2003): weslley-pinto-batista-2025-limited-128
[2026-08-10 14:53:33] [rate limit] dettaglio risposta 429 -- headers rilevanti: Retry-After='87', corpo: '{"error":"Too many requests, please retry later."}'
[2026-08-10 14:53:33] [rate limit] Retry-After=87s troppo lungo (soglia 15s), probabile ban a tempo fisso -- rinuncio subito senza ritentare
[my-cards-profit]   ⚠️ Prezzo acquisto E prezzo market non trovati
[my-cards-profit] Analizzando (899/2003): florian-tardieu-2025-limited-431
[my-cards-profit]   🔁 Ricevuta in scambio, esclusa (nessun costo in euro quantificabile)
[my-cards-profit] Analizzando (900/2003): giovani-lo-celso-2025-limited-590
[2026-08-10 14:53:33] [rate limit] dettaglio risposta 429 -- headers rilevanti: Retry-After='87', corpo: '{"error":"Too many requests, please retry later."}'
[2026-08-10 14:53:33] [rate limit] Retry-After=87s troppo lungo (soglia 15s), probabile ban a tempo fisso -- rinuncio subito senza ritentare
[my-cards-profit]   ⚠️ Prezzo acquisto E prezzo market non trovati
[my-cards-profit] Analizzando (901/2003): philipp-lienhart-2023-limited-16
[2026-08-10 14:53:34] [rate limit] dettaglio risposta 429 -- headers rilevanti: Retry-After='86', corpo: '{"error":"Too many requests, please retry later."}'
[2026-08-10 14:53:34] [rate limit] Retry-After=86s troppo lungo (soglia 15s), probabile ban a tempo fisso -- rinuncio subito senza ritentare
[my-cards-profit]   ⚠️ Prezzo market non trovato
[my-cards-profit] Analizzando (902/2003): dominik-livakovic-2024-limited-597
[2026-08-10 14:53:34] [rate limit] dettaglio risposta 429 -- headers rilevanti: Retry-After='86', corpo: '{"error":"Too many requests, please retry later."}'
[2026-08-10 14:53:34] [rate limit] Retry-After=86s troppo lungo (soglia 15s), probabile ban a tempo fisso -- rinuncio subito senza ritentare
[my-cards-profit]   ⚠️ Prezzo market non trovato
[my-cards-profit] Analizzando (903/2003): ante-budimir-2022-limited-384
[2026-08-10 14:53:34] [rate limit] dettaglio risposta 429 -- headers rilevanti: Retry-After='86', corpo: '{"error":"Too many requests, please retry later."}'
[2026-08-10 14:53:34] [rate limit] Retry-After=86s troppo lungo (soglia 15s), probabile ban a tempo fisso -- rinuncio subito senza ritentare
[my-cards-profit]   ⚠️ Prezzo market non trovato
[my-cards-profit] Analizzando (904/2003): andrej-kramaric-2023-limited-197
[2026-08-10 14:53:35] [rate limit] dettaglio risposta 429 -- headers rilevanti: Retry-After='85', corpo: '{"error":"Too many requests, please retry later."}'
[2026-08-10 14:53:35] [rate limit] Retry-After=85s troppo lungo (soglia 15s), probabile ban a tempo fisso -- rinuncio subito senza ritentare
[my-cards-profit]   ⚠️ Prezzo market non trovato
[my-cards-profit] Analizzando (905/2003): ebere-paul-onuachu-2025-limited-33
[my-cards-profit]   🔁 Ricevuta in scambio, esclusa (nessun costo in euro quantificabile)
[my-cards-profit] Analizzando (906/2003): moris-valincic-2025-limited-349
[2026-08-10 14:53:35] [rate limit] dettaglio risposta 429 -- headers rilevanti: Retry-After='85', corpo: '{"error":"Too many requests, please retry later."}'
[2026-08-10 14:53:35] [rate limit] Retry-After=85s troppo lungo (soglia 15s), probabile ban a tempo fisso -- rinuncio subito senza ritentare
[my-cards-profit]   ⚠️ Prezzo market non trovato
[my-cards-profit] Analizzando (907/2003): matte-smets-2025-limited-564
[2026-08-10 14:53:35] [rate limit] dettaglio risposta 429 -- headers rilevanti: Retry-After='85', corpo: '{"error":"Too many requests, please retry later."}'
[2026-08-10 14:53:35] [rate limit] Retry-After=85s troppo lungo (soglia 15s), probabile ban a tempo fisso -- rinuncio subito senza ritentare
[my-cards-profit]   ⚠️ Prezzo market non trovato
[my-cards-profit] Analizzando (908/2003): lucas-frederic-stassin-2025-limited-480
[2026-08-10 14:53:36] [rate limit] dettaglio risposta 429 -- headers rilevanti: Retry-After='84', corpo: '{"error":"Too many requests, please retry later."}'
[2026-08-10 14:53:36] [rate limit] Retry-After=84s troppo lungo (soglia 15s), probabile ban a tempo fisso -- rinuncio subito senza ritentare
[my-cards-profit]   ⚠️ Prezzo market non trovato
[my-cards-profit] Analizzando (909/2003): hans-vanaken-2021-limited-228
[2026-08-10 14:53:36] [rate limit] dettaglio risposta 429 -- headers rilevanti: Retry-After='84', corpo: '{"error":"Too many requests, please retry later."}'
[2026-08-10 14:53:36] [rate limit] Retry-After=84s troppo lungo (soglia 15s), probabile ban a tempo fisso -- rinuncio subito senza ritentare
[my-cards-profit]   ⚠️ Prezzo market non trovato
[my-cards-profit] Analizzando (910/2003): andreas-kristoffer-jungdal-2025-limited-429
[my-cards-profit]   🔁 Ricevuta in scambio, esclusa (nessun costo in euro quantificabile)
[my-cards-profit] Analizzando (911/2003): armando-obispo-2025-limited-405
[2026-08-10 14:53:36] [rate limit] dettaglio risposta 429 -- headers rilevanti: Retry-After='84', corpo: '{"error":"Too many requests, please retry later."}'
[2026-08-10 14:53:36] [rate limit] Retry-After=84s troppo lungo (soglia 15s), probabile ban a tempo fisso -- rinuncio subito senza ritentare
[my-cards-profit]   ⚠️ Prezzo acquisto E prezzo market non trovati
[my-cards-profit] Analizzando (912/2003): bastian-allgeier-2025-limited-211
[2026-08-10 14:53:37] [rate limit] dettaglio risposta 429 -- headers rilevanti: Retry-After='83', corpo: '{"error":"Too many requests, please retry later."}'
[2026-08-10 14:53:37] [rate limit] Retry-After=83s troppo lungo (soglia 15s), probabile ban a tempo fisso -- rinuncio subito senza ritentare
[my-cards-profit]   ⚠️ Prezzo acquisto E prezzo market non trovati
[my-cards-profit] Analizzando (913/2003): dino-peric-2025-limited-178
[2026-08-10 14:53:37] [rate limit] dettaglio risposta 429 -- headers rilevanti: Retry-After='83', corpo: '{"error":"Too many requests, please retry later."}'
[2026-08-10 14:53:37] [rate limit] Retry-After=83s troppo lungo (soglia 15s), probabile ban a tempo fisso -- rinuncio subito senza ritentare
[my-cards-profit]   ⚠️ Prezzo acquisto E prezzo market non trovati
[my-cards-profit] Analizzando (914/2003): charles-vanhoutte-2023-limited-18
[2026-08-10 14:53:38] [rate limit] dettaglio risposta 429 -- headers rilevanti: Retry-After='83', corpo: '{"error":"Too many requests, please retry later."}'
[2026-08-10 14:53:38] [rate limit] Retry-After=83s troppo lungo (soglia 15s), probabile ban a tempo fisso -- rinuncio subito senza ritentare
[my-cards-profit]   ⚠️ Prezzo market non trovato
[my-cards-profit] Analizzando (915/2003): keisuke-goto-2025-limited-202
[2026-08-10 14:53:38] [rate limit] dettaglio risposta 429 -- headers rilevanti: Retry-After='82', corpo: '{"error":"Too many requests, please retry later."}'
[2026-08-10 14:53:38] [rate limit] Retry-After=82s troppo lungo (soglia 15s), probabile ban a tempo fisso -- rinuncio subito senza ritentare
[my-cards-profit]   ⚠️ Prezzo market non trovato
[my-cards-profit] Analizzando (916/2003): gautier-larsonneur-2025-limited-434
[2026-08-10 14:53:38] [rate limit] dettaglio risposta 429 -- headers rilevanti: Retry-After='82', corpo: '{"error":"Too many requests, please retry later."}'
[2026-08-10 14:53:38] [rate limit] Retry-After=82s troppo lungo (soglia 15s), probabile ban a tempo fisso -- rinuncio subito senza ritentare
[my-cards-profit]   ⚠️ Prezzo market non trovato
[my-cards-profit] Analizzando (917/2003): joel-leandro-ordonez-guerrero-2025-limited-620
[2026-08-10 14:53:39] [rate limit] dettaglio risposta 429 -- headers rilevanti: Retry-After='82', corpo: '{"error":"Too many requests, please retry later."}'
[2026-08-10 14:53:39] [rate limit] Retry-After=82s troppo lungo (soglia 15s), probabile ban a tempo fisso -- rinuncio subito senza ritentare
[my-cards-profit]   ⚠️ Prezzo market non trovato
[my-cards-profit] Analizzando (918/2003): esmir-bajraktarevic-2025-limited-408
[2026-08-10 14:53:39] [rate limit] dettaglio risposta 429 -- headers rilevanti: Retry-After='81', corpo: '{"error":"Too many requests, please retry later."}'
[2026-08-10 14:53:39] [rate limit] Retry-After=81s troppo lungo (soglia 15s), probabile ban a tempo fisso -- rinuncio subito senza ritentare
[my-cards-profit]   ⚠️ Prezzo market non trovato
[my-cards-profit] Analizzando (919/2003): hendrik-van-crombrugge-2025-limited-166
[my-cards-profit]   🔁 Ricevuta in scambio, esclusa (nessun costo in euro quantificabile)
[my-cards-profit] Analizzando (920/2003): fedde-leysen-2025-limited-663
[2026-08-10 14:53:39] [rate limit] dettaglio risposta 429 -- headers rilevanti: Retry-After='81', corpo: '{"error":"Too many requests, please retry later."}'
[2026-08-10 14:53:39] [rate limit] Retry-After=81s troppo lungo (soglia 15s), probabile ban a tempo fisso -- rinuncio subito senza ritentare
[my-cards-profit]   ⚠️ Prezzo market non trovato
[my-cards-profit] Analizzando (921/2003): melle-meulensteen-2025-limited-252
[2026-08-10 14:53:40] [rate limit] dettaglio risposta 429 -- headers rilevanti: Retry-After='80', corpo: '{"error":"Too many requests, please retry later."}'
[2026-08-10 14:53:40] [rate limit] Retry-After=80s troppo lungo (soglia 15s), probabile ban a tempo fisso -- rinuncio subito senza ritentare
[my-cards-profit]   ⚠️ Prezzo market non trovato
[my-cards-profit] Analizzando (922/2003): anel-ahmedhodzic-2025-limited-399
[2026-08-10 14:53:40] [rate limit] dettaglio risposta 429 -- headers rilevanti: Retry-After='80', corpo: '{"error":"Too many requests, please retry later."}'
[2026-08-10 14:53:40] [rate limit] Retry-After=80s troppo lungo (soglia 15s), probabile ban a tempo fisso -- rinuncio subito senza ritentare
[my-cards-profit]   ⚠️ Prezzo market non trovato
[my-cards-profit] Analizzando (923/2003): alonzo-tim-engwanda-ongena-2025-limited-508
[2026-08-10 14:53:40] [rate limit] dettaglio risposta 429 -- headers rilevanti: Retry-After='80', corpo: '{"error":"Too many requests, please retry later."}'
[2026-08-10 14:53:40] [rate limit] Retry-After=80s troppo lungo (soglia 15s), probabile ban a tempo fisso -- rinuncio subito senza ritentare
[my-cards-profit]   ⚠️ Prezzo market non trovato
[my-cards-profit] Analizzando (924/2003): jankat-yilmaz-2025-limited-77
[2026-08-10 14:53:41] [rate limit] dettaglio risposta 429 -- headers rilevanti: Retry-After='79', corpo: '{"error":"Too many requests, please retry later."}'
[2026-08-10 14:53:41] [rate limit] Retry-After=79s troppo lungo (soglia 15s), probabile ban a tempo fisso -- rinuncio subito senza ritentare
[my-cards-profit]   ⚠️ Prezzo market non trovato
[my-cards-profit] Analizzando (925/2003): jon-gorenc-stankovic-2025-limited-95
[my-cards-profit]   🔁 Ricevuta in scambio, esclusa (nessun costo in euro quantificabile)
[my-cards-profit] Analizzando (926/2003): aleksandar-stankovic-2005-08-03-2025-limited-229
[my-cards-profit]   🔁 Ricevuta in scambio, esclusa (nessun costo in euro quantificabile)
[my-cards-profit] Analizzando (927/2003): aleksandar-vukotic-2024-limited-15
[2026-08-10 14:53:41] [rate limit] dettaglio risposta 429 -- headers rilevanti: Retry-After='79', corpo: '{"error":"Too many requests, please retry later."}'
[2026-08-10 14:53:41] [rate limit] Retry-After=79s troppo lungo (soglia 15s), probabile ban a tempo fisso -- rinuncio subito senza ritentare
[my-cards-profit]   ⚠️ Prezzo market non trovato
[my-cards-profit] Analizzando (928/2003): seedy-jatta-2025-limited-295
[2026-08-10 14:53:41] [rate limit] dettaglio risposta 429 -- headers rilevanti: Retry-After='79', corpo: '{"error":"Too many requests, please retry later."}'
[2026-08-10 14:53:41] [rate limit] Retry-After=79s troppo lungo (soglia 15s), probabile ban a tempo fisso -- rinuncio subito senza ritentare
[my-cards-profit]   ⚠️ Prezzo market non trovato
[my-cards-profit] Analizzando (929/2003): siebe-schrijvers-2025-limited-612
[2026-08-10 14:53:42] [rate limit] dettaglio risposta 429 -- headers rilevanti: Retry-After='78', corpo: '{"error":"Too many requests, please retry later."}'
[2026-08-10 14:53:42] [rate limit] Retry-After=78s troppo lungo (soglia 15s), probabile ban a tempo fisso -- rinuncio subito senza ritentare
[my-cards-profit]   ⚠️ Prezzo market non trovato
[my-cards-profit] Analizzando (930/2003): emanuel-aiwu-2025-limited-133
[2026-08-10 14:53:42] [rate limit] dettaglio risposta 429 -- headers rilevanti: Retry-After='78', corpo: '{"error":"Too many requests, please retry later."}'
[2026-08-10 14:53:42] [rate limit] Retry-After=78s troppo lungo (soglia 15s), probabile ban a tempo fisso -- rinuncio subito senza ritentare
[my-cards-profit]   ⚠️ Prezzo market non trovato
[my-cards-profit] Analizzando (931/2003): ayase-ueda-2025-limited-499
[2026-08-10 14:53:42] [rate limit] dettaglio risposta 429 -- headers rilevanti: Retry-After='78', corpo: '{"error":"Too many requests, please retry later."}'
[2026-08-10 14:53:42] [rate limit] Retry-After=78s troppo lungo (soglia 15s), probabile ban a tempo fisso -- rinuncio subito senza ritentare
[my-cards-profit]   ⚠️ Prezzo market non trovato
[my-cards-profit] Analizzando (932/2003): matej-kovar-2025-limited-314
[2026-08-10 14:53:43] [rate limit] dettaglio risposta 429 -- headers rilevanti: Retry-After='77', corpo: '{"error":"Too many requests, please retry later."}'
[2026-08-10 14:53:43] [rate limit] Retry-After=77s troppo lungo (soglia 15s), probabile ban a tempo fisso -- rinuncio subito senza ritentare
[my-cards-profit]   ⚠️ Prezzo market non trovato
[my-cards-profit] Analizzando (933/2003): maurice-malone-2025-limited-371
[2026-08-10 14:53:43] [rate limit] dettaglio risposta 429 -- headers rilevanti: Retry-After='77', corpo: '{"error":"Too many requests, please retry later."}'
[2026-08-10 14:53:43] [rate limit] Retry-After=77s troppo lungo (soglia 15s), probabile ban a tempo fisso -- rinuncio subito senza ritentare
[my-cards-profit]   ⚠️ Prezzo acquisto E prezzo market non trovati
[my-cards-profit] Analizzando (934/2003): enzo-leopold-2025-limited-417
[my-cards-profit]   🔁 Ricevuta in scambio, esclusa (nessun costo in euro quantificabile)
[my-cards-profit] Analizzando (935/2003): victor-mow-froholdt-2025-limited-311
[2026-08-10 14:53:43] [rate limit] dettaglio risposta 429 -- headers rilevanti: Retry-After='77', corpo: '{"error":"Too many requests, please retry later."}'
[2026-08-10 14:53:43] [rate limit] Retry-After=77s troppo lungo (soglia 15s), probabile ban a tempo fisso -- rinuncio subito senza ritentare
[my-cards-profit]   ⚠️ Prezzo acquisto E prezzo market non trovati
[my-cards-profit] Analizzando (936/2003): rob-schoofs-2025-limited-312
[2026-08-10 14:53:44] [rate limit] dettaglio risposta 429 -- headers rilevanti: Retry-After='76', corpo: '{"error":"Too many requests, please retry later."}'
[2026-08-10 14:53:44] [rate limit] Retry-After=76s troppo lungo (soglia 15s), probabile ban a tempo fisso -- rinuncio subito senza ritentare
[my-cards-profit]   ⚠️ Prezzo market non trovato
[my-cards-profit] Analizzando (937/2003): leroy-sane-2025-limited-251
[my-cards-profit]   🔁 Ricevuta in scambio, esclusa (nessun costo in euro quantificabile)
[my-cards-profit] Analizzando (938/2003): tomi-horvat-2025-limited-320
[2026-08-10 14:53:44] [rate limit] dettaglio risposta 429 -- headers rilevanti: Retry-After='76', corpo: '{"error":"Too many requests, please retry later."}'
[2026-08-10 14:53:44] [rate limit] Retry-After=76s troppo lungo (soglia 15s), probabile ban a tempo fisso -- rinuncio subito senza ritentare
[my-cards-profit]   ⚠️ Prezzo market non trovato
[my-cards-profit] Analizzando (939/2003): kyriani-sabbe-2025-limited-438
[2026-08-10 14:53:45] [rate limit] dettaglio risposta 429 -- headers rilevanti: Retry-After='76', corpo: '{"error":"Too many requests, please retry later."}'
[2026-08-10 14:53:45] [rate limit] Retry-After=76s troppo lungo (soglia 15s), probabile ban a tempo fisso -- rinuncio subito senza ritentare
[my-cards-profit]   ⚠️ Prezzo market non trovato
[my-cards-profit] Analizzando (940/2003): kodai-sano-2024-limited-530
[my-cards-profit]   🔁 Ricevuta in scambio, esclusa (nessun costo in euro quantificabile)
[my-cards-profit] Analizzando (941/2003): dimitri-lavalee-2025-limited-220
[my-cards-profit]   🔁 Ricevuta in scambio, esclusa (nessun costo in euro quantificabile)
[my-cards-profit] Analizzando (942/2003): givairo-read-2025-limited-207
[my-cards-profit]   🔁 Ricevuta in scambio, esclusa (nessun costo in euro quantificabile)
[my-cards-profit] Analizzando (943/2003): parfait-guiagon-2025-limited-155
[2026-08-10 14:53:45] [rate limit] dettaglio risposta 429 -- headers rilevanti: Retry-After='75', corpo: '{"error":"Too many requests, please retry later."}'
[2026-08-10 14:53:45] [rate limit] Retry-After=75s troppo lungo (soglia 15s), probabile ban a tempo fisso -- rinuncio subito senza ritentare
[my-cards-profit]   ⚠️ Prezzo market non trovato
[my-cards-profit] Analizzando (944/2003): luis-vasquez-2001-01-24-2025-limited-126
[my-cards-profit]   🔁 Ricevuta in scambio, esclusa (nessun costo in euro quantificabile)
[my-cards-profit] Analizzando (945/2003): siebe-horemans-2025-limited-331
[2026-08-10 14:53:45] [rate limit] dettaglio risposta 429 -- headers rilevanti: Retry-After='75', corpo: '{"error":"Too many requests, please retry later."}'
[2026-08-10 14:53:45] [rate limit] Retry-After=75s troppo lungo (soglia 15s), probabile ban a tempo fisso -- rinuncio subito senza ritentare
[my-cards-profit]   ⚠️ Prezzo market non trovato
[my-cards-profit] Analizzando (946/2003): mike-van-der-hoorn-2025-limited-255
[2026-08-10 14:53:46] [rate limit] dettaglio risposta 429 -- headers rilevanti: Retry-After='74', corpo: '{"error":"Too many requests, please retry later."}'
[2026-08-10 14:53:46] [rate limit] Retry-After=74s troppo lungo (soglia 15s), probabile ban a tempo fisso -- rinuncio subito senza ritentare
[my-cards-profit]   ⚠️ Prezzo acquisto E prezzo market non trovati
[my-cards-profit] Analizzando (947/2003): geny-cipriano-catamo-2025-limited-267
[2026-08-10 14:53:46] [rate limit] dettaglio risposta 429 -- headers rilevanti: Retry-After='74', corpo: '{"error":"Too many requests, please retry later."}'
[2026-08-10 14:53:46] [rate limit] Retry-After=74s troppo lungo (soglia 15s), probabile ban a tempo fisso -- rinuncio subito senza ritentare
[my-cards-profit]   ⚠️ Prezzo market non trovato
[my-cards-profit] Analizzando (948/2003): louis-patris-2025-limited-374
[2026-08-10 14:53:46] [rate limit] dettaglio risposta 429 -- headers rilevanti: Retry-After='74', corpo: '{"error":"Too many requests, please retry later."}'
[2026-08-10 14:53:46] [rate limit] Retry-After=74s troppo lungo (soglia 15s), probabile ban a tempo fisso -- rinuncio subito senza ritentare
[my-cards-profit]   ⚠️ Prezzo market non trovato
[my-cards-profit] Analizzando (949/2003): nahuel-nicolas-noll-2025-limited-69
[2026-08-10 14:53:47] [rate limit] dettaglio risposta 429 -- headers rilevanti: Retry-After='73', corpo: '{"error":"Too many requests, please retry later."}'
[2026-08-10 14:53:47] [rate limit] Retry-After=73s troppo lungo (soglia 15s), probabile ban a tempo fisso -- rinuncio subito senza ritentare
[my-cards-profit]   ⚠️ Prezzo market non trovato
[my-cards-profit] Analizzando (950/2003): dani-de-wit-2025-limited-2
[my-cards-profit]   🔁 Ricevuta in scambio, esclusa (nessun costo in euro quantificabile)
[my-cards-profit] Analizzando (951/2003): owen-wijndal-2025-limited-272
[2026-08-10 14:53:47] [rate limit] dettaglio risposta 429 -- headers rilevanti: Retry-After='73', corpo: '{"error":"Too many requests, please retry later."}'
[2026-08-10 14:53:47] [rate limit] Retry-After=73s troppo lungo (soglia 15s), probabile ban a tempo fisso -- rinuncio subito senza ritentare
[my-cards-profit]   ⚠️ Prezzo market non trovato
[my-cards-profit] Analizzando (952/2003): yari-verschaeren-2025-limited-343
[2026-08-10 14:53:47] [rate limit] dettaglio risposta 429 -- headers rilevanti: Retry-After='73', corpo: '{"error":"Too many requests, please retry later."}'
[2026-08-10 14:53:47] [rate limit] Retry-After=73s troppo lungo (soglia 15s), probabile ban a tempo fisso -- rinuncio subito senza ritentare
[my-cards-profit]   ⚠️ Prezzo market non trovato
[my-cards-profit] Analizzando (953/2003): bambase-conte-2025-limited-155
[2026-08-10 14:53:48] [rate limit] dettaglio risposta 429 -- headers rilevanti: Retry-After='72', corpo: '{"error":"Too many requests, please retry later."}'
[2026-08-10 14:53:48] [rate limit] Retry-After=72s troppo lungo (soglia 15s), probabile ban a tempo fisso -- rinuncio subito senza ritentare
[my-cards-profit]   ⚠️ Prezzo market non trovato
[my-cards-profit] Analizzando (954/2003): mario-lemina-2025-limited-213
[2026-08-10 14:53:48] [rate limit] dettaglio risposta 429 -- headers rilevanti: Retry-After='72', corpo: '{"error":"Too many requests, please retry later."}'
[2026-08-10 14:53:48] [rate limit] Retry-After=72s troppo lungo (soglia 15s), probabile ban a tempo fisso -- rinuncio subito senza ritentare
[my-cards-profit]   ⚠️ Prezzo acquisto E prezzo market non trovati
[my-cards-profit] Analizzando (955/2003): kazimcan-karatas-2025-limited-105
[2026-08-10 14:53:48] [rate limit] dettaglio risposta 429 -- headers rilevanti: Retry-After='72', corpo: '{"error":"Too many requests, please retry later."}'
[2026-08-10 14:53:48] [rate limit] Retry-After=72s troppo lungo (soglia 15s), probabile ban a tempo fisso -- rinuncio subito senza ritentare
[my-cards-profit]   ⚠️ Prezzo acquisto E prezzo market non trovati
[my-cards-profit] Analizzando (956/2003): maximilian-rohr-2025-limited-29
[2026-08-10 14:53:49] [rate limit] dettaglio risposta 429 -- headers rilevanti: Retry-After='71', corpo: '{"error":"Too many requests, please retry later."}'
[2026-08-10 14:53:49] [rate limit] Retry-After=71s troppo lungo (soglia 15s), probabile ban a tempo fisso -- rinuncio subito senza ritentare
[my-cards-profit]   ⚠️ Prezzo market non trovato
[my-cards-profit] Analizzando (957/2003): eduardo-gabriel-aquino-cossa-2024-limited-560
[2026-08-10 14:53:49] [rate limit] dettaglio risposta 429 -- headers rilevanti: Retry-After='71', corpo: '{"error":"Too many requests, please retry later."}'
[2026-08-10 14:53:49] [rate limit] Retry-After=71s troppo lungo (soglia 15s), probabile ban a tempo fisso -- rinuncio subito senza ritentare
[my-cards-profit]   ⚠️ Prezzo acquisto E prezzo market non trovati
[my-cards-profit] Analizzando (958/2003): nick-viergever-2025-limited-57
[2026-08-10 14:53:49] [rate limit] dettaglio risposta 429 -- headers rilevanti: Retry-After='71', corpo: '{"error":"Too many requests, please retry later."}'
[2026-08-10 14:53:49] [rate limit] Retry-After=71s troppo lungo (soglia 15s), probabile ban a tempo fisso -- rinuncio subito senza ritentare
[my-cards-profit]   ⚠️ Prezzo market non trovato
[my-cards-profit] Analizzando (959/2003): markus-pink-2025-limited-82
[2026-08-10 14:53:50] [rate limit] dettaglio risposta 429 -- headers rilevanti: Retry-After='70', corpo: '{"error":"Too many requests, please retry later."}'
[2026-08-10 14:53:50] [rate limit] Retry-After=70s troppo lungo (soglia 15s), probabile ban a tempo fisso -- rinuncio subito senza ritentare
[my-cards-profit]   ⚠️ Prezzo acquisto E prezzo market non trovati
[my-cards-profit] Analizzando (960/2003): yari-verschaeren-2025-limited-39
[my-cards-profit]   🔁 Ricevuta in scambio, esclusa (nessun costo in euro quantificabile)
[my-cards-profit] Analizzando (961/2003): roman-celentano-2025-limited-584
[2026-08-10 14:53:50] [rate limit] dettaglio risposta 429 -- headers rilevanti: Retry-After='70', corpo: '{"error":"Too many requests, please retry later."}'
[2026-08-10 14:53:50] [rate limit] Retry-After=70s troppo lungo (soglia 15s), probabile ban a tempo fisso -- rinuncio subito senza ritentare
[my-cards-profit]   ⚠️ Prezzo market non trovato
[my-cards-profit] Analizzando (962/2003): dante-vanzeir-2025-limited-89
[my-cards-profit]   🔁 Ricevuta in scambio, esclusa (nessun costo in euro quantificabile)
[my-cards-profit] Analizzando (963/2003): lars-unnerstall-2021-limited-155
[2026-08-10 14:53:50] [rate limit] dettaglio risposta 429 -- headers rilevanti: Retry-After='70', corpo: '{"error":"Too many requests, please retry later."}'
[2026-08-10 14:53:50] [rate limit] Retry-After=70s troppo lungo (soglia 15s), probabile ban a tempo fisso -- rinuncio subito senza ritentare
[my-cards-profit]   ⚠️ Prezzo market non trovato
[my-cards-profit] Analizzando (964/2003): kevin-vogt-2022-limited-145
[my-cards-profit]   🔁 Ricevuta in scambio, esclusa (nessun costo in euro quantificabile)
[my-cards-profit] Analizzando (965/2003): julian-krahl-2025-limited-143
[2026-08-10 14:53:51] [rate limit] dettaglio risposta 429 -- headers rilevanti: Retry-After='69', corpo: '{"error":"Too many requests, please retry later."}'
[2026-08-10 14:53:51] [rate limit] Retry-After=69s troppo lungo (soglia 15s), probabile ban a tempo fisso -- rinuncio subito senza ritentare
[my-cards-profit]   ⚠️ Prezzo market non trovato
[my-cards-profit] Analizzando (966/2003): julian-baas-2025-limited-57
[2026-08-10 14:53:51] [rate limit] dettaglio risposta 429 -- headers rilevanti: Retry-After='69', corpo: '{"error":"Too many requests, please retry later."}'
[2026-08-10 14:53:51] [rate limit] Retry-After=69s troppo lungo (soglia 15s), probabile ban a tempo fisso -- rinuncio subito senza ritentare
[my-cards-profit]   ⚠️ Prezzo market non trovato
[my-cards-profit] Analizzando (967/2003): maurice-neubauer-2025-limited-113
[2026-08-10 14:53:52] [rate limit] dettaglio risposta 429 -- headers rilevanti: Retry-After='69', corpo: '{"error":"Too many requests, please retry later."}'
[2026-08-10 14:53:52] [rate limit] Retry-After=69s troppo lungo (soglia 15s), probabile ban a tempo fisso -- rinuncio subito senza ritentare
[my-cards-profit]   ⚠️ Prezzo market non trovato
[my-cards-profit] Analizzando (968/2003): david-mistrafovic-2025-limited-46
[2026-08-10 14:53:52] [rate limit] dettaglio risposta 429 -- headers rilevanti: Retry-After='68', corpo: '{"error":"Too many requests, please retry later."}'
[2026-08-10 14:53:52] [rate limit] Retry-After=68s troppo lungo (soglia 15s), probabile ban a tempo fisso -- rinuncio subito senza ritentare
[my-cards-profit]   ⚠️ Prezzo acquisto E prezzo market non trovati
[my-cards-profit] Analizzando (969/2003): erencan-yardimci-2025-limited-39
[2026-08-10 14:53:52] [rate limit] dettaglio risposta 429 -- headers rilevanti: Retry-After='68', corpo: '{"error":"Too many requests, please retry later."}'
[2026-08-10 14:53:52] [rate limit] Retry-After=68s troppo lungo (soglia 15s), probabile ban a tempo fisso -- rinuncio subito senza ritentare
[my-cards-profit]   ⚠️ Prezzo market non trovato
[my-cards-profit] Analizzando (970/2003): eddie-livington-segura-martinez-2025-limited-276
[my-cards-profit]   🔁 Ricevuta in scambio, esclusa (nessun costo in euro quantificabile)
[my-cards-profit] Analizzando (971/2003): omar-alejandro-gonzalez-2025-limited-168
[2026-08-10 14:53:53] [rate limit] dettaglio risposta 429 -- headers rilevanti: Retry-After='67', corpo: '{"error":"Too many requests, please retry later."}'
[2026-08-10 14:53:53] [rate limit] Retry-After=67s troppo lungo (soglia 15s), probabile ban a tempo fisso -- rinuncio subito senza ritentare
[my-cards-profit]   ⚠️ Prezzo acquisto E prezzo market non trovati
[my-cards-profit] Analizzando (972/2003): abdoulaye-sissako-2025-limited-87
[2026-08-10 14:53:53] [rate limit] dettaglio risposta 429 -- headers rilevanti: Retry-After='67', corpo: '{"error":"Too many requests, please retry later."}'
[2026-08-10 14:53:53] [rate limit] Retry-After=67s troppo lungo (soglia 15s), probabile ban a tempo fisso -- rinuncio subito senza ritentare
[my-cards-profit]   ⚠️ Prezzo market non trovato
[my-cards-profit] Analizzando (973/2003): fabian-reese-2023-limited-80
[2026-08-10 14:53:53] [rate limit] dettaglio risposta 429 -- headers rilevanti: Retry-After='67', corpo: '{"error":"Too many requests, please retry later."}'
[2026-08-10 14:53:53] [rate limit] Retry-After=67s troppo lungo (soglia 15s), probabile ban a tempo fisso -- rinuncio subito senza ritentare
[my-cards-profit]   ⚠️ Prezzo market non trovato
[my-cards-profit] Analizzando (974/2003): nicolas-kristof-2025-limited-76
[2026-08-10 14:53:54] [rate limit] dettaglio risposta 429 -- headers rilevanti: Retry-After='66', corpo: '{"error":"Too many requests, please retry later."}'
[2026-08-10 14:53:54] [rate limit] Retry-After=66s troppo lungo (soglia 15s), probabile ban a tempo fisso -- rinuncio subito senza ritentare
[my-cards-profit]   ⚠️ Prezzo market non trovato
[my-cards-profit] Analizzando (975/2003): martin-zlomislic-2025-limited-67
[2026-08-10 14:53:54] [rate limit] dettaglio risposta 429 -- headers rilevanti: Retry-After='66', corpo: '{"error":"Too many requests, please retry later."}'
[2026-08-10 14:53:54] [rate limit] Retry-After=66s troppo lungo (soglia 15s), probabile ban a tempo fisso -- rinuncio subito senza ritentare
[my-cards-profit]   ⚠️ Prezzo market non trovato
[my-cards-profit] Analizzando (976/2003): marko-livaja-2022-limited-28
[2026-08-10 14:53:54] [rate limit] dettaglio risposta 429 -- headers rilevanti: Retry-After='66', corpo: '{"error":"Too many requests, please retry later."}'
[2026-08-10 14:53:54] [rate limit] Retry-After=66s troppo lungo (soglia 15s), probabile ban a tempo fisso -- rinuncio subito senza ritentare
[my-cards-profit]   ⚠️ Prezzo market non trovato
[my-cards-profit] Analizzando (977/2003): michael-boxall-2024-limited-162
[2026-08-10 14:53:55] [rate limit] dettaglio risposta 429 -- headers rilevanti: Retry-After='65', corpo: '{"error":"Too many requests, please retry later."}'
[2026-08-10 14:53:55] [rate limit] Retry-After=65s troppo lungo (soglia 15s), probabile ban a tempo fisso -- rinuncio subito senza ritentare
[my-cards-profit]   ⚠️ Prezzo market non trovato
[my-cards-profit] Analizzando (978/2003): nicolas-wimmer-2025-limited-58
[2026-08-10 14:53:55] [rate limit] dettaglio risposta 429 -- headers rilevanti: Retry-After='65', corpo: '{"error":"Too many requests, please retry later."}'
[2026-08-10 14:53:55] [rate limit] Retry-After=65s troppo lungo (soglia 15s), probabile ban a tempo fisso -- rinuncio subito senza ritentare
[my-cards-profit]   ⚠️ Prezzo acquisto E prezzo market non trovati
[my-cards-profit] Analizzando (979/2003): thierno-ballo-2025-limited-55
[2026-08-10 14:53:55] [rate limit] dettaglio risposta 429 -- headers rilevanti: Retry-After='65', corpo: '{"error":"Too many requests, please retry later."}'
[2026-08-10 14:53:55] [rate limit] Retry-After=65s troppo lungo (soglia 15s), probabile ban a tempo fisso -- rinuncio subito senza ritentare
[my-cards-profit]   ⚠️ Prezzo acquisto E prezzo market non trovati
[my-cards-profit] Analizzando (980/2003): bryan-reynolds-2025-limited-75
[2026-08-10 14:53:56] [rate limit] dettaglio risposta 429 -- headers rilevanti: Retry-After='64', corpo: '{"error":"Too many requests, please retry later."}'
[2026-08-10 14:53:56] [rate limit] Retry-After=64s troppo lungo (soglia 15s), probabile ban a tempo fisso -- rinuncio subito senza ritentare
[my-cards-profit]   ⚠️ Prezzo acquisto E prezzo market non trovati
[my-cards-profit] Analizzando (981/2003): thorgan-hazard-2025-limited-101
[2026-08-10 14:53:56] [rate limit] dettaglio risposta 429 -- headers rilevanti: Retry-After='64', corpo: '{"error":"Too many requests, please retry later."}'
[2026-08-10 14:53:56] [rate limit] Retry-After=64s troppo lungo (soglia 15s), probabile ban a tempo fisso -- rinuncio subito senza ritentare
[my-cards-profit]   ⚠️ Prezzo acquisto E prezzo market non trovati
[my-cards-profit] Analizzando (982/2003): jose-martinez-marsa-2025-limited-77
[2026-08-10 14:53:56] [rate limit] dettaglio risposta 429 -- headers rilevanti: Retry-After='64', corpo: '{"error":"Too many requests, please retry later."}'
[2026-08-10 14:53:56] [rate limit] Retry-After=64s troppo lungo (soglia 15s), probabile ban a tempo fisso -- rinuncio subito senza ritentare
[my-cards-profit]   ⚠️ Prezzo acquisto E prezzo market non trovati
[my-cards-profit] Analizzando (983/2003): thomas-van-den-keybus-2025-limited-75
[2026-08-10 14:53:57] [rate limit] dettaglio risposta 429 -- headers rilevanti: Retry-After='63', corpo: '{"error":"Too many requests, please retry later."}'
[2026-08-10 14:53:57] [rate limit] Retry-After=63s troppo lungo (soglia 15s), probabile ban a tempo fisso -- rinuncio subito senza ritentare
[my-cards-profit]   ⚠️ Prezzo acquisto E prezzo market non trovati
[my-cards-profit] Analizzando (984/2003): tom-alexis-louchet-2023-limited-176
[my-cards-profit]   🔁 Ricevuta in scambio, esclusa (nessun costo in euro quantificabile)
[my-cards-profit] Analizzando (985/2003): tom-alexis-louchet-2023-limited-176
[my-cards-profit]   🔁 Ricevuta in scambio, esclusa (nessun costo in euro quantificabile)
[my-cards-profit] Analizzando (986/2003): adrian-alonso-martinez-batista-2024-limited-620
[2026-08-10 14:53:57] [rate limit] dettaglio risposta 429 -- headers rilevanti: Retry-After='63', corpo: '{"error":"Too many requests, please retry later."}'
[2026-08-10 14:53:57] [rate limit] Retry-After=63s troppo lungo (soglia 15s), probabile ban a tempo fisso -- rinuncio subito senza ritentare
[my-cards-profit]   ⚠️ Prezzo market non trovato
[my-cards-profit] Analizzando (987/2003): david-brekalo-2024-limited-240
[2026-08-10 14:53:58] [rate limit] dettaglio risposta 429 -- headers rilevanti: Retry-After='63', corpo: '{"error":"Too many requests, please retry later."}'
[2026-08-10 14:53:58] [rate limit] Retry-After=63s troppo lungo (soglia 15s), probabile ban a tempo fisso -- rinuncio subito senza ritentare
[my-cards-profit]   ⚠️ Prezzo market non trovato
[my-cards-profit] Analizzando (988/2003): franco-nicolas-escobar-2025-limited-95
[2026-08-10 14:53:58] [rate limit] dettaglio risposta 429 -- headers rilevanti: Retry-After='62', corpo: '{"error":"Too many requests, please retry later."}'
[2026-08-10 14:53:58] [rate limit] Retry-After=62s troppo lungo (soglia 15s), probabile ban a tempo fisso -- rinuncio subito senza ritentare
[my-cards-profit]   ⚠️ Prezzo market non trovato
[my-cards-profit] Analizzando (989/2003): rob-holding-2024-limited-345
[2026-08-10 14:53:58] [rate limit] dettaglio risposta 429 -- headers rilevanti: Retry-After='62', corpo: '{"error":"Too many requests, please retry later."}'
[2026-08-10 14:53:58] [rate limit] Retry-After=62s troppo lungo (soglia 15s), probabile ban a tempo fisso -- rinuncio subito senza ritentare
[my-cards-profit]   ⚠️ Prezzo market non trovato
[my-cards-profit] Analizzando (990/2003): ben-chilwell-2025-limited-515
[2026-08-10 14:53:59] [rate limit] dettaglio risposta 429 -- headers rilevanti: Retry-After='61', corpo: '{"error":"Too many requests, please retry later."}'
[2026-08-10 14:53:59] [rate limit] Retry-After=61s troppo lungo (soglia 15s), probabile ban a tempo fisso -- rinuncio subito senza ritentare
[my-cards-profit]   ⚠️ Prezzo market non trovato
[my-cards-profit] Analizzando (991/2003): jaden-philogene-bidace-2024-limited-169
[2026-08-10 14:53:59] [rate limit] dettaglio risposta 429 -- headers rilevanti: Retry-After='61', corpo: '{"error":"Too many requests, please retry later."}'
[2026-08-10 14:53:59] [rate limit] Retry-After=61s troppo lungo (soglia 15s), probabile ban a tempo fisso -- rinuncio subito senza ritentare
[my-cards-profit]   ⚠️ Prezzo market non trovato
[my-cards-profit] Analizzando (992/2003): valentin-barco-2025-limited-274
[2026-08-10 14:53:59] [rate limit] dettaglio risposta 429 -- headers rilevanti: Retry-After='61', corpo: '{"error":"Too many requests, please retry later."}'
[2026-08-10 14:53:59] [rate limit] Retry-After=61s troppo lungo (soglia 15s), probabile ban a tempo fisso -- rinuncio subito senza ritentare
[my-cards-profit]   ⚠️ Prezzo market non trovato
[my-cards-profit] Analizzando (993/2003): dany-mota-carvalho-2024-limited-620
[2026-08-10 14:54:00] [rate limit] dettaglio risposta 429 -- headers rilevanti: Retry-After='60', corpo: '{"error":"Too many requests, please retry later."}'
[2026-08-10 14:54:00] [rate limit] Retry-After=60s troppo lungo (soglia 15s), probabile ban a tempo fisso -- rinuncio subito senza ritentare
[my-cards-profit]   ⚠️ Prezzo market non trovato
[my-cards-profit] Analizzando (994/2003): felix-lemarechal-2025-limited-265
[2026-08-10 14:54:00] [rate limit] dettaglio risposta 429 -- headers rilevanti: Retry-After='60', corpo: '{"error":"Too many requests, please retry later."}'
[2026-08-10 14:54:00] [rate limit] Retry-After=60s troppo lungo (soglia 15s), probabile ban a tempo fisso -- rinuncio subito senza ritentare
[my-cards-profit]   ⚠️ Prezzo market non trovato
[my-cards-profit] Analizzando (995/2003): kyle-walker-2024-limited-75
[2026-08-10 14:54:00] [rate limit] dettaglio risposta 429 -- headers rilevanti: Retry-After='60', corpo: '{"error":"Too many requests, please retry later."}'
[2026-08-10 14:54:00] [rate limit] Retry-After=60s troppo lungo (soglia 15s), probabile ban a tempo fisso -- rinuncio subito senza ritentare
[my-cards-profit]   ⚠️ Prezzo market non trovato
[my-cards-profit] Analizzando (996/2003): jahmai-simpson-pusey-2024-limited-58
[2026-08-10 14:54:01] [rate limit] dettaglio risposta 429 -- headers rilevanti: Retry-After='59', corpo: '{"error":"Too many requests, please retry later."}'
[2026-08-10 14:54:01] [rate limit] Retry-After=59s troppo lungo (soglia 15s), probabile ban a tempo fisso -- rinuncio subito senza ritentare
[my-cards-profit]   ⚠️ Prezzo market non trovato
[my-cards-profit] Analizzando (997/2003): andrew-thomas-1998-09-01-2025-limited-162
[2026-08-10 14:54:01] [rate limit] dettaglio risposta 429 -- headers rilevanti: Retry-After='59', corpo: '{"error":"Too many requests, please retry later."}'
[2026-08-10 14:54:01] [rate limit] Retry-After=59s troppo lungo (soglia 15s), probabile ban a tempo fisso -- rinuncio subito senza ritentare
[my-cards-profit]   ⚠️ Prezzo market non trovato
[my-cards-profit] Analizzando (998/2003): christopher-mcvey-2025-limited-572
[2026-08-10 14:54:01] [rate limit] dettaglio risposta 429 -- headers rilevanti: Retry-After='59', corpo: '{"error":"Too many requests, please retry later."}'
[2026-08-10 14:54:01] [rate limit] Retry-After=59s troppo lungo (soglia 15s), probabile ban a tempo fisso -- rinuncio subito senza ritentare
[my-cards-profit]   ⚠️ Prezzo market non trovato
[my-cards-profit] Analizzando (999/2003): amahl-pellegrino-2025-limited-63
[2026-08-10 14:54:02] [rate limit] dettaglio risposta 429 -- headers rilevanti: Retry-After='58', corpo: '{"error":"Too many requests, please retry later."}'
[2026-08-10 14:54:02] [rate limit] Retry-After=58s troppo lungo (soglia 15s), probabile ban a tempo fisso -- rinuncio subito senza ritentare
[my-cards-profit]   ⚠️ Prezzo market non trovato
[my-cards-profit] Analizzando (1000/2003): milton-casco-2021-limited-313
[2026-08-10 14:54:02] [rate limit] dettaglio risposta 429 -- headers rilevanti: Retry-After='58', corpo: '{"error":"Too many requests, please retry later."}'
[2026-08-10 14:54:02] [rate limit] Retry-After=58s troppo lungo (soglia 15s), probabile ban a tempo fisso -- rinuncio subito senza ritentare
[my-cards-profit]   ⚠️ Prezzo market non trovato
[my-cards-profit] Analizzando (1001/2003): matheus-luiz-nunes-2024-limited-483
[2026-08-10 14:54:02] [rate limit] dettaglio risposta 429 -- headers rilevanti: Retry-After='58', corpo: '{"error":"Too many requests, please retry later."}'
[2026-08-10 14:54:02] [rate limit] Retry-After=58s troppo lungo (soglia 15s), probabile ban a tempo fisso -- rinuncio subito senza ritentare
[my-cards-profit]   ⚠️ Prezzo market non trovato
[my-cards-profit] Analizzando (1002/2003): eduard-sobol-2025-limited-381
[2026-08-10 14:54:03] [rate limit] dettaglio risposta 429 -- headers rilevanti: Retry-After='57', corpo: '{"error":"Too many requests, please retry later."}'
[2026-08-10 14:54:03] [rate limit] Retry-After=57s troppo lungo (soglia 15s), probabile ban a tempo fisso -- rinuncio subito senza ritentare
[my-cards-profit]   ⚠️ Prezzo acquisto E prezzo market non trovati
[my-cards-profit] Analizzando (1003/2003): karl-johan-johnsson-2025-limited-440
[2026-08-10 14:54:03] [rate limit] dettaglio risposta 429 -- headers rilevanti: Retry-After='57', corpo: '{"error":"Too many requests, please retry later."}'
[2026-08-10 14:54:03] [rate limit] Retry-After=57s troppo lungo (soglia 15s), probabile ban a tempo fisso -- rinuncio subito senza ritentare
[my-cards-profit]   ⚠️ Prezzo acquisto E prezzo market non trovati
[my-cards-profit] Analizzando (1004/2003): matteo-pessina-2024-limited-496
[2026-08-10 14:54:03] [rate limit] dettaglio risposta 429 -- headers rilevanti: Retry-After='57', corpo: '{"error":"Too many requests, please retry later."}'
[2026-08-10 14:54:03] [rate limit] Retry-After=57s troppo lungo (soglia 15s), probabile ban a tempo fisso -- rinuncio subito senza ritentare
[my-cards-profit]   ⚠️ Prezzo market non trovato
[my-cards-profit] Analizzando (1005/2003): martial-godo-2025-limited-403
[2026-08-10 14:54:04] [rate limit] dettaglio risposta 429 -- headers rilevanti: Retry-After='56', corpo: '{"error":"Too many requests, please retry later."}'
[2026-08-10 14:54:04] [rate limit] Retry-After=56s troppo lungo (soglia 15s), probabile ban a tempo fisso -- rinuncio subito senza ritentare
[my-cards-profit]   ⚠️ Prezzo market non trovato
[my-cards-profit] Analizzando (1006/2003): lucas-hogsberg-2025-limited-336
[2026-08-10 14:54:04] [rate limit] dettaglio risposta 429 -- headers rilevanti: Retry-After='56', corpo: '{"error":"Too many requests, please retry later."}'
[2026-08-10 14:54:04] [rate limit] Retry-After=56s troppo lungo (soglia 15s), probabile ban a tempo fisso -- rinuncio subito senza ritentare
[my-cards-profit]   ⚠️ Prezzo market non trovato
[my-cards-profit] Analizzando (1007/2003): mateo-kovacic-2024-limited-66
[2026-08-10 14:54:05] [rate limit] dettaglio risposta 429 -- headers rilevanti: Retry-After='56', corpo: '{"error":"Too many requests, please retry later."}'
[2026-08-10 14:54:05] [rate limit] Retry-After=56s troppo lungo (soglia 15s), probabile ban a tempo fisso -- rinuncio subito senza ritentare
[my-cards-profit]   ⚠️ Prezzo market non trovato
[my-cards-profit] Analizzando (1008/2003): erling-haland-2024-limited-47
[2026-08-10 14:54:05] [rate limit] dettaglio risposta 429 -- headers rilevanti: Retry-After='55', corpo: '{"error":"Too many requests, please retry later."}'
[2026-08-10 14:54:05] [rate limit] Retry-After=55s troppo lungo (soglia 15s), probabile ban a tempo fisso -- rinuncio subito senza ritentare
[my-cards-profit]   ⚠️ Prezzo market non trovato
[my-cards-profit] Analizzando (1009/2003): christopher-mcvey-2025-limited-326
[2026-08-10 14:54:05] [rate limit] dettaglio risposta 429 -- headers rilevanti: Retry-After='55', corpo: '{"error":"Too many requests, please retry later."}'
[2026-08-10 14:54:05] [rate limit] Retry-After=55s troppo lungo (soglia 15s), probabile ban a tempo fisso -- rinuncio subito senza ritentare
[my-cards-profit]   ⚠️ Prezzo market non trovato
[my-cards-profit] Analizzando (1010/2003): yeimar-pastor-gomez-andrade-2023-limited-405
[2026-08-10 14:54:06] [rate limit] dettaglio risposta 429 -- headers rilevanti: Retry-After='54', corpo: '{"error":"Too many requests, please retry later."}'
[2026-08-10 14:54:06] [rate limit] Retry-After=54s troppo lungo (soglia 15s), probabile ban a tempo fisso -- rinuncio subito senza ritentare
[my-cards-profit]   ⚠️ Prezzo market non trovato
[my-cards-profit] Analizzando (1011/2003): yoshio-koizumi-2021-limited-12
[2026-08-10 14:54:06] [rate limit] dettaglio risposta 429 -- headers rilevanti: Retry-After='54', corpo: '{"error":"Too many requests, please retry later."}'
[2026-08-10 14:54:06] [rate limit] Retry-After=54s troppo lungo (soglia 15s), probabile ban a tempo fisso -- rinuncio subito senza ritentare
[my-cards-profit]   ⚠️ Prezzo market non trovato
[my-cards-profit] Analizzando (1012/2003): daiya-maekawa-2025-limited-142
[2026-08-10 14:54:06] [rate limit] dettaglio risposta 429 -- headers rilevanti: Retry-After='54', corpo: '{"error":"Too many requests, please retry later."}'
[2026-08-10 14:54:06] [rate limit] Retry-After=54s troppo lungo (soglia 15s), probabile ban a tempo fisso -- rinuncio subito senza ritentare
[my-cards-profit]   ⚠️ Prezzo market non trovato
[my-cards-profit] Analizzando (1013/2003): hyun-woo-cho-2023-limited-242
[2026-08-10 14:54:07] [rate limit] dettaglio risposta 429 -- headers rilevanti: Retry-After='53', corpo: '{"error":"Too many requests, please retry later."}'
[2026-08-10 14:54:07] [rate limit] Retry-After=53s troppo lungo (soglia 15s), probabile ban a tempo fisso -- rinuncio subito senza ritentare
[my-cards-profit]   ⚠️ Prezzo market non trovato
[my-cards-profit] Analizzando (1014/2003): seung-seop-kim-2024-limited-290
[2026-08-10 14:54:07] [rate limit] dettaglio risposta 429 -- headers rilevanti: Retry-After='53', corpo: '{"error":"Too many requests, please retry later."}'
[2026-08-10 14:54:07] [rate limit] Retry-After=53s troppo lungo (soglia 15s), probabile ban a tempo fisso -- rinuncio subito senza ritentare
[my-cards-profit]   ⚠️ Prezzo market non trovato
[my-cards-profit] Analizzando (1015/2003): taiyo-koga-2022-limited-321
[2026-08-10 14:54:07] [rate limit] dettaglio risposta 429 -- headers rilevanti: Retry-After='53', corpo: '{"error":"Too many requests, please retry later."}'
[2026-08-10 14:54:07] [rate limit] Retry-After=53s troppo lungo (soglia 15s), probabile ban a tempo fisso -- rinuncio subito senza ritentare
[my-cards-profit]   ⚠️ Prezzo market non trovato
[my-cards-profit] Analizzando (1016/2003): yuma-obata-2025-limited-10
[2026-08-10 14:54:08] [rate limit] dettaglio risposta 429 -- headers rilevanti: Retry-After='52', corpo: '{"error":"Too many requests, please retry later."}'
[2026-08-10 14:54:08] [rate limit] Retry-After=52s troppo lungo (soglia 15s), probabile ban a tempo fisso -- rinuncio subito senza ritentare
[my-cards-profit]   ⚠️ Prezzo market non trovato
[my-cards-profit] Analizzando (1017/2003): kenta-nemoto-2025-limited-44
[2026-08-10 14:54:08] [rate limit] dettaglio risposta 429 -- headers rilevanti: Retry-After='52', corpo: '{"error":"Too many requests, please retry later."}'
[2026-08-10 14:54:08] [rate limit] Retry-After=52s troppo lungo (soglia 15s), probabile ban a tempo fisso -- rinuncio subito senza ritentare
[my-cards-profit]   ⚠️ Prezzo market non trovato
[my-cards-profit] Analizzando (1018/2003): akito-suzuki-2025-limited-214
[2026-08-10 14:54:08] [rate limit] dettaglio risposta 429 -- headers rilevanti: Retry-After='52', corpo: '{"error":"Too many requests, please retry later."}'
[2026-08-10 14:54:08] [rate limit] Retry-After=52s troppo lungo (soglia 15s), probabile ban a tempo fisso -- rinuncio subito senza ritentare
[my-cards-profit]   ⚠️ Prezzo market non trovato
[my-cards-profit] Analizzando (1019/2003): teenage-lingani-hadebe-2023-limited-96
[2026-08-10 14:54:09] [rate limit] dettaglio risposta 429 -- headers rilevanti: Retry-After='51', corpo: '{"error":"Too many requests, please retry later."}'
[2026-08-10 14:54:09] [rate limit] Retry-After=51s troppo lungo (soglia 15s), probabile ban a tempo fisso -- rinuncio subito senza ritentare
[my-cards-profit]   ⚠️ Prezzo market non trovato
[my-cards-profit] Analizzando (1020/2003): jae-hyun-mo-2025-limited-99
[2026-08-10 14:54:09] [rate limit] dettaglio risposta 429 -- headers rilevanti: Retry-After='51', corpo: '{"error":"Too many requests, please retry later."}'
[2026-08-10 14:54:09] [rate limit] Retry-After=51s troppo lungo (soglia 15s), probabile ban a tempo fisso -- rinuncio subito senza ritentare
[my-cards-profit]   ⚠️ Prezzo market non trovato
[my-cards-profit] Analizzando (1021/2003): ju-hyun-lee-2025-limited-104
[2026-08-10 14:54:09] [rate limit] dettaglio risposta 429 -- headers rilevanti: Retry-After='51', corpo: '{"error":"Too many requests, please retry later."}'
[2026-08-10 14:54:09] [rate limit] Retry-After=51s troppo lungo (soglia 15s), probabile ban a tempo fisso -- rinuncio subito senza ritentare
[my-cards-profit]   ⚠️ Prezzo market non trovato
[my-cards-profit] Analizzando (1022/2003): sam-lammers-2024-limited-91
[2026-08-10 14:54:10] [rate limit] dettaglio risposta 429 -- headers rilevanti: Retry-After='50', corpo: '{"error":"Too many requests, please retry later."}'
[2026-08-10 14:54:10] [rate limit] Retry-After=50s troppo lungo (soglia 15s), probabile ban a tempo fisso -- rinuncio subito senza ritentare
[my-cards-profit]   ⚠️ Prezzo market non trovato
[my-cards-profit] Analizzando (1023/2003): maxime-busi-2021-limited-277
[2026-08-10 14:54:10] [rate limit] dettaglio risposta 429 -- headers rilevanti: Retry-After='50', corpo: '{"error":"Too many requests, please retry later."}'
[2026-08-10 14:54:10] [rate limit] Retry-After=50s troppo lungo (soglia 15s), probabile ban a tempo fisso -- rinuncio subito senza ritentare
[my-cards-profit]   ⚠️ Prezzo market non trovato
[my-cards-profit] Analizzando (1024/2003): masaaki-higashiguchi-2024-limited-18
[2026-08-10 14:54:11] [rate limit] dettaglio risposta 429 -- headers rilevanti: Retry-After='50', corpo: '{"error":"Too many requests, please retry later."}'
[2026-08-10 14:54:11] [rate limit] Retry-After=50s troppo lungo (soglia 15s), probabile ban a tempo fisso -- rinuncio subito senza ritentare
[my-cards-profit]   ⚠️ Prezzo market non trovato
[my-cards-profit] Analizzando (1025/2003): jessy-benet-2025-limited-878
[2026-08-10 14:54:11] [rate limit] dettaglio risposta 429 -- headers rilevanti: Retry-After='49', corpo: '{"error":"Too many requests, please retry later."}'
[2026-08-10 14:54:11] [rate limit] Retry-After=49s troppo lungo (soglia 15s), probabile ban a tempo fisso -- rinuncio subito senza ritentare
[my-cards-profit]   ⚠️ Prezzo market non trovato
[my-cards-profit] Analizzando (1026/2003): gregor-kobel-2024-limited-109
[2026-08-10 14:54:11] [rate limit] dettaglio risposta 429 -- headers rilevanti: Retry-After='49', corpo: '{"error":"Too many requests, please retry later."}'
[2026-08-10 14:54:11] [rate limit] Retry-After=49s troppo lungo (soglia 15s), probabile ban a tempo fisso -- rinuncio subito senza ritentare
[my-cards-profit]   ⚠️ Prezzo market non trovato
[my-cards-profit] Analizzando (1027/2003): dinko-horkas-2024-limited-532
[2026-08-10 14:54:12] [rate limit] dettaglio risposta 429 -- headers rilevanti: Retry-After='49', corpo: '{"error":"Too many requests, please retry later."}'
[2026-08-10 14:54:12] [rate limit] Retry-After=49s troppo lungo (soglia 15s), probabile ban a tempo fisso -- rinuncio subito senza ritentare
[my-cards-profit]   ⚠️ Prezzo market non trovato
[my-cards-profit] Analizzando (1028/2003): jan-bednarek-2024-limited-488
[2026-08-10 14:54:12] [rate limit] dettaglio risposta 429 -- headers rilevanti: Retry-After='48', corpo: '{"error":"Too many requests, please retry later."}'
[2026-08-10 14:54:12] [rate limit] Retry-After=48s troppo lungo (soglia 15s), probabile ban a tempo fisso -- rinuncio subito senza ritentare
[my-cards-profit]   ⚠️ Prezzo market non trovato
[my-cards-profit] Analizzando (1029/2003): miguel-angel-merentiel-serrano-2025-limited-331
[2026-08-10 14:54:12] [rate limit] dettaglio risposta 429 -- headers rilevanti: Retry-After='48', corpo: '{"error":"Too many requests, please retry later."}'
[2026-08-10 14:54:12] [rate limit] Retry-After=48s troppo lungo (soglia 15s), probabile ban a tempo fisso -- rinuncio subito senza ritentare
[my-cards-profit]   ⚠️ Prezzo market non trovato
[my-cards-profit] Analizzando (1030/2003): anderson-souza-conceicao-2025-limited-404
[2026-08-10 14:54:13] [rate limit] dettaglio risposta 429 -- headers rilevanti: Retry-After='47', corpo: '{"error":"Too many requests, please retry later."}'
[2026-08-10 14:54:13] [rate limit] Retry-After=47s troppo lungo (soglia 15s), probabile ban a tempo fisso -- rinuncio subito senza ritentare
[my-cards-profit]   ⚠️ Prezzo market non trovato
[my-cards-profit] Analizzando (1031/2003): hayate-matsuda-2025-limited-424
[2026-08-10 14:54:13] [rate limit] dettaglio risposta 429 -- headers rilevanti: Retry-After='47', corpo: '{"error":"Too many requests, please retry later."}'
[2026-08-10 14:54:13] [rate limit] Retry-After=47s troppo lungo (soglia 15s), probabile ban a tempo fisso -- rinuncio subito senza ritentare
[my-cards-profit]   ⚠️ Prezzo acquisto E prezzo market non trovati
[my-cards-profit] Analizzando (1032/2003): ringo-meerveld-2025-limited-508
[2026-08-10 14:54:13] [rate limit] dettaglio risposta 429 -- headers rilevanti: Retry-After='47', corpo: '{"error":"Too many requests, please retry later."}'
[2026-08-10 14:54:13] [rate limit] Retry-After=47s troppo lungo (soglia 15s), probabile ban a tempo fisso -- rinuncio subito senza ritentare
[my-cards-profit]   ⚠️ Prezzo acquisto E prezzo market non trovati
[my-cards-profit] Analizzando (1033/2003): eser-gurbuz-2025-limited-382
[2026-08-10 14:54:14] [rate limit] dettaglio risposta 429 -- headers rilevanti: Retry-After='46', corpo: '{"error":"Too many requests, please retry later."}'
[2026-08-10 14:54:14] [rate limit] Retry-After=46s troppo lungo (soglia 15s), probabile ban a tempo fisso -- rinuncio subito senza ritentare
[my-cards-profit]   ⚠️ Prezzo acquisto E prezzo market non trovati
[my-cards-profit] Analizzando (1034/2003): lucas-vennegoor-of-hesselink-2025-limited-338
[2026-08-10 14:54:14] [rate limit] dettaglio risposta 429 -- headers rilevanti: Retry-After='46', corpo: '{"error":"Too many requests, please retry later."}'
[2026-08-10 14:54:14] [rate limit] Retry-After=46s troppo lungo (soglia 15s), probabile ban a tempo fisso -- rinuncio subito senza ritentare
[my-cards-profit]   ⚠️ Prezzo acquisto E prezzo market non trovati
[my-cards-profit] Analizzando (1035/2003): tidiane-toure-2025-limited-240
[2026-08-10 14:54:14] [rate limit] dettaglio risposta 429 -- headers rilevanti: Retry-After='46', corpo: '{"error":"Too many requests, please retry later."}'
[2026-08-10 14:54:14] [rate limit] Retry-After=46s troppo lungo (soglia 15s), probabile ban a tempo fisso -- rinuncio subito senza ritentare
[my-cards-profit]   ⚠️ Prezzo acquisto E prezzo market non trovati
[my-cards-profit] Analizzando (1036/2003): thijmen-blokzijl-2025-limited-625
[2026-08-10 14:54:15] [rate limit] dettaglio risposta 429 -- headers rilevanti: Retry-After='45', corpo: '{"error":"Too many requests, please retry later."}'
[2026-08-10 14:54:15] [rate limit] Retry-After=45s troppo lungo (soglia 15s), probabile ban a tempo fisso -- rinuncio subito senza ritentare
[my-cards-profit]   ⚠️ Prezzo acquisto E prezzo market non trovati
[my-cards-profit] Analizzando (1037/2003): kevin-mbabu-2025-limited-643
[2026-08-10 14:54:15] [rate limit] dettaglio risposta 429 -- headers rilevanti: Retry-After='45', corpo: '{"error":"Too many requests, please retry later."}'
[2026-08-10 14:54:15] [rate limit] Retry-After=45s troppo lungo (soglia 15s), probabile ban a tempo fisso -- rinuncio subito senza ritentare
[my-cards-profit]   ⚠️ Prezzo acquisto E prezzo market non trovati
[my-cards-profit] Analizzando (1038/2003): shuto-machino-2025-limited-590
[2026-08-10 14:54:15] [rate limit] dettaglio risposta 429 -- headers rilevanti: Retry-After='45', corpo: '{"error":"Too many requests, please retry later."}'
[2026-08-10 14:54:15] [rate limit] Retry-After=45s troppo lungo (soglia 15s), probabile ban a tempo fisso -- rinuncio subito senza ritentare
[my-cards-profit]   ⚠️ Prezzo acquisto E prezzo market non trovati
[my-cards-profit] Analizzando (1039/2003): marvin-young-2025-limited-434
[2026-08-10 14:54:16] [rate limit] dettaglio risposta 429 -- headers rilevanti: Retry-After='44', corpo: '{"error":"Too many requests, please retry later."}'
[2026-08-10 14:54:16] [rate limit] Retry-After=44s troppo lungo (soglia 15s), probabile ban a tempo fisso -- rinuncio subito senza ritentare
[my-cards-profit]   ⚠️ Prezzo market non trovato
[my-cards-profit] Analizzando (1040/2003): tom-gerard-de-graaff-2025-limited-124
[2026-08-10 14:54:16] [rate limit] dettaglio risposta 429 -- headers rilevanti: Retry-After='44', corpo: '{"error":"Too many requests, please retry later."}'
[2026-08-10 14:54:16] [rate limit] Retry-After=44s troppo lungo (soglia 15s), probabile ban a tempo fisso -- rinuncio subito senza ritentare
[my-cards-profit]   ⚠️ Prezzo market non trovato
[my-cards-profit] Analizzando (1041/2003): lewis-hall-2004-09-08-2024-limited-422
[2026-08-10 14:54:16] [rate limit] dettaglio risposta 429 -- headers rilevanti: Retry-After='44', corpo: '{"error":"Too many requests, please retry later."}'
[2026-08-10 14:54:16] [rate limit] Retry-After=44s troppo lungo (soglia 15s), probabile ban a tempo fisso -- rinuncio subito senza ritentare
[my-cards-profit]   ⚠️ Prezzo market non trovato
[my-cards-profit] Analizzando (1042/2003): john-souttar-2025-limited-380
[2026-08-10 14:54:17] [rate limit] dettaglio risposta 429 -- headers rilevanti: Retry-After='43', corpo: '{"error":"Too many requests, please retry later."}'
[2026-08-10 14:54:17] [rate limit] Retry-After=43s troppo lungo (soglia 15s), probabile ban a tempo fisso -- rinuncio subito senza ritentare
[my-cards-profit]   ⚠️ Prezzo market non trovato
[my-cards-profit] Analizzando (1043/2003): juan-agustin-musso-2025-limited-421
[2026-08-10 14:54:17] [rate limit] dettaglio risposta 429 -- headers rilevanti: Retry-After='43', corpo: '{"error":"Too many requests, please retry later."}'
[2026-08-10 14:54:17] [rate limit] Retry-After=43s troppo lungo (soglia 15s), probabile ban a tempo fisso -- rinuncio subito senza ritentare
[my-cards-profit]   ⚠️ Prezzo market non trovato
[my-cards-profit] Analizzando (1044/2003): tika-de-jonge-2025-limited-403
[2026-08-10 14:54:18] [rate limit] dettaglio risposta 429 -- headers rilevanti: Retry-After='43', corpo: '{"error":"Too many requests, please retry later."}'
[2026-08-10 14:54:18] [rate limit] Retry-After=43s troppo lungo (soglia 15s), probabile ban a tempo fisso -- rinuncio subito senza ritentare
[my-cards-profit]   ⚠️ Prezzo acquisto E prezzo market non trovati
[my-cards-profit] Analizzando (1045/2003): manuel-bueno-sebastian-2025-limited-329
[2026-08-10 14:54:18] [rate limit] dettaglio risposta 429 -- headers rilevanti: Retry-After='42', corpo: '{"error":"Too many requests, please retry later."}'
[2026-08-10 14:54:18] [rate limit] Retry-After=42s troppo lungo (soglia 15s), probabile ban a tempo fisso -- rinuncio subito senza ritentare
[my-cards-profit]   ⚠️ Prezzo acquisto E prezzo market non trovati
[my-cards-profit] Analizzando (1046/2003): jose-angel-carmona-navarro-2025-limited-580
[2026-08-10 14:54:18] [rate limit] dettaglio risposta 429 -- headers rilevanti: Retry-After='42', corpo: '{"error":"Too many requests, please retry later."}'
[2026-08-10 14:54:18] [rate limit] Retry-After=42s troppo lungo (soglia 15s), probabile ban a tempo fisso -- rinuncio subito senza ritentare
[my-cards-profit]   ⚠️ Prezzo market non trovato
[my-cards-profit] Analizzando (1047/2003): odisseas-vlachodimos-2025-limited-324
[2026-08-10 14:54:19] [rate limit] dettaglio risposta 429 -- headers rilevanti: Retry-After='42', corpo: '{"error":"Too many requests, please retry later."}'
[2026-08-10 14:54:19] [rate limit] Retry-After=42s troppo lungo (soglia 15s), probabile ban a tempo fisso -- rinuncio subito senza ritentare
[my-cards-profit]   ⚠️ Prezzo market non trovato
[my-cards-profit] Analizzando (1048/2003): rayan-ait-nouri-2024-limited-281
[2026-08-10 14:54:19] [rate limit] dettaglio risposta 429 -- headers rilevanti: Retry-After='41', corpo: '{"error":"Too many requests, please retry later."}'
[2026-08-10 14:54:19] [rate limit] Retry-After=41s troppo lungo (soglia 15s), probabile ban a tempo fisso -- rinuncio subito senza ritentare
[my-cards-profit]   ⚠️ Prezzo market non trovato
[my-cards-profit] Analizzando (1049/2003): nikola-moro-2024-limited-368
[2026-08-10 14:54:19] [rate limit] dettaglio risposta 429 -- headers rilevanti: Retry-After='41', corpo: '{"error":"Too many requests, please retry later."}'
[2026-08-10 14:54:19] [rate limit] Retry-After=41s troppo lungo (soglia 15s), probabile ban a tempo fisso -- rinuncio subito senza ritentare
[my-cards-profit]   ⚠️ Prezzo market non trovato
[my-cards-profit] Analizzando (1050/2003): stefan-posch-2024-limited-49
[2026-08-10 14:54:20] [rate limit] dettaglio risposta 429 -- headers rilevanti: Retry-After='40', corpo: '{"error":"Too many requests, please retry later."}'
[2026-08-10 14:54:20] [rate limit] Retry-After=40s troppo lungo (soglia 15s), probabile ban a tempo fisso -- rinuncio subito senza ritentare
[my-cards-profit]   ⚠️ Prezzo market non trovato
[my-cards-profit] Analizzando (1051/2003): kacper-urbanski-2024-limited-418
[2026-08-10 14:54:20] [rate limit] dettaglio risposta 429 -- headers rilevanti: Retry-After='40', corpo: '{"error":"Too many requests, please retry later."}'
[2026-08-10 14:54:20] [rate limit] Retry-After=40s troppo lungo (soglia 15s), probabile ban a tempo fisso -- rinuncio subito senza ritentare
[my-cards-profit]   ⚠️ Prezzo market non trovato
[my-cards-profit] Analizzando (1052/2003): juan-miranda-gonzalez-2024-limited-424
[2026-08-10 14:54:20] [rate limit] dettaglio risposta 429 -- headers rilevanti: Retry-After='40', corpo: '{"error":"Too many requests, please retry later."}'
[2026-08-10 14:54:20] [rate limit] Retry-After=40s troppo lungo (soglia 15s), probabile ban a tempo fisso -- rinuncio subito senza ritentare
[my-cards-profit]   ⚠️ Prezzo market non trovato
[my-cards-profit] Analizzando (1053/2003): federico-ravaglia-2024-limited-48
[2026-08-10 14:54:21] [rate limit] dettaglio risposta 429 -- headers rilevanti: Retry-After='39', corpo: '{"error":"Too many requests, please retry later."}'
[2026-08-10 14:54:21] [rate limit] Retry-After=39s troppo lungo (soglia 15s), probabile ban a tempo fisso -- rinuncio subito senza ritentare
[my-cards-profit]   ⚠️ Prezzo market non trovato
[my-cards-profit] Analizzando (1054/2003): riccardo-orsolini-2024-limited-36
[2026-08-10 14:54:21] [rate limit] dettaglio risposta 429 -- headers rilevanti: Retry-After='39', corpo: '{"error":"Too many requests, please retry later."}'
[2026-08-10 14:54:21] [rate limit] Retry-After=39s troppo lungo (soglia 15s), probabile ban a tempo fisso -- rinuncio subito senza ritentare
[my-cards-profit]   ⚠️ Prezzo market non trovato
[my-cards-profit] Analizzando (1055/2003): samuel-omorodion-aghehowa-2025-limited-827
[2026-08-10 14:54:21] [rate limit] dettaglio risposta 429 -- headers rilevanti: Retry-After='39', corpo: '{"error":"Too many requests, please retry later."}'
[2026-08-10 14:54:21] [rate limit] Retry-After=39s troppo lungo (soglia 15s), probabile ban a tempo fisso -- rinuncio subito senza ritentare
[my-cards-profit]   ⚠️ Prezzo acquisto E prezzo market non trovati
[my-cards-profit] Analizzando (1056/2003): rodrygo-silva-de-goes-2025-limited-440
[2026-08-10 14:54:22] [rate limit] dettaglio risposta 429 -- headers rilevanti: Retry-After='38', corpo: '{"error":"Too many requests, please retry later."}'
[2026-08-10 14:54:22] [rate limit] Retry-After=38s troppo lungo (soglia 15s), probabile ban a tempo fisso -- rinuncio subito senza ritentare
[my-cards-profit]   ⚠️ Prezzo market non trovato
[my-cards-profit] Analizzando (1057/2003): jose-guilherme-ribeiro-2025-limited-231
[2026-08-10 14:54:22] [rate limit] dettaglio risposta 429 -- headers rilevanti: Retry-After='38', corpo: '{"error":"Too many requests, please retry later."}'
[2026-08-10 14:54:22] [rate limit] Retry-After=38s troppo lungo (soglia 15s), probabile ban a tempo fisso -- rinuncio subito senza ritentare
[my-cards-profit]   ⚠️ Prezzo acquisto E prezzo market non trovati
[my-cards-profit] Analizzando (1058/2003): promise-oluwatobi-emmanuel-akinpelu-2025-limited-63
[2026-08-10 14:54:22] [rate limit] dettaglio risposta 429 -- headers rilevanti: Retry-After='38', corpo: '{"error":"Too many requests, please retry later."}'
[2026-08-10 14:54:22] [rate limit] Retry-After=38s troppo lungo (soglia 15s), probabile ban a tempo fisso -- rinuncio subito senza ritentare
[my-cards-profit]   ⚠️ Prezzo market non trovato
[my-cards-profit] Analizzando (1059/2003): jorge-resurreccion-merodio-2025-limited-347
[2026-08-10 14:54:23] [rate limit] dettaglio risposta 429 -- headers rilevanti: Retry-After='37', corpo: '{"error":"Too many requests, please retry later."}'
[2026-08-10 14:54:23] [rate limit] Retry-After=37s troppo lungo (soglia 15s), probabile ban a tempo fisso -- rinuncio subito senza ritentare
[my-cards-profit]   ⚠️ Prezzo market non trovato
[my-cards-profit] Analizzando (1060/2003): richard-rios-montoya-2025-limited-688
[2026-08-10 14:54:23] [rate limit] dettaglio risposta 429 -- headers rilevanti: Retry-After='37', corpo: '{"error":"Too many requests, please retry later."}'
[2026-08-10 14:54:23] [rate limit] Retry-After=37s troppo lungo (soglia 15s), probabile ban a tempo fisso -- rinuncio subito senza ritentare
[my-cards-profit]   ⚠️ Prezzo market non trovato
[my-cards-profit] Analizzando (1061/2003): john-stones-2024-limited-258
[2026-08-10 14:54:23] [rate limit] dettaglio risposta 429 -- headers rilevanti: Retry-After='37', corpo: '{"error":"Too many requests, please retry later."}'
[2026-08-10 14:54:23] [rate limit] Retry-After=37s troppo lungo (soglia 15s), probabile ban a tempo fisso -- rinuncio subito senza ritentare
[my-cards-profit]   ⚠️ Prezzo market non trovato
[my-cards-profit] Analizzando (1062/2003): nikola-katic-2025-limited-382
[2026-08-10 14:54:24] [rate limit] dettaglio risposta 429 -- headers rilevanti: Retry-After='36', corpo: '{"error":"Too many requests, please retry later."}'
[2026-08-10 14:54:24] [rate limit] Retry-After=36s troppo lungo (soglia 15s), probabile ban a tempo fisso -- rinuncio subito senza ritentare
[my-cards-profit]   ⚠️ Prezzo market non trovato
[my-cards-profit] Analizzando (1063/2003): joaquin-panichelli-2025-limited-704
[2026-08-10 14:54:24] [rate limit] dettaglio risposta 429 -- headers rilevanti: Retry-After='36', corpo: '{"error":"Too many requests, please retry later."}'
[2026-08-10 14:54:24] [rate limit] Retry-After=36s troppo lungo (soglia 15s), probabile ban a tempo fisso -- rinuncio subito senza ritentare
[my-cards-profit]   ⚠️ Prezzo market non trovato
[my-cards-profit] Analizzando (1064/2003): raphael-dias-belloli-2025-limited-275
[2026-08-10 14:54:25] [rate limit] dettaglio risposta 429 -- headers rilevanti: Retry-After='36', corpo: '{"error":"Too many requests, please retry later."}'
[2026-08-10 14:54:25] [rate limit] Retry-After=36s troppo lungo (soglia 15s), probabile ban a tempo fisso -- rinuncio subito senza ritentare
[my-cards-profit]   ⚠️ Prezzo market non trovato
[my-cards-profit] Analizzando (1065/2003): sergio-camello-perez-2025-limited-147
[2026-08-10 14:54:25] [rate limit] dettaglio risposta 429 -- headers rilevanti: Retry-After='35', corpo: '{"error":"Too many requests, please retry later."}'
[2026-08-10 14:54:25] [rate limit] Retry-After=35s troppo lungo (soglia 15s), probabile ban a tempo fisso -- rinuncio subito senza ritentare
[my-cards-profit]   ⚠️ Prezzo market non trovato
[my-cards-profit] Analizzando (1066/2003): kees-smit-2025-limited-28
[2026-08-10 14:54:25] [rate limit] dettaglio risposta 429 -- headers rilevanti: Retry-After='35', corpo: '{"error":"Too many requests, please retry later."}'
[2026-08-10 14:54:25] [rate limit] Retry-After=35s troppo lungo (soglia 15s), probabile ban a tempo fisso -- rinuncio subito senza ritentare
[my-cards-profit]   ⚠️ Prezzo market non trovato
[my-cards-profit] Analizzando (1067/2003): isak-jensen-2025-limited-490
[2026-08-10 14:54:26] [rate limit] dettaglio risposta 429 -- headers rilevanti: Retry-After='35', corpo: '{"error":"Too many requests, please retry later."}'
[2026-08-10 14:54:26] [rate limit] Retry-After=35s troppo lungo (soglia 15s), probabile ban a tempo fisso -- rinuncio subito senza ritentare
[my-cards-profit]   ⚠️ Prezzo market non trovato
[my-cards-profit] Analizzando (1068/2003): mees-jacobus-wilhelmus-de-wit-2025-limited-443
[2026-08-10 14:54:26] [rate limit] dettaglio risposta 429 -- headers rilevanti: Retry-After='34', corpo: '{"error":"Too many requests, please retry later."}'
[2026-08-10 14:54:26] [rate limit] Retry-After=34s troppo lungo (soglia 15s), probabile ban a tempo fisso -- rinuncio subito senza ritentare
[my-cards-profit]   ⚠️ Prezzo market non trovato
[my-cards-profit] Analizzando (1069/2003): georginio-rutter-2022-limited-154
[2026-08-10 14:54:26] [rate limit] dettaglio risposta 429 -- headers rilevanti: Retry-After='34', corpo: '{"error":"Too many requests, please retry later."}'
[2026-08-10 14:54:26] [rate limit] Retry-After=34s troppo lungo (soglia 15s), probabile ban a tempo fisso -- rinuncio subito senza ritentare
[my-cards-profit]   ⚠️ Prezzo market non trovato
[my-cards-profit] Analizzando (1070/2003): melayro-bogarde-2022-limited-93
[2026-08-10 14:54:27] [rate limit] dettaglio risposta 429 -- headers rilevanti: Retry-After='33', corpo: '{"error":"Too many requests, please retry later."}'
[2026-08-10 14:54:27] [rate limit] Retry-After=33s troppo lungo (soglia 15s), probabile ban a tempo fisso -- rinuncio subito senza ritentare
[my-cards-profit]   ⚠️ Prezzo market non trovato
[my-cards-profit] Analizzando (1071/2003): florian-lejeune-2025-limited-699
[2026-08-10 14:54:27] [rate limit] dettaglio risposta 429 -- headers rilevanti: Retry-After='33', corpo: '{"error":"Too many requests, please retry later."}'
[2026-08-10 14:54:27] [rate limit] Retry-After=33s troppo lungo (soglia 15s), probabile ban a tempo fisso -- rinuncio subito senza ritentare
[my-cards-profit]   ⚠️ Prezzo market non trovato
[my-cards-profit] Analizzando (1072/2003): matthias-seidl-2025-limited-287
[2026-08-10 14:54:27] [rate limit] dettaglio risposta 429 -- headers rilevanti: Retry-After='33', corpo: '{"error":"Too many requests, please retry later."}'
[2026-08-10 14:54:27] [rate limit] Retry-After=33s troppo lungo (soglia 15s), probabile ban a tempo fisso -- rinuncio subito senza ritentare
[my-cards-profit]   ⚠️ Prezzo market non trovato
[my-cards-profit] Analizzando (1073/2003): kodai-sano-2025-limited-384
[2026-08-10 14:54:28] [rate limit] dettaglio risposta 429 -- headers rilevanti: Retry-After='32', corpo: '{"error":"Too many requests, please retry later."}'
[2026-08-10 14:54:28] [rate limit] Retry-After=32s troppo lungo (soglia 15s), probabile ban a tempo fisso -- rinuncio subito senza ritentare
[my-cards-profit]   ⚠️ Prezzo market non trovato
[my-cards-profit] Analizzando (1074/2003): tochukwu-nadi-2025-limited-365
[2026-08-10 14:54:28] [rate limit] dettaglio risposta 429 -- headers rilevanti: Retry-After='32', corpo: '{"error":"Too many requests, please retry later."}'
[2026-08-10 14:54:28] [rate limit] Retry-After=32s troppo lungo (soglia 15s), probabile ban a tempo fisso -- rinuncio subito senza ritentare
[my-cards-profit]   ⚠️ Prezzo acquisto E prezzo market non trovati
[my-cards-profit] Analizzando (1075/2003): pau-cabanes-de-la-torre-2025-limited-190
[2026-08-10 14:54:28] [rate limit] dettaglio risposta 429 -- headers rilevanti: Retry-After='32', corpo: '{"error":"Too many requests, please retry later."}'
[2026-08-10 14:54:28] [rate limit] Retry-After=32s troppo lungo (soglia 15s), probabile ban a tempo fisso -- rinuncio subito senza ritentare
[my-cards-profit]   ⚠️ Prezzo acquisto E prezzo market non trovati
[my-cards-profit] Analizzando (1076/2003): manor-solomon-2025-limited-619
[2026-08-10 14:54:29] [rate limit] dettaglio risposta 429 -- headers rilevanti: Retry-After='31', corpo: '{"error":"Too many requests, please retry later."}'
[2026-08-10 14:54:29] [rate limit] Retry-After=31s troppo lungo (soglia 15s), probabile ban a tempo fisso -- rinuncio subito senza ritentare
[my-cards-profit]   ⚠️ Prezzo acquisto E prezzo market non trovati
[my-cards-profit] Analizzando (1077/2003): sergi-cardona-bermudez-2025-limited-761
[2026-08-10 14:54:29] [rate limit] dettaglio risposta 429 -- headers rilevanti: Retry-After='31', corpo: '{"error":"Too many requests, please retry later."}'
[2026-08-10 14:54:29] [rate limit] Retry-After=31s troppo lungo (soglia 15s), probabile ban a tempo fisso -- rinuncio subito senza ritentare
[my-cards-profit]   ⚠️ Prezzo acquisto E prezzo market non trovati
[my-cards-profit] Analizzando (1078/2003): matteo-bignetti-2025-limited-621
[2026-08-10 14:54:29] [rate limit] dettaglio risposta 429 -- headers rilevanti: Retry-After='31', corpo: '{"error":"Too many requests, please retry later."}'
[2026-08-10 14:54:29] [rate limit] Retry-After=31s troppo lungo (soglia 15s), probabile ban a tempo fisso -- rinuncio subito senza ritentare
[my-cards-profit]   ⚠️ Prezzo acquisto E prezzo market non trovati
[my-cards-profit] Analizzando (1079/2003): willy-kambwala-ndengushi-2025-limited-153
[2026-08-10 14:54:30] [rate limit] dettaglio risposta 429 -- headers rilevanti: Retry-After='30', corpo: '{"error":"Too many requests, please retry later."}'
[2026-08-10 14:54:30] [rate limit] Retry-After=30s troppo lungo (soglia 15s), probabile ban a tempo fisso -- rinuncio subito senza ritentare
[my-cards-profit]   ⚠️ Prezzo acquisto E prezzo market non trovati
[my-cards-profit] Analizzando (1080/2003): robert-lewandowski-2025-limited-801
[2026-08-10 14:54:30] [rate limit] dettaglio risposta 429 -- headers rilevanti: Retry-After='30', corpo: '{"error":"Too many requests, please retry later."}'
[2026-08-10 14:54:30] [rate limit] Retry-After=30s troppo lungo (soglia 15s), probabile ban a tempo fisso -- rinuncio subito senza ritentare
[my-cards-profit]   ⚠️ Prezzo market non trovato
[my-cards-profit] Analizzando (1081/2003): paul-gartler-2025-limited-150
[2026-08-10 14:54:30] [rate limit] dettaglio risposta 429 -- headers rilevanti: Retry-After='30', corpo: '{"error":"Too many requests, please retry later."}'
[2026-08-10 14:54:30] [rate limit] Retry-After=30s troppo lungo (soglia 15s), probabile ban a tempo fisso -- rinuncio subito senza ritentare
[my-cards-profit]   ⚠️ Prezzo market non trovato
[my-cards-profit] Analizzando (1082/2003): hidde-jurjus-2025-limited-47
[2026-08-10 14:54:31] [rate limit] dettaglio risposta 429 -- headers rilevanti: Retry-After='29', corpo: '{"error":"Too many requests, please retry later."}'
[2026-08-10 14:54:31] [rate limit] Retry-After=29s troppo lungo (soglia 15s), probabile ban a tempo fisso -- rinuncio subito senza ritentare
[my-cards-profit]   ⚠️ Prezzo market non trovato
[my-cards-profit] Analizzando (1083/2003): nelson-cabral-semedo-2025-limited-317
[2026-08-10 14:54:31] [rate limit] dettaglio risposta 429 -- headers rilevanti: Retry-After='29', corpo: '{"error":"Too many requests, please retry later."}'
[2026-08-10 14:54:31] [rate limit] Retry-After=29s troppo lungo (soglia 15s), probabile ban a tempo fisso -- rinuncio subito senza ritentare
[my-cards-profit]   ⚠️ Prezzo market non trovato
[my-cards-profit] Analizzando (1084/2003): irfan-can-egribayat-2025-limited-536
[2026-08-10 14:54:32] [rate limit] dettaglio risposta 429 -- headers rilevanti: Retry-After='29', corpo: '{"error":"Too many requests, please retry later."}'
[2026-08-10 14:54:32] [rate limit] Retry-After=29s troppo lungo (soglia 15s), probabile ban a tempo fisso -- rinuncio subito senza ritentare
[my-cards-profit]   ⚠️ Prezzo market non trovato
[my-cards-profit] Analizzando (1085/2003): tommy-st-jago-2025-limited-18
[2026-08-10 14:54:32] [rate limit] dettaglio risposta 429 -- headers rilevanti: Retry-After='28', corpo: '{"error":"Too many requests, please retry later."}'
[2026-08-10 14:54:32] [rate limit] Retry-After=28s troppo lungo (soglia 15s), probabile ban a tempo fisso -- rinuncio subito senza ritentare
[my-cards-profit]   ⚠️ Prezzo market non trovato
[my-cards-profit] Analizzando (1086/2003): mika-haas-2025-limited-239
[2026-08-10 14:54:32] [rate limit] dettaglio risposta 429 -- headers rilevanti: Retry-After='28', corpo: '{"error":"Too many requests, please retry later."}'
[2026-08-10 14:54:32] [rate limit] Retry-After=28s troppo lungo (soglia 15s), probabile ban a tempo fisso -- rinuncio subito senza ritentare
[my-cards-profit]   ⚠️ Prezzo market non trovato
[my-cards-profit] Analizzando (1087/2003): jannik-schuster-2006-05-16-2025-limited-102
[2026-08-10 14:54:33] [rate limit] dettaglio risposta 429 -- headers rilevanti: Retry-After='28', corpo: '{"error":"Too many requests, please retry later."}'
[2026-08-10 14:54:33] [rate limit] Retry-After=28s troppo lungo (soglia 15s), probabile ban a tempo fisso -- rinuncio subito senza ritentare
[my-cards-profit]   ⚠️ Prezzo market non trovato
[my-cards-profit] Analizzando (1088/2003): ousseynou-niang-2025-limited-62
[2026-08-10 14:54:33] [rate limit] dettaglio risposta 429 -- headers rilevanti: Retry-After='27', corpo: '{"error":"Too many requests, please retry later."}'
[2026-08-10 14:54:33] [rate limit] Retry-After=27s troppo lungo (soglia 15s), probabile ban a tempo fisso -- rinuncio subito senza ritentare
[my-cards-profit]   ⚠️ Prezzo market non trovato
[my-cards-profit] Analizzando (1089/2003): rene-renner-2025-limited-128
[2026-08-10 14:54:33] [rate limit] dettaglio risposta 429 -- headers rilevanti: Retry-After='27', corpo: '{"error":"Too many requests, please retry later."}'
[2026-08-10 14:54:33] [rate limit] Retry-After=27s troppo lungo (soglia 15s), probabile ban a tempo fisso -- rinuncio subito senza ritentare
[my-cards-profit]   ⚠️ Prezzo market non trovato
[my-cards-profit] Analizzando (1090/2003): alessandro-schopf-2025-limited-316
[2026-08-10 14:54:34] [rate limit] dettaglio risposta 429 -- headers rilevanti: Retry-After='26', corpo: '{"error":"Too many requests, please retry later."}'
[2026-08-10 14:54:34] [rate limit] Retry-After=26s troppo lungo (soglia 15s), probabile ban a tempo fisso -- rinuncio subito senza ritentare
[my-cards-profit]   ⚠️ Prezzo market non trovato
[my-cards-profit] Analizzando (1091/2003): koki-ogawa-2025-limited-18
[2026-08-10 14:54:34] [rate limit] dettaglio risposta 429 -- headers rilevanti: Retry-After='26', corpo: '{"error":"Too many requests, please retry later."}'
[2026-08-10 14:54:34] [rate limit] Retry-After=26s troppo lungo (soglia 15s), probabile ban a tempo fisso -- rinuncio subito senza ritentare
[my-cards-profit]   ⚠️ Prezzo market non trovato
[my-cards-profit] Analizzando (1092/2003): justin-heekeren-2025-limited-395
[2026-08-10 14:54:34] [rate limit] dettaglio risposta 429 -- headers rilevanti: Retry-After='26', corpo: '{"error":"Too many requests, please retry later."}'
[2026-08-10 14:54:34] [rate limit] Retry-After=26s troppo lungo (soglia 15s), probabile ban a tempo fisso -- rinuncio subito senza ritentare
[my-cards-profit]   ⚠️ Prezzo market non trovato
[my-cards-profit] Analizzando (1093/2003): peter-remmert-2025-limited-325
[2026-08-10 14:54:35] [rate limit] dettaglio risposta 429 -- headers rilevanti: Retry-After='25', corpo: '{"error":"Too many requests, please retry later."}'
[2026-08-10 14:54:35] [rate limit] Retry-After=25s troppo lungo (soglia 15s), probabile ban a tempo fisso -- rinuncio subito senza ritentare
[my-cards-profit]   ⚠️ Prezzo market non trovato
[my-cards-profit] Analizzando (1094/2003): sergi-altimira-clavell-2025-limited-622
[2026-08-10 14:54:35] [rate limit] dettaglio risposta 429 -- headers rilevanti: Retry-After='25', corpo: '{"error":"Too many requests, please retry later."}'
[2026-08-10 14:54:35] [rate limit] Retry-After=25s troppo lungo (soglia 15s), probabile ban a tempo fisso -- rinuncio subito senza ritentare
[my-cards-profit]   ⚠️ Prezzo market non trovato
[my-cards-profit] Analizzando (1095/2003): diego-jose-conde-alcolado-2025-limited-425
[2026-08-10 14:54:35] [rate limit] dettaglio risposta 429 -- headers rilevanti: Retry-After='25', corpo: '{"error":"Too many requests, please retry later."}'
[2026-08-10 14:54:35] [rate limit] Retry-After=25s troppo lungo (soglia 15s), probabile ban a tempo fisso -- rinuncio subito senza ritentare
[my-cards-profit]   ⚠️ Prezzo market non trovato
[my-cards-profit] Analizzando (1096/2003): zoumana-keita-2025-limited-266
[2026-08-10 14:54:36] [rate limit] dettaglio risposta 429 -- headers rilevanti: Retry-After='24', corpo: '{"error":"Too many requests, please retry later."}'
[2026-08-10 14:54:36] [rate limit] Retry-After=24s troppo lungo (soglia 15s), probabile ban a tempo fisso -- rinuncio subito senza ritentare
[my-cards-profit]   ⚠️ Prezzo market non trovato
[my-cards-profit] Analizzando (1097/2003): basile-vroninks-2025-limited-265
[2026-08-10 14:54:36] [rate limit] dettaglio risposta 429 -- headers rilevanti: Retry-After='24', corpo: '{"error":"Too many requests, please retry later."}'
[2026-08-10 14:54:36] [rate limit] Retry-After=24s troppo lungo (soglia 15s), probabile ban a tempo fisso -- rinuncio subito senza ritentare
[my-cards-profit]   ⚠️ Prezzo market non trovato
[my-cards-profit] Analizzando (1098/2003): kieran-tierney-2025-limited-728
[2026-08-10 14:54:36] [rate limit] dettaglio risposta 429 -- headers rilevanti: Retry-After='24', corpo: '{"error":"Too many requests, please retry later."}'
[2026-08-10 14:54:36] [rate limit] Retry-After=24s troppo lungo (soglia 15s), probabile ban a tempo fisso -- rinuncio subito senza ritentare
[my-cards-profit]   ⚠️ Prezzo market non trovato
[my-cards-profit] Analizzando (1099/2003): jamie-mccart-2025-limited-243
[2026-08-10 14:54:37] [rate limit] dettaglio risposta 429 -- headers rilevanti: Retry-After='23', corpo: '{"error":"Too many requests, please retry later."}'
[2026-08-10 14:54:37] [rate limit] Retry-After=23s troppo lungo (soglia 15s), probabile ban a tempo fisso -- rinuncio subito senza ritentare
[my-cards-profit]   ⚠️ Prezzo market non trovato
[my-cards-profit] Analizzando (1100/2003): bailey-rice-2025-limited-72
[2026-08-10 14:54:37] [rate limit] dettaglio risposta 429 -- headers rilevanti: Retry-After='23', corpo: '{"error":"Too many requests, please retry later."}'
[2026-08-10 14:54:37] [rate limit] Retry-After=23s troppo lungo (soglia 15s), probabile ban a tempo fisso -- rinuncio subito senza ritentare
[my-cards-profit]   ⚠️ Prezzo market non trovato
[my-cards-profit] Analizzando (1101/2003): findlay-curtis-2025-limited-286
[2026-08-10 14:54:38] [rate limit] dettaglio risposta 429 -- headers rilevanti: Retry-After='23', corpo: '{"error":"Too many requests, please retry later."}'
[2026-08-10 14:54:38] [rate limit] Retry-After=23s troppo lungo (soglia 15s), probabile ban a tempo fisso -- rinuncio subito senza ritentare
[my-cards-profit]   ⚠️ Prezzo acquisto E prezzo market non trovati
[my-cards-profit] Analizzando (1102/2003): thelo-aasgaard-2025-limited-435
[2026-08-10 14:54:38] [rate limit] dettaglio risposta 429 -- headers rilevanti: Retry-After='22', corpo: '{"error":"Too many requests, please retry later."}'
[2026-08-10 14:54:38] [rate limit] Retry-After=22s troppo lungo (soglia 15s), probabile ban a tempo fisso -- rinuncio subito senza ritentare
[my-cards-profit]   ⚠️ Prezzo market non trovato
[my-cards-profit] Analizzando (1103/2003): liam-kelly-1996-01-23-2025-limited-479
[2026-08-10 14:54:38] [rate limit] dettaglio risposta 429 -- headers rilevanti: Retry-After='22', corpo: '{"error":"Too many requests, please retry later."}'
[2026-08-10 14:54:38] [rate limit] Retry-After=22s troppo lungo (soglia 15s), probabile ban a tempo fisso -- rinuncio subito senza ritentare
[my-cards-profit]   ⚠️ Prezzo market non trovato
[my-cards-profit] Analizzando (1104/2003): craig-halkett-2025-limited-112
[2026-08-10 14:54:39] [rate limit] dettaglio risposta 429 -- headers rilevanti: Retry-After='22', corpo: '{"error":"Too many requests, please retry later."}'
[2026-08-10 14:54:39] [rate limit] Retry-After=22s troppo lungo (soglia 15s), probabile ban a tempo fisso -- rinuncio subito senza ritentare
[my-cards-profit]   ⚠️ Prezzo market non trovato
[my-cards-profit] Analizzando (1105/2003): cameron-devlin-2025-limited-518
[2026-08-10 14:54:39] [rate limit] dettaglio risposta 429 -- headers rilevanti: Retry-After='21', corpo: '{"error":"Too many requests, please retry later."}'
[2026-08-10 14:54:39] [rate limit] Retry-After=21s troppo lungo (soglia 15s), probabile ban a tempo fisso -- rinuncio subito senza ritentare
[my-cards-profit]   ⚠️ Prezzo market non trovato
[my-cards-profit] Analizzando (1106/2003): emir-karic-2025-limited-184
[2026-08-10 14:54:39] [rate limit] dettaglio risposta 429 -- headers rilevanti: Retry-After='21', corpo: '{"error":"Too many requests, please retry later."}'
[2026-08-10 14:54:39] [rate limit] Retry-After=21s troppo lungo (soglia 15s), probabile ban a tempo fisso -- rinuncio subito senza ritentare
[my-cards-profit]   ⚠️ Prezzo market non trovato
[my-cards-profit] Analizzando (1107/2003): antonio-rudiger-2025-limited-205
[2026-08-10 14:54:40] [rate limit] dettaglio risposta 429 -- headers rilevanti: Retry-After='20', corpo: '{"error":"Too many requests, please retry later."}'
[2026-08-10 14:54:40] [rate limit] Retry-After=20s troppo lungo (soglia 15s), probabile ban a tempo fisso -- rinuncio subito senza ritentare
[my-cards-profit]   ⚠️ Prezzo market non trovato
[my-cards-profit] Analizzando (1108/2003): jan-elvedi-2025-limited-173
[2026-08-10 14:54:40] [rate limit] dettaglio risposta 429 -- headers rilevanti: Retry-After='20', corpo: '{"error":"Too many requests, please retry later."}'
[2026-08-10 14:54:40] [rate limit] Retry-After=20s troppo lungo (soglia 15s), probabile ban a tempo fisso -- rinuncio subito senza ritentare
[my-cards-profit]   ⚠️ Prezzo market non trovato
[my-cards-profit] Analizzando (1109/2003): alberto-moleiro-gonzalez-2025-limited-324
[2026-08-10 14:54:40] [rate limit] dettaglio risposta 429 -- headers rilevanti: Retry-After='20', corpo: '{"error":"Too many requests, please retry later."}'
[2026-08-10 14:54:40] [rate limit] Retry-After=20s troppo lungo (soglia 15s), probabile ban a tempo fisso -- rinuncio subito senza ritentare
[my-cards-profit]   ⚠️ Prezzo market non trovato
[my-cards-profit] Analizzando (1110/2003): michal-skoras-2025-limited-259
[2026-08-10 14:54:41] [rate limit] dettaglio risposta 429 -- headers rilevanti: Retry-After='19', corpo: '{"error":"Too many requests, please retry later."}'
[2026-08-10 14:54:41] [rate limit] Retry-After=19s troppo lungo (soglia 15s), probabile ban a tempo fisso -- rinuncio subito senza ritentare
[my-cards-profit]   ⚠️ Prezzo market non trovato
[my-cards-profit] Analizzando (1111/2003): nene-dorgeles-2025-limited-599
[2026-08-10 14:54:41] [rate limit] dettaglio risposta 429 -- headers rilevanti: Retry-After='19', corpo: '{"error":"Too many requests, please retry later."}'
[2026-08-10 14:54:41] [rate limit] Retry-After=19s troppo lungo (soglia 15s), probabile ban a tempo fisso -- rinuncio subito senza ritentare
[my-cards-profit]   ⚠️ Prezzo market non trovato
[my-cards-profit] Analizzando (1112/2003): milan-skriniar-2025-limited-385
[2026-08-10 14:54:41] [rate limit] dettaglio risposta 429 -- headers rilevanti: Retry-After='19', corpo: '{"error":"Too many requests, please retry later."}'
[2026-08-10 14:54:41] [rate limit] Retry-After=19s troppo lungo (soglia 15s), probabile ban a tempo fisso -- rinuncio subito senza ritentare
[my-cards-profit]   ⚠️ Prezzo market non trovato
[my-cards-profit] Analizzando (1113/2003): muhammed-kerem-akturkoglu-2025-limited-416
[2026-08-10 14:54:42] [rate limit] dettaglio risposta 429 -- headers rilevanti: Retry-After='18', corpo: '{"error":"Too many requests, please retry later."}'
[2026-08-10 14:54:42] [rate limit] Retry-After=18s troppo lungo (soglia 15s), probabile ban a tempo fisso -- rinuncio subito senza ritentare
[my-cards-profit]   ⚠️ Prezzo market non trovato
[my-cards-profit] Analizzando (1114/2003): vitor-carvalho-vieira-2025-limited-128
[2026-08-10 14:54:42] [rate limit] dettaglio risposta 429 -- headers rilevanti: Retry-After='18', corpo: '{"error":"Too many requests, please retry later."}'
[2026-08-10 14:54:42] [rate limit] Retry-After=18s troppo lungo (soglia 15s), probabile ban a tempo fisso -- rinuncio subito senza ritentare
[my-cards-profit]   ⚠️ Prezzo market non trovato
[my-cards-profit] Analizzando (1115/2003): alexander-merkel-1992-02-22-2022-limited-6
[2026-08-10 14:54:42] [rate limit] dettaglio risposta 429 -- headers rilevanti: Retry-After='18', corpo: '{"error":"Too many requests, please retry later."}'
[2026-08-10 14:54:42] [rate limit] Retry-After=18s troppo lungo (soglia 15s), probabile ban a tempo fisso -- rinuncio subito senza ritentare
[my-cards-profit]   ⚠️ Prezzo market non trovato
[my-cards-profit] Analizzando (1116/2003): anosike-ementa-2025-limited-243
[2026-08-10 14:54:43] [rate limit] dettaglio risposta 429 -- headers rilevanti: Retry-After='17', corpo: '{"error":"Too many requests, please retry later."}'
[2026-08-10 14:54:43] [rate limit] Retry-After=17s troppo lungo (soglia 15s), probabile ban a tempo fisso -- rinuncio subito senza ritentare
[my-cards-profit]   ⚠️ Prezzo market non trovato
[my-cards-profit] Analizzando (1117/2003): jay-david-mbalanda-nziang-2025-limited-284
[2026-08-10 14:54:43] [rate limit] dettaglio risposta 429 -- headers rilevanti: Retry-After='17', corpo: '{"error":"Too many requests, please retry later."}'
[2026-08-10 14:54:43] [rate limit] Retry-After=17s troppo lungo (soglia 15s), probabile ban a tempo fisso -- rinuncio subito senza ritentare
[my-cards-profit]   ⚠️ Prezzo market non trovato
[my-cards-profit] Analizzando (1118/2003): nelson-alexander-deossa-suarez-2025-limited-403
[2026-08-10 14:54:43] [rate limit] dettaglio risposta 429 -- headers rilevanti: Retry-After='17', corpo: '{"error":"Too many requests, please retry later."}'
[2026-08-10 14:54:43] [rate limit] Retry-After=17s troppo lungo (soglia 15s), probabile ban a tempo fisso -- rinuncio subito senza ritentare
[my-cards-profit]   ⚠️ Prezzo market non trovato
[my-cards-profit] Analizzando (1119/2003): theo-defourny-2025-limited-200
[2026-08-10 14:54:44] [rate limit] dettaglio risposta 429 -- headers rilevanti: Retry-After='16', corpo: '{"error":"Too many requests, please retry later."}'
[2026-08-10 14:54:44] [rate limit] Retry-After=16s troppo lungo (soglia 15s), probabile ban a tempo fisso -- rinuncio subito senza ritentare
[my-cards-profit]   ⚠️ Prezzo market non trovato
[my-cards-profit] Analizzando (1120/2003): oscar-pettersson-2000-02-01-2025-limited-255
[2026-08-10 14:54:44] [rate limit] dettaglio risposta 429 -- headers rilevanti: Retry-After='16', corpo: '{"error":"Too many requests, please retry later."}'
[2026-08-10 14:54:44] [rate limit] Retry-After=16s troppo lungo (soglia 15s), probabile ban a tempo fisso -- rinuncio subito senza ritentare
[my-cards-profit]   ⚠️ Prezzo acquisto E prezzo market non trovati
[my-cards-profit] Analizzando (1121/2003): arseniy-batagov-2024-limited-304
[2026-08-10 14:54:45] [rate limit] dettaglio risposta 429 -- headers rilevanti: Retry-After='16', corpo: '{"error":"Too many requests, please retry later."}'
[2026-08-10 14:54:45] [rate limit] Retry-After=16s troppo lungo (soglia 15s), probabile ban a tempo fisso -- rinuncio subito senza ritentare
[my-cards-profit]   ⚠️ Prezzo market non trovato
[my-cards-profit] Analizzando (1122/2003): zuriko-davitashvili-2025-limited-239
[2026-08-10 14:54:45] [rate limit] dettaglio risposta 429 -- headers rilevanti: Retry-After='15', corpo: '{"error":"Too many requests, please retry later."}'
[2026-08-10 14:54:45] [rate limit] HTTP 429 da Sorare (tentativo 1/3), attendo 8.0s prima di ritentare...
[2026-08-10 14:54:53] [rate limit] HTTP 429 da Sorare (tentativo 2/3), attendo 7.0s prima di ritentare...
[my-cards-profit]   ❌ No profit: acquistato 7.00€, market 1.16€ (-83.4%)
[my-cards-profit] Analizzando (1123/2003): matej-sin-2025-limited-151
[my-cards-profit]   ❌ No profit: acquistato 1.70€, market 0.81€ (-52.6%)
[my-cards-profit] Analizzando (1124/2003): ibrahim-sadiq-2025-limited-366
[my-cards-profit]   ❌ No profit: acquistato 1.10€, market 0.34€ (-69.3%)
[my-cards-profit] Analizzando (1125/2003): thibaut-courtois-2025-limited-213
[my-cards-profit]   ❌ No profit: acquistato 82.24€, market 18.06€ (-78.0%)
[my-cards-profit] Analizzando (1126/2003): rui-tiago-dantas-da-silva-2025-limited-297
[my-cards-profit]   ❌ No profit: acquistato 19.99€, market 8.52€ (-57.4%)
[my-cards-profit] Analizzando (1127/2003): scott-carson-2024-limited-418
[my-cards-profit]   ❌ No profit: acquistato 0.48€, market 0.41€ (-14.6%)
[my-cards-profit] Analizzando (1128/2003): alexander-sorloth-2024-limited-485
[my-cards-profit]   ❌ No profit: acquistato 2.43€, market 0.89€ (-63.4%)
[my-cards-profit] Analizzando (1129/2003): daan-heymans-2025-limited-625
[my-cards-profit]   🔨 CRAFT/PREMIO DI VALORE: nessun acquisto noto, market 1.17€ (pack=False)
[my-cards-profit] Analizzando (1130/2003): andriy-lunin-2025-limited-708
[my-cards-profit]   🔨 CRAFT/PREMIO DI VALORE: nessun acquisto noto, market 3.95€ (pack=False)
[my-cards-profit] Analizzando (1131/2003): ferran-torres-garcia-2025-limited-265
[my-cards-profit]   ❌ No profit: acquistato 14.40€, market 3.80€ (-73.6%)
[my-cards-profit] Analizzando (1132/2003): anrie-chase-2025-limited-156
[my-cards-profit]   ➖ Nessun acquisto noto, market 0.37€ (sotto soglia)
[my-cards-profit] Analizzando (1133/2003): mateo-kritzer-2024-limited-56
[my-cards-profit]   ❌ No profit: acquistato 0.53€, market 0.38€ (-28.2%)
[my-cards-profit] Analizzando (1134/2003): soualiho-meite-2021-limited-146
[my-cards-profit]   ❌ No profit: acquistato 0.89€, market 0.38€ (-57.2%)
[my-cards-profit] Analizzando (1135/2003): ionu-andrei-radu-2022-limited-76
[my-cards-profit]   ❌ No profit: acquistato 10.50€, market 3.89€ (-62.9%)
[my-cards-profit] Analizzando (1136/2003): virgil-eugen-ghita-2025-limited-591
[my-cards-profit]   ➖ Nessun acquisto noto, market 0.34€ (sotto soglia)
[my-cards-profit] Analizzando (1137/2003): christian-pierre-louis-gomis-2025-limited-94
[my-cards-profit]   🔨 CRAFT/PREMIO DI VALORE: nessun acquisto noto, market 0.80€ (pack=False)
[my-cards-profit] Analizzando (1138/2003): pau-navarro-badenes-2025-limited-339
[my-cards-profit]   ➖ Nessun acquisto noto, market 0.49€ (sotto soglia)
[my-cards-profit] Analizzando (1139/2003): amin-younes-2025-limited-182
[my-cards-profit]   ➖ Nessun acquisto noto, market 0.38€ (sotto soglia)
[my-cards-profit] Analizzando (1140/2003): adrian-tobias-gantenbein-2025-limited-260
[my-cards-profit]   ➖ Nessun acquisto noto, market 0.33€ (sotto soglia)
[my-cards-profit] Analizzando (1141/2003): emil-winther-hojlund-2025-limited-197
[my-cards-profit]   ➖ Nessun acquisto noto, market 0.33€ (sotto soglia)
[my-cards-profit] Analizzando (1142/2003): oliver-valaker-edvardsen-2025-limited-491
[my-cards-profit]   ➖ Nessun acquisto noto, market 0.34€ (sotto soglia)
[my-cards-profit] Analizzando (1143/2003): joeri-jesse-heerkens-2025-limited-232
[my-cards-profit]   🔨 CRAFT/PREMIO DI VALORE: nessun acquisto noto, market 2.22€ (pack=False)
[my-cards-profit] Analizzando (1144/2003): charles-de-ketelaere-2024-limited-84
[my-cards-profit]   ❌ No profit: acquistato 4.13€, market 4.25€ (+2.9%)
[my-cards-profit] Analizzando (1145/2003): maurits-kjaergaard-2025-limited-658
[my-cards-profit]   🔨 CRAFT/PREMIO DI VALORE: nessun acquisto noto, market 0.60€ (pack=False)
[my-cards-profit] Analizzando (1146/2003): jacob-rasmussen-2025-limited-646
[my-cards-profit]   ➖ Nessun acquisto noto, market 0.34€ (sotto soglia)
[my-cards-profit] Analizzando (1147/2003): remko-pasveer-2025-limited-80
[my-cards-profit]   ❌ No profit: acquistato 4.00€, market 0.34€ (-91.5%)
[my-cards-profit] Analizzando (1148/2003): gerrit-nauber-2025-limited-344
[my-cards-profit]   ➖ Nessun acquisto noto, market 0.34€ (sotto soglia)
[my-cards-profit] Analizzando (1149/2003): kyan-vaesen-2025-limited-296
[my-cards-profit]   ➖ Nessun acquisto noto, market 0.34€ (sotto soglia)
[my-cards-profit] Analizzando (1150/2003): alvaro-valles-rosa-2025-limited-377
[my-cards-profit]   ❌ No profit: acquistato 11.87€, market 3.79€ (-68.1%)
[my-cards-profit] Analizzando (1151/2003): ivan-prtajin-2025-limited-164
[my-cards-profit]   ❌ No profit: acquistato 10.21€, market 0.34€ (-96.7%)
[my-cards-profit] Analizzando (1152/2003): kazeem-aderemi-olaigbe-2025-limited-279
[my-cards-profit]   ➖ Nessun acquisto noto, market 0.38€ (sotto soglia)
[my-cards-profit] Analizzando (1153/2003): ivica-ivusic-2025-limited-199
[my-cards-profit]   ❌ No profit: acquistato 10.91€, market 0.50€ (-95.4%)
[my-cards-profit] Analizzando (1154/2003): lamine-yamal-nasraoui-ebana-2025-limited-201
[my-cards-profit]   ❌ No profit: acquistato 168.00€, market 104.95€ (-37.5%)
[my-cards-profit] Analizzando (1155/2003): david-affengruber-2001-03-19-2025-limited-531
[my-cards-profit]   ❌ No profit: acquistato 10.00€, market 0.79€ (-92.1%)
[my-cards-profit] Analizzando (1156/2003): dodi-lukebakio-2025-limited-599
[my-cards-profit]   ❌ No profit: acquistato 14.13€, market 0.50€ (-96.5%)
[my-cards-profit] Analizzando (1157/2003): john-nwankwo-donald-okeh-2025-limited-236
[my-cards-profit]   ➖ Nessun acquisto noto, market 0.33€ (sotto soglia)
[my-cards-profit] Analizzando (1158/2003): atli-barkarson-2025-limited-234
[my-cards-profit]   ➖ Nessun acquisto noto, market 0.41€ (sotto soglia)
[my-cards-profit] Analizzando (1159/2003): andre-onana-2025-limited-607
[my-cards-profit]   ❌ No profit: acquistato 17.86€, market 2.90€ (-83.8%)
[my-cards-profit] Analizzando (1160/2003): luis-seifert-2025-limited-262
[my-cards-profit]   ➖ Nessun acquisto noto, market 0.34€ (sotto soglia)
[my-cards-profit] Analizzando (1161/2003): marcus-schubert-2025-limited-271
[my-cards-profit]   ➖ Nessun acquisto noto, market 0.49€ (sotto soglia)
[my-cards-profit] Analizzando (1162/2003): julian-eitschberger-2025-limited-429
[my-cards-profit]   🔨 CRAFT/PREMIO DI VALORE: nessun acquisto noto, market 1.30€ (pack=False)
[my-cards-profit] Analizzando (1163/2003): jason-ceka-2025-limited-207
[my-cards-profit]   ➖ Nessun acquisto noto, market 0.33€ (sotto soglia)
[my-cards-profit] Analizzando (1164/2003): daniel-pantschenko-2025-limited-255
[my-cards-profit]   ➖ Nessun acquisto noto, market 0.33€ (sotto soglia)
[my-cards-profit] Analizzando (1165/2003): liam-scales-2025-limited-120
[my-cards-profit]   ❌ No profit: acquistato 19.47€, market 0.73€ (-96.3%)
[my-cards-profit] Analizzando (1166/2003): diego-calai-silva-2025-limited-396
[my-cards-profit]   🔨 CRAFT/PREMIO DI VALORE: nessun acquisto noto, market 1.40€ (pack=False)
[my-cards-profit] Analizzando (1167/2003): jordy-clasie-2025-limited-472
[my-cards-profit]   ➖ Nessun acquisto noto, market 0.40€ (sotto soglia)
[my-cards-profit] Analizzando (1168/2003): dave-kwakman-2025-limited-419
[my-cards-profit]   🔨 CRAFT/PREMIO DI VALORE: nessun acquisto noto, market 1.65€ (pack=False)
[my-cards-profit] Analizzando (1169/2003): eduardo-filipe-quaresma-coimbra-simoes-2025-limited-463
[my-cards-profit]   🔨 CRAFT/PREMIO DI VALORE: nessun acquisto noto, market 3.51€ (pack=False)
[my-cards-profit] Analizzando (1170/2003): seiya-maikuma-2025-limited-447
[my-cards-profit]   ➖ Nessun acquisto noto, market 0.34€ (sotto soglia)
[my-cards-profit] Analizzando (1171/2003): manuel-jorge-silva-2025-limited-354
[my-cards-profit]   🔨 CRAFT/PREMIO DI VALORE: nessun acquisto noto, market 0.77€ (pack=False)
[my-cards-profit] Analizzando (1172/2003): lequincio-zeefuik-2025-limited-395
[my-cards-profit]   ➖ Nessun acquisto noto, market 0.38€ (sotto soglia)
[my-cards-profit] Analizzando (1173/2003): kristian-fredrik-malt-arnstad-2003-09-07-2022-limited-306
[my-cards-profit]   ❌ No profit: acquistato 6.06€, market 3.45€ (-43.1%)
[my-cards-profit] Analizzando (1174/2003): patric-pfeiffer-2025-limited-477
[my-cards-profit]   ➖ Nessun acquisto noto, market 0.34€ (sotto soglia)
[my-cards-profit] Analizzando (1175/2003): marcel-hoffmeier-2025-limited-303
[my-cards-profit]   ➖ Nessun acquisto noto, market 0.34€ (sotto soglia)
[my-cards-profit] Analizzando (1176/2003): diego-demme-2025-limited-271
[my-cards-profit]   ➖ Nessun acquisto noto, market 0.34€ (sotto soglia)
[my-cards-profit] Analizzando (1177/2003): jeremiah-st-juste-2025-limited-352
[my-cards-profit]   🔨 CRAFT/PREMIO DI VALORE: nessun acquisto noto, market 0.99€ (pack=False)
[my-cards-profit] Analizzando (1178/2003): nuno-miguel-gomes-dos-santos-2025-limited-271
[my-cards-profit]   ➖ Nessun acquisto noto, market 0.34€ (sotto soglia)
[my-cards-profit] Analizzando (1179/2003): nick-olij-2025-limited-583
[my-cards-profit]   🔨 CRAFT/PREMIO DI VALORE: nessun acquisto noto, market 0.90€ (pack=False)
[my-cards-profit] Analizzando (1180/2003): filip-bilbija-2025-limited-138
[my-cards-profit]   ❌ No profit: acquistato 14.63€, market 0.50€ (-96.6%)
[my-cards-profit] Analizzando (1181/2003): marc-pubill-pages-2025-limited-468
[my-cards-profit]   🔨 CRAFT/PREMIO DI VALORE: nessun acquisto noto, market 2.10€ (pack=False)
[my-cards-profit] Analizzando (1182/2003): robin-aime-robert-le-normand-2025-limited-333
[my-cards-profit]   ❌ No profit: acquistato 10.97€, market 0.50€ (-95.4%)
[my-cards-profit] Analizzando (1183/2003): david-olatukunbo-alaba-2025-limited-597
[my-cards-profit]   🔨 CRAFT/PREMIO DI VALORE: nessun acquisto noto, market 0.85€ (pack=False)
[my-cards-profit] Analizzando (1184/2003): adrian-san-miguel-del-castillo-2025-limited-405
[my-cards-profit]   ➖ Nessun acquisto noto, market 0.34€ (sotto soglia)
[my-cards-profit] Analizzando (1185/2003): alvaro-odriozola-arzallus-2025-limited-285
[my-cards-profit]   ➖ Nessun acquisto noto, market 0.34€ (sotto soglia)
[my-cards-profit] Analizzando (1186/2003): ross-doohan-2025-limited-340
[my-cards-profit]   ➖ Nessun acquisto noto, market 0.45€ (sotto soglia)
[my-cards-profit] Analizzando (1187/2003): igor-zubeldia-elorza-2025-limited-371
[my-cards-profit]   ➖ Nessun acquisto noto, market 0.34€ (sotto soglia)
[my-cards-profit] Analizzando (1188/2003): daniel-deen-2025-limited-368
[my-cards-profit]   ➖ Nessun acquisto noto, market 0.34€ (sotto soglia)
[my-cards-profit] Analizzando (1189/2003): dominik-prpic-2025-limited-434
[my-cards-profit]   ➖ Nessun acquisto noto, market 0.34€ (sotto soglia)
[my-cards-profit] Analizzando (1190/2003): pedro-henrique-cardoso-de-lima-2025-limited-274
[my-cards-profit]   ➖ Nessun acquisto noto, market 0.42€ (sotto soglia)
[my-cards-profit] Analizzando (1191/2003): elijah-dijkstra-2025-limited-350
[my-cards-profit]   🔨 CRAFT/PREMIO DI VALORE: nessun acquisto noto, market 5.00€ (pack=False)
[my-cards-profit] Analizzando (1192/2003): davy-roef-2025-limited-102
[my-cards-profit]   ❌ No profit: acquistato 7.88€, market 3.78€ (-52.0%)
[my-cards-profit] Analizzando (1193/2003): tjark-ernst-2025-limited-546
[my-cards-profit]   ❌ No profit: acquistato 13.65€, market 8.92€ (-34.7%)
[my-cards-profit] Analizzando (1194/2003): jokin-ezkieta-mendiburu-2021-limited-74
[my-cards-profit]   ❌ No profit: acquistato 4.23€, market 1.81€ (-57.3%)
[my-cards-profit] Analizzando (1195/2003): kaj-de-rooij-2025-limited-148
[my-cards-profit]   ❌ No profit: acquistato 3.00€, market 0.34€ (-88.7%)
[my-cards-profit] Analizzando (1196/2003): jan-plug-2025-limited-305
[my-cards-profit]   🔨 CRAFT/PREMIO DI VALORE: nessun acquisto noto, market 0.82€ (pack=False)
[my-cards-profit] Analizzando (1197/2003): mannou-berger-2025-limited-203
[my-cards-profit]   🔨 CRAFT/PREMIO DI VALORE: nessun acquisto noto, market 0.85€ (pack=False)
[my-cards-profit] Analizzando (1198/2003): nadir-el-jamali-2025-limited-164
[my-cards-profit]   ➖ Nessun acquisto noto, market 0.34€ (sotto soglia)
[my-cards-profit] Analizzando (1199/2003): alassane-plea-2025-limited-504
[my-cards-profit]   🔨 CRAFT/PREMIO DI VALORE: nessun acquisto noto, market 0.82€ (pack=False)
[my-cards-profit] Analizzando (1200/2003): hugo-vetlesen-2025-limited-488
[my-cards-profit]   🔨 CRAFT/PREMIO DI VALORE: nessun acquisto noto, market 2.46€ (pack=False)
[my-cards-profit] Analizzando (1201/2003): leandro-henrique-sousa-santos-2025-limited-261
[my-cards-profit]   🔨 CRAFT/PREMIO DI VALORE: nessun acquisto noto, market 0.78€ (pack=False)
[my-cards-profit] Analizzando (1202/2003): mujaid-sadick-aliu-2022-limited-12
[my-cards-profit]   ❌ No profit: acquistato 1.99€, market 0.34€ (-83.0%)
[my-cards-profit] Analizzando (1203/2003): alvaro-santiago-mourino-gonzalez-2025-limited-340
[my-cards-profit]   ❌ No profit: acquistato 7.14€, market 0.43€ (-94.0%)
[my-cards-profit] Analizzando (1204/2003): etienne-vaessen-2025-limited-507
[my-cards-profit]   ❌ No profit: acquistato 14.00€, market 3.45€ (-75.4%)
[my-cards-profit] Analizzando (1205/2003): tjaronn-chery-2025-limited-14
[my-cards-profit]   ❌ No profit: acquistato 5.28€, market 1.29€ (-75.6%)
[my-cards-profit] Analizzando (1206/2003): ismael-bennacer-2025-limited-204
[my-cards-profit]   ❌ No profit: acquistato 23.17€, market 0.34€ (-98.5%)
[my-cards-profit] Analizzando (1207/2003): rome-jayden-owusu-oduro-2025-limited-607
[my-cards-profit]   ❌ No profit: acquistato 17.29€, market 2.53€ (-85.4%)
[my-cards-profit] Analizzando (1208/2003): ugurcan-cakir-2025-limited-535
[my-cards-profit]   🔨 CRAFT/PREMIO DI VALORE: nessun acquisto noto, market 5.49€ (pack=False)
[my-cards-profit] Analizzando (1209/2003): ilay-camara-2025-limited-388
[my-cards-profit]   ➖ Nessun acquisto noto, market 0.34€ (sotto soglia)
[my-cards-profit] Analizzando (1210/2003): victor-james-osimhen-2025-limited-298
[my-cards-profit]   ❌ No profit: acquistato 29.00€, market 7.01€ (-75.8%)
[my-cards-profit] Analizzando (1211/2003): lucca-kiaba-mounganga-2025-limited-297
[my-cards-profit]   🔨 CRAFT/PREMIO DI VALORE: nessun acquisto noto, market 10.35€ (pack=False)
[my-cards-profit] Analizzando (1212/2003): yira-collins-sor-2025-limited-406
[my-cards-profit]   ➖ Nessun acquisto noto, market 0.34€ (sotto soglia)
[my-cards-profit] Analizzando (1213/2003): ayumu-yokoyama-2025-limited-430
[my-cards-profit]   🔨 CRAFT/PREMIO DI VALORE: nessun acquisto noto, market 0.59€ (pack=False)
[my-cards-profit] Analizzando (1214/2003): mamadou-diakhon-2025-limited-360
[my-cards-profit]   🔨 CRAFT/PREMIO DI VALORE: nessun acquisto noto, market 3.99€ (pack=False)
[my-cards-profit] Analizzando (1215/2003): josue-ndenge-kongolo-2025-limited-300
[my-cards-profit]   🔨 CRAFT/PREMIO DI VALORE: nessun acquisto noto, market 1.60€ (pack=False)
[my-cards-profit] Analizzando (1216/2003): malcolm-john-matarr-jeng-2025-limited-222
[my-cards-profit]   🔨 CRAFT/PREMIO DI VALORE: nessun acquisto noto, market 1.19€ (pack=False)
[my-cards-profit] Analizzando (1217/2003): dennis-appiah-2025-limited-259
[my-cards-profit]   ➖ Nessun acquisto noto, market 0.34€ (sotto soglia)
[my-cards-profit] Analizzando (1218/2003): tobias-okiki-lawal-2025-limited-622
[my-cards-profit]   ❌ No profit: acquistato 4.89€, market 0.79€ (-83.9%)
[my-cards-profit] Analizzando (1219/2003): yarek-gasiorowski-hernandis-2025-limited-229
[my-cards-profit]   ❌ No profit: acquistato 26.66€, market 2.60€ (-90.2%)
[my-cards-profit] Analizzando (1220/2003): evangelos-pavlidis-2025-limited-556
[my-cards-profit]   ❌ No profit: acquistato 15.04€, market 4.75€ (-68.4%)
[my-cards-profit] Analizzando (1221/2003): aleix-febas-perez-2025-limited-506
[my-cards-profit]   ❌ No profit: acquistato 11.97€, market 1.29€ (-89.2%)
[my-cards-profit] Analizzando (1222/2003): marcos-llorente-moreno-2025-limited-290
[my-cards-profit]   ❌ No profit: acquistato 12.99€, market 0.70€ (-94.6%)
[my-cards-profit] Analizzando (1223/2003): daniel-vivian-moreno-2025-limited-164
[my-cards-profit]   ❌ No profit: acquistato 5.06€, market 0.34€ (-93.3%)
[my-cards-profit] Analizzando (1224/2003): pedro-bigas-rigo-2025-limited-326
[my-cards-profit]   ❌ No profit: acquistato 4.03€, market 0.34€ (-91.6%)
[my-cards-profit] Analizzando (1225/2003): carlos-alvarez-rivera-2025-limited-609
[my-cards-profit]   ❌ No profit: acquistato 9.06€, market 0.60€ (-93.4%)
[my-cards-profit] Analizzando (1226/2003): pablo-barrios-rivas-2025-limited-621
[my-cards-profit]   ❌ No profit: acquistato 8.40€, market 1.69€ (-79.9%)
[my-cards-profit] Analizzando (1227/2003): nahuel-tenaglia-2025-limited-627
[my-cards-profit]   ❌ No profit: acquistato 5.55€, market 0.48€ (-91.3%)
[my-cards-profit] Analizzando (1228/2003): anis-hadj-moussa-2025-limited-592
[my-cards-profit]   ❌ No profit: acquistato 19.79€, market 3.97€ (-79.9%)
[my-cards-profit] Analizzando (1229/2003): gijs-smal-2025-limited-343
[my-cards-profit]   ➖ Nessun acquisto noto, market 0.34€ (sotto soglia)
[my-cards-profit] Analizzando (1230/2003): niklas-hedl-2025-limited-305
[my-cards-profit]   ❌ No profit: acquistato 6.00€, market 4.09€ (-31.8%)
[my-cards-profit] Analizzando (1231/2003): in-beom-hwang-2025-limited-75
[my-cards-profit]   ❌ No profit: acquistato 5.00€, market 0.60€ (-88.0%)
[my-cards-profit] Analizzando (1232/2003): mario-pasalic-2023-limited-24
[my-cards-profit]   ❌ No profit: acquistato 2.20€, market 0.49€ (-77.7%)
[my-cards-profit] Analizzando (1233/2003): philipp-mwene-2023-limited-466
[my-cards-profit]   ❌ No profit: acquistato 1.91€, market 0.34€ (-82.3%)
[my-cards-profit] Analizzando (1234/2003): oleksandr-zubkov-2025-limited-281
[my-cards-profit]   🔁 Ricevuta in scambio, esclusa (nessun costo in euro quantificabile)
[my-cards-profit] Analizzando (1235/2003): mauro-jaqueson-junior-ferreira-dos-santos-2025-limited-212
[my-cards-profit]   🔁 Ricevuta in scambio, esclusa (nessun costo in euro quantificabile)
[my-cards-profit] Analizzando (1236/2003): goncalo-bernardo-inacio-2025-limited-248
[my-cards-profit]   🔁 Ricevuta in scambio, esclusa (nessun costo in euro quantificabile)
[my-cards-profit] Analizzando (1237/2003): youri-baas-2025-limited-221
[my-cards-profit]   ❌ No profit: acquistato 17.00€, market 2.46€ (-85.5%)
[my-cards-profit] Analizzando (1238/2003): oscar-gluh-2025-limited-572
[my-cards-profit]   ❌ No profit: acquistato 12.68€, market 6.10€ (-51.9%)
[my-cards-profit] Analizzando (1239/2003): jakob-breum-martinsen-2025-limited-518
[my-cards-profit]   ❌ No profit: acquistato 13.94€, market 7.83€ (-43.8%)
[my-cards-profit] Analizzando (1240/2003): baris-alper-yilmaz-2025-limited-508
[my-cards-profit]   ❌ No profit: acquistato 7.76€, market 1.01€ (-87.0%)
[my-cards-profit] Analizzando (1241/2003): paul-joly-2025-limited-286
[my-cards-profit]   ❌ No profit: acquistato 10.23€, market 0.34€ (-96.7%)
[my-cards-profit] Analizzando (1242/2003): joseph-amankwaah-opoku-2025-limited-497
[my-cards-profit]   ❌ No profit: acquistato 7.01€, market 1.47€ (-79.0%)
[my-cards-profit] Analizzando (1243/2003): ivan-nevistic-2025-limited-460
[my-cards-profit]   ❌ No profit: acquistato 18.51€, market 0.34€ (-98.2%)
[my-cards-profit] Analizzando (1244/2003): vitezslav-jaros-2025-limited-348
[my-cards-profit]   ❌ No profit: acquistato 30.00€, market 0.99€ (-96.7%)
[my-cards-profit] Analizzando (1245/2003): mats-rits-2025-limited-308
[my-cards-profit]   ❌ No profit: acquistato 0.34€, market 0.34€ (-0.7%)
[my-cards-profit] Analizzando (1246/2003): kevin-jose-rodriguez-cortez-2025-limited-179
[my-cards-profit]   🔁 Ricevuta in scambio, esclusa (nessun costo in euro quantificabile)
[my-cards-profit] Analizzando (1247/2003): adem-zorgane-2024-limited-172
[my-cards-profit]   🔁 Ricevuta in scambio, esclusa (nessun costo in euro quantificabile)
[my-cards-profit] Analizzando (1248/2003): adriano-bertaccini-2025-limited-611
[my-cards-profit]   ➖ Nessun acquisto noto, market 0.45€ (sotto soglia)
[my-cards-profit] Analizzando (1249/2003): mike-eerdhuijzen-2025-limited-316
[my-cards-profit]   ➖ Nessun acquisto noto, market 0.34€ (sotto soglia)
[my-cards-profit] Analizzando (1250/2003): kiliann-sildillia-2025-limited-382
[my-cards-profit]   🔨 CRAFT/PREMIO DI VALORE: nessun acquisto noto, market 0.58€ (pack=False)
[my-cards-profit] Analizzando (1251/2003): derry-john-murkin-2025-limited-319
[my-cards-profit]   ➖ Nessun acquisto noto, market 0.34€ (sotto soglia)
[my-cards-profit] Analizzando (1252/2003): sofiane-boufal-2025-limited-445
[my-cards-profit]   ➖ Nessun acquisto noto, market 0.34€ (sotto soglia)
[my-cards-profit] Analizzando (1253/2003): cesar-saul-huerta-valera-2025-limited-355
[my-cards-profit]   ➖ Nessun acquisto noto, market 0.50€ (sotto soglia)
[my-cards-profit] Analizzando (1254/2003): adama-drame-2025-limited-106
[my-cards-profit]   ➖ Nessun acquisto noto, market 0.34€ (sotto soglia)
[my-cards-profit] Analizzando (1255/2003): joel-van-den-berg-2025-limited-153
[my-cards-profit]   🔨 CRAFT/PREMIO DI VALORE: nessun acquisto noto, market 1.12€ (pack=False)
[my-cards-profit] Analizzando (1256/2003): josip-sutalo-2025-limited-529
[my-cards-profit]   🔁 Ricevuta in scambio, esclusa (nessun costo in euro quantificabile)
[my-cards-profit] Analizzando (1257/2003): michal-skoras-2023-limited-258
[my-cards-profit]   🔁 Ricevuta in scambio, esclusa (nessun costo in euro quantificabile)
[my-cards-profit] Analizzando (1258/2003): sergi-dominguez-viloria-2025-limited-496
[my-cards-profit]   ❌ No profit: acquistato 13.68€, market 4.53€ (-66.9%)
[my-cards-profit] Analizzando (1259/2003): emin-bayram-2025-limited-602
[my-cards-profit]   ❌ No profit: acquistato 4.76€, market 0.60€ (-87.4%)
[my-cards-profit] Analizzando (1260/2003): tobias-lauritsen-2025-limited-529
[my-cards-profit]   ❌ No profit: acquistato 8.90€, market 0.50€ (-94.4%)
[my-cards-profit] Analizzando (1261/2003): evert-linthorst-2025-limited-424
[my-cards-profit]   ❌ No profit: acquistato 2.39€, market 0.34€ (-85.9%)
[my-cards-profit] Analizzando (1262/2003): gabriel-vidovic-2025-limited-468
[my-cards-profit]   ❌ No profit: acquistato 2.05€, market 2.26€ (+10.2%)
[my-cards-profit] Analizzando (1263/2003): marcel-schuhen-2025-limited-477
[my-cards-profit]   ❌ No profit: acquistato 7.10€, market 1.51€ (-78.7%)
[my-cards-profit] Analizzando (1264/2003): anass-salah-eddine-2025-limited-92
[my-cards-profit]   ❌ No profit: acquistato 8.08€, market 0.49€ (-93.9%)
[my-cards-profit] Analizzando (1265/2003): yacine-titraoui-2025-limited-411
[my-cards-profit]   ❌ No profit: acquistato 9.50€, market 1.70€ (-82.1%)
[my-cards-profit] Analizzando (1266/2003): jerdy-schouten-2025-limited-522
[my-cards-profit]   ❌ No profit: acquistato 10.27€, market 0.49€ (-95.2%)
[my-cards-profit] Analizzando (1267/2003): ryan-flamingo-2025-limited-450
[my-cards-profit]   ❌ No profit: acquistato 11.03€, market 3.04€ (-72.5%)
[my-cards-profit] Analizzando (1268/2003): rosen-bozhinov-2025-limited-278
[my-cards-profit]   🔁 Ricevuta in scambio, esclusa (nessun costo in euro quantificabile)
[my-cards-profit] Analizzando (1269/2003): david-min-2025-limited-343
[my-cards-profit]   ❌ No profit: acquistato 3.22€, market 0.34€ (-89.5%)
[my-cards-profit] Analizzando (1270/2003): anan-khalaili-2025-limited-590
[my-cards-profit]   ❌ No profit: acquistato 7.86€, market 2.83€ (-64.0%)
[my-cards-profit] Analizzando (1271/2003): gabriel-davi-gomes-sara-2025-limited-435
[my-cards-profit]   ❌ No profit: acquistato 11.00€, market 0.55€ (-95.0%)
[my-cards-profit] Analizzando (1272/2003): michel-ange-balikwisha-2025-limited-352
[my-cards-profit]   🔁 Ricevuta in scambio, esclusa (nessun costo in euro quantificabile)
[my-cards-profit] Analizzando (1273/2003): drena-beljo-dijon-2025-limited-435
[my-cards-profit]   ❌ No profit: acquistato 16.24€, market 7.49€ (-53.9%)
[my-cards-profit] Analizzando (1274/2003): josimar-alcocer-2025-limited-193
[my-cards-profit]   ❌ No profit: acquistato 4.90€, market 0.34€ (-93.1%)
[my-cards-profit] Analizzando (1275/2003): mateo-lisica-2025-limited-450
[my-cards-profit]   ❌ No profit: acquistato 11.10€, market 0.63€ (-94.3%)
[my-cards-profit] Analizzando (1276/2003): visar-musliu-2025-limited-416
[my-cards-profit]   ❌ No profit: acquistato 10.00€, market 0.64€ (-93.6%)
[my-cards-profit] Analizzando (1277/2003): carlos-roberto-forbs-borges-2025-limited-527
[my-cards-profit]   ❌ No profit: acquistato 11.00€, market 8.87€ (-19.3%)
[my-cards-profit] Analizzando (1278/2003): souffian-elkarouani-2025-limited-412
[my-cards-profit]   ❌ No profit: acquistato 20.81€, market 0.40€ (-98.1%)
[my-cards-profit] Analizzando (1279/2003): siebe-horemans-2025-limited-114
[my-cards-profit]   ❌ No profit: acquistato 11.00€, market 0.34€ (-96.9%)
[my-cards-profit] Analizzando (1280/2003): wout-weghorst-2025-limited-312
[my-cards-profit]   🔁 Ricevuta in scambio, esclusa (nessun costo in euro quantificabile)
[my-cards-profit] Analizzando (1281/2003): lucas-boel-hey-2025-limited-22
[my-cards-profit]   🔁 Ricevuta in scambio, esclusa (nessun costo in euro quantificabile)
[my-cards-profit] Analizzando (1282/2003): mitchell-van-bergen-2025-limited-136
[my-cards-profit]   🔁 Ricevuta in scambio, esclusa (nessun costo in euro quantificabile)
[my-cards-profit] Analizzando (1283/2003): bjorn-meijer-2025-limited-71
[my-cards-profit]   ❌ No profit: acquistato 2.98€, market 0.34€ (-88.7%)
[my-cards-profit] Analizzando (1284/2003): vasileios-barkas-2025-limited-176
[my-cards-profit]   🔁 Ricevuta in scambio, esclusa (nessun costo in euro quantificabile)
[my-cards-profit] Analizzando (1285/2003): ugurcan-cakir-2024-limited-513
[my-cards-profit]   ❌ No profit: acquistato 18.00€, market 5.49€ (-69.5%)
[my-cards-profit] Analizzando (1286/2003): rihito-yamamoto-2025-limited-172
[my-cards-profit]   🔁 Ricevuta in scambio, esclusa (nessun costo in euro quantificabile)
[my-cards-profit] Analizzando (1287/2003): oliver-christensen-2025-limited-239
[my-cards-profit]   ❌ No profit: acquistato 11.00€, market 0.68€ (-93.8%)
[my-cards-profit] Analizzando (1288/2003): tom-zimmerschied-2025-limited-292
[my-cards-profit]   🔁 Ricevuta in scambio, esclusa (nessun costo in euro quantificabile)
[my-cards-profit] Analizzando (1289/2003): andres-martin-ferrari-malviera-2025-limited-186
[my-cards-profit]   ❌ No profit: acquistato 3.18€, market 0.34€ (-89.4%)
[my-cards-profit] Analizzando (1290/2003): dejan-ljubicic-2025-limited-327
[my-cards-profit]   ❌ No profit: acquistato 5.26€, market 0.34€ (-93.6%)
[my-cards-profit] Analizzando (1291/2003): mexx-meerdink-2025-limited-39
[my-cards-profit]   ❌ No profit: acquistato 18.62€, market 3.54€ (-81.0%)
[my-cards-profit] Analizzando (1292/2003): mustapha-bundu-2025-limited-72
[my-cards-profit]   🔁 Ricevuta in scambio, esclusa (nessun costo in euro quantificabile)
[my-cards-profit] Analizzando (1293/2003): lukas-gutlbauer-2025-limited-91
[my-cards-profit]   🔨 CRAFT/PREMIO DI VALORE: nessun acquisto noto, market 1.33€ (pack=False)
[my-cards-profit] Analizzando (1294/2003): leo-sauer-2025-limited-221
[my-cards-profit]   🔁 Ricevuta in scambio, esclusa (nessun costo in euro quantificabile)
[my-cards-profit] Analizzando (1295/2003): thomas-henry-2025-limited-387
[my-cards-profit]   ❌ No profit: acquistato 5.50€, market 0.34€ (-93.8%)
[my-cards-profit] Analizzando (1296/2003): hugo-siquet-2025-limited-100
[my-cards-profit]   🔁 Ricevuta in scambio, esclusa (nessun costo in euro quantificabile)
[my-cards-profit] Analizzando (1297/2003): theodore-ku-dipietro-2022-limited-130
[my-cards-profit]   🔁 Ricevuta in scambio, esclusa (nessun costo in euro quantificabile)
[my-cards-profit] Analizzando (1298/2003): ante-orec-2025-limited-41
[my-cards-profit]   ❌ No profit: acquistato 2.50€, market 0.58€ (-76.6%)
[my-cards-profit] Analizzando (1299/2003): brayann-pereira-2025-limited-199
[my-cards-profit]   🔁 Ricevuta in scambio, esclusa (nessun costo in euro quantificabile)
[my-cards-profit] Analizzando (1300/2003): raul-torrente-navarro-2025-limited-99
[my-cards-profit]   ➖ Nessun acquisto noto, market 0.39€ (sotto soglia)
[my-cards-profit] Analizzando (1301/2003): joao-paulo-santos-da-costa-2025-limited-113
[my-cards-profit]   ❌ No profit: acquistato 0.80€, market 1.04€ (+30.0%)
[my-cards-profit] Analizzando (1302/2003): kevin-theophile-catherine-2025-limited-172
[my-cards-profit]   ❌ No profit: acquistato 0.30€, market 0.34€ (+12.5%)
[my-cards-profit] Analizzando (1303/2003): ivan-fresneda-corraliza-2025-limited-119
[my-cards-profit]   ❌ No profit: acquistato 4.70€, market 1.00€ (-78.7%)
[my-cards-profit] Analizzando (1304/2003): daniel-filipe-bandeira-e-silva-2025-limited-60
[my-cards-profit]   ❌ No profit: acquistato 0.45€, market 0.34€ (-25.0%)
[my-cards-profit] Analizzando (1305/2003): kevin-theophile-catherine-2025-limited-157
[my-cards-profit]   ➖ Nessun acquisto noto, market 0.34€ (sotto soglia)
[my-cards-profit] Analizzando (1306/2003): tiago-filipe-oliveira-dantas-2025-limited-145
[my-cards-profit]   🔨 CRAFT/PREMIO DI VALORE: nessun acquisto noto, market 1.17€ (pack=False)
[my-cards-profit] Analizzando (1307/2003): mads-juhl-kikkenborg-2025-limited-33
[my-cards-profit]   ❌ No profit: acquistato 2.72€, market 0.49€ (-81.9%)
[my-cards-profit] Analizzando (1308/2003): jefferson-abel-diaz-beleno-2025-limited-133
[my-cards-profit]   ➖ Nessun acquisto noto, market 0.48€ (sotto soglia)
[my-cards-profit] Analizzando (1309/2003): moussa-n-diaye-2025-limited-277
[my-cards-profit]   ❌ No profit: acquistato 1.20€, market 0.49€ (-58.9%)
[my-cards-profit] Analizzando (1310/2003): gabriel-davi-gomes-sara-2025-limited-148
[my-cards-profit]   ❌ No profit: acquistato 18.08€, market 0.55€ (-96.9%)
[my-cards-profit] Analizzando (1311/2003): gunay-guvenc-2025-limited-183
[my-cards-profit]   ❌ No profit: acquistato 12.66€, market 0.34€ (-97.3%)
[my-cards-profit] Analizzando (1312/2003): patrick-pflucke-2025-limited-231
[my-cards-profit]   ❌ No profit: acquistato 5.63€, market 0.34€ (-94.0%)
[my-cards-profit] Analizzando (1313/2003): justin-bijlow-2025-limited-76
[my-cards-profit]   ❌ No profit: acquistato 14.52€, market 1.69€ (-88.4%)
[my-cards-profit] Analizzando (1314/2003): moussa-sylla-2025-limited-147
[my-cards-profit]   ❌ No profit: acquistato 10.83€, market 0.34€ (-96.9%)
[my-cards-profit] Analizzando (1315/2003): oliver-antman-2025-limited-68
[my-cards-profit]   ❌ No profit: acquistato 20.84€, market 0.95€ (-95.4%)
[my-cards-profit] Analizzando (1316/2003): cristian-roldan-2024-limited-154
[my-cards-profit]   🔁 Ricevuta in scambio, esclusa (nessun costo in euro quantificabile)
[my-cards-profit] Analizzando (1317/2003): jack-milne-2025-limited-34
[my-cards-profit]   ❌ No profit: acquistato 2.15€, market 0.39€ (-81.9%)
[my-cards-profit] Analizzando (1318/2003): araphat-mohammed-2025-limited-132
[my-cards-profit]   ➖ Nessun acquisto noto, market 0.34€ (sotto soglia)
[my-cards-profit] Analizzando (1319/2003): marc-niclas-duhring-2025-limited-35
[my-cards-profit]   ➖ Nessun acquisto noto, market 0.33€ (sotto soglia)
[my-cards-profit] Analizzando (1320/2003): gabriel-costa-bras-2025-limited-41
[my-cards-profit]   ⚠️ Prezzo market non trovato
[my-cards-profit] Analizzando (1321/2003): jake-max-girdwood-reich-2025-limited-187
[my-cards-profit]   ➖ Nessun acquisto noto, market 0.34€ (sotto soglia)
[my-cards-profit] Analizzando (1322/2003): luca-sirch-2025-limited-62
[my-cards-profit]   🔁 Ricevuta in scambio, esclusa (nessun costo in euro quantificabile)
[my-cards-profit] Analizzando (1323/2003): enric-llansana-2025-limited-87
[my-cards-profit]   🔁 Ricevuta in scambio, esclusa (nessun costo in euro quantificabile)
[my-cards-profit] Analizzando (1324/2003): niko-jankovic-2025-limited-69
[my-cards-profit]   ❌ No profit: acquistato 6.23€, market 0.34€ (-94.6%)
[my-cards-profit] Analizzando (1325/2003): sandro-kulenovic-2025-limited-68
[my-cards-profit]   ❌ No profit: acquistato 8.19€, market 0.34€ (-95.9%)
[my-cards-profit] Analizzando (1326/2003): jack-iredale-2025-limited-59
[my-cards-profit]   ❌ No profit: acquistato 3.01€, market 0.34€ (-88.8%)
[my-cards-profit] Analizzando (1327/2003): martin-boyle-2022-limited-344
[my-cards-profit]   ❌ No profit: acquistato 1.58€, market 0.34€ (-78.5%)
[my-cards-profit] Analizzando (1328/2003): dejan-zukic-2025-limited-60
[my-cards-profit]   ❌ No profit: acquistato 8.16€, market 0.34€ (-95.9%)
[my-cards-profit] Analizzando (1329/2003): adam-buksa-2025-limited-69
[my-cards-profit]   ❌ No profit: acquistato 6.01€, market 0.34€ (-94.4%)
[my-cards-profit] Analizzando (1330/2003): ryan-dylan-merlen-2025-limited-60
[my-cards-profit]   ➖ Nessun acquisto noto, market 0.49€ (sotto soglia)
[my-cards-profit] Analizzando (1331/2003): loic-lapoussin-2025-limited-102
[my-cards-profit]   ❌ No profit: acquistato 5.10€, market 0.34€ (-93.4%)
[my-cards-profit] Analizzando (1332/2003): nikola-storm-2025-limited-114
[my-cards-profit]   ❌ No profit: acquistato 17.80€, market 0.34€ (-98.1%)
[my-cards-profit] Analizzando (1333/2003): andreas-kristoffer-jungdal-2022-limited-82
[my-cards-profit]   ❌ No profit: acquistato 10.75€, market 3.45€ (-67.9%)
[my-cards-profit] Analizzando (1334/2003): ludwig-augustinsson-2025-limited-104
[my-cards-profit]   ❌ No profit: acquistato 7.99€, market 0.34€ (-95.7%)
[my-cards-profit] Analizzando (1335/2003): nilson-david-angulo-ramirez-2025-limited-76
[my-cards-profit]   ➖ Nessun acquisto noto, market 0.46€ (sotto soglia)
[my-cards-profit] Analizzando (1336/2003): lion-lauberbach-2025-limited-79
[my-cards-profit]   ➖ Nessun acquisto noto, market 0.34€ (sotto soglia)
[my-cards-profit] Analizzando (1337/2003): stephen-antunes-eustaquio-2024-limited-391
[my-cards-profit]   🔁 Ricevuta in scambio, esclusa (nessun costo in euro quantificabile)
[my-cards-profit] Analizzando (1338/2003): alejandro-berenguer-remiro-2024-limited-672
[my-cards-profit]   🔁 Ricevuta in scambio, esclusa (nessun costo in euro quantificabile)
[my-cards-profit] Analizzando (1339/2003): jeong-hyun-kim-2000-06-09-2025-limited-117
[my-cards-profit]   ❌ No profit: acquistato 1.40€, market 0.38€ (-72.8%)
[my-cards-profit] Analizzando (1340/2003): xaver-schlager-2024-limited-149
[my-cards-profit]   ➖ Nessun acquisto noto, market 0.49€ (sotto soglia)
[my-cards-profit] Analizzando (1341/2003): han-beom-lee-2023-limited-125
[my-cards-profit]   ✅ PROFIT: acquistato 0.94€, market 2.63€ (+1.69€, +179.7%)
[my-cards-profit] Analizzando (1342/2003): dijon-kameri-2024-limited-351
[my-cards-profit]   ❌ No profit: acquistato 0.60€, market 0.33€ (-45.2%)
[my-cards-profit] Analizzando (1343/2003): kosuke-kinoshita-2023-limited-22
[my-cards-profit]   ❌ No profit: acquistato 0.44€, market 0.34€ (-23.3%)
[my-cards-profit] Analizzando (1344/2003): francisco-gonzalez-2001-04-06-2022-limited-248
[my-cards-profit]   ✅ PROFIT: acquistato 3.09€, market 5.99€ (+2.90€, +93.9%)
[my-cards-profit] Analizzando (1345/2003): mathis-amougou-2025-limited-477
[my-cards-profit]   ➖ Nessun acquisto noto, market 0.40€ (sotto soglia)
[my-cards-profit] Analizzando (1346/2003): guela-doue-2025-limited-510
[my-cards-profit]   ❌ No profit: acquistato 10.00€, market 1.64€ (-83.6%)
[my-cards-profit] Analizzando (1347/2003): sebastian-nanasi-2025-limited-59
[my-cards-profit]   ❌ No profit: acquistato 6.82€, market 0.75€ (-89.0%)
[my-cards-profit] Analizzando (1348/2003): armando-izzo-2024-limited-371
[my-cards-profit]   ❌ No profit: acquistato 1.33€, market 0.46€ (-65.5%)
[my-cards-profit] Analizzando (1349/2003): andrea-carboni-2024-limited-78
[my-cards-profit]   ❌ No profit: acquistato 1.25€, market 0.34€ (-73.0%)
[my-cards-profit] Analizzando (1350/2003): mike-penders-2025-limited-577
[my-cards-profit]   ❌ No profit: acquistato 35.00€, market 5.45€ (-84.4%)
[my-cards-profit] Analizzando (1351/2003): oscar-bobb-2024-limited-388
[my-cards-profit]   ❌ No profit: acquistato 2.50€, market 1.19€ (-52.4%)
[my-cards-profit] Analizzando (1352/2003): philip-foden-2024-limited-633
[my-cards-profit]   ❌ No profit: acquistato 16.94€, market 5.42€ (-68.0%)
[my-cards-profit] Analizzando (1353/2003): felipe-sanchez-2025-limited-261
[my-cards-profit]   ❌ No profit: acquistato 0.52€, market 0.62€ (+19.2%)
[my-cards-profit] Analizzando (1354/2003): josko-gvardiol-2024-limited-78
[my-cards-profit]   ❌ No profit: acquistato 14.59€, market 5.42€ (-62.8%)
[my-cards-profit] Analizzando (1355/2003): robert-lewandowski-2024-limited-720
[my-cards-profit]   ❌ No profit: acquistato 6.25€, market 2.49€ (-60.2%)
[my-cards-profit] Analizzando (1356/2003): dominik-szoboszlai-2023-limited-581
[my-cards-profit]   ❌ No profit: acquistato 15.96€, market 12.57€ (-21.2%)
[my-cards-profit] Analizzando (1357/2003): albert-rusnak-2025-limited-5
[my-cards-profit]   ❌ No profit: acquistato 2.20€, market 0.49€ (-77.7%)
[my-cards-profit] Analizzando (1358/2003): dante-vanzeir-2024-limited-637
[my-cards-profit]   ❌ No profit: acquistato 0.39€, market 0.49€ (+26.4%)
[my-cards-profit] Analizzando (1359/2003): keisuke-osako-2025-limited-328
[my-cards-profit]   ❌ No profit: acquistato 5.00€, market 2.63€ (-47.4%)
[my-cards-profit] Analizzando (1360/2003): shuto-nakano-2025-limited-415
[my-cards-profit]   ❌ No profit: acquistato 0.95€, market 0.54€ (-43.5%)
[my-cards-profit] Analizzando (1361/2003): seong-kwon-jo-2025-limited-335
[my-cards-profit]   ❌ No profit: acquistato 1.00€, market 0.82€ (-17.8%)
[my-cards-profit] Analizzando (1362/2003): yuki-soma-2025-limited-43
[my-cards-profit]   ❌ No profit: acquistato 4.24€, market 1.60€ (-62.3%)
[my-cards-profit] Analizzando (1363/2003): naomichi-ueda-2023-limited-61
[my-cards-profit]   ✅ PROFIT: acquistato 3.65€, market 4.98€ (+1.33€, +36.4%)
[my-cards-profit] Analizzando (1364/2003): ryosuke-kojima-2024-limited-458
[my-cards-profit]   ✅ PROFIT: acquistato 3.19€, market 4.44€ (+1.25€, +39.1%)
[my-cards-profit] Analizzando (1365/2003): daniel-jimenez-lopez-1990-03-05-2022-limited-291
[my-cards-profit]   ❌ No profit: acquistato 2.00€, market 0.34€ (-83.1%)
[my-cards-profit] Analizzando (1366/2003): pedro-david-gallese-quiroz-2025-limited-197
[my-cards-profit]   ❌ No profit: acquistato 2.00€, market 0.82€ (-59.1%)
[my-cards-profit] Analizzando (1367/2003): miguel-de-la-fuente-escudero-2024-limited-541
[my-cards-profit]   ❌ No profit: acquistato 0.47€, market 0.38€ (-19.0%)
[my-cards-profit] Analizzando (1368/2003): flavio-basilua-jacinto-nazinho-2025-limited-694
[my-cards-profit]   ❌ No profit: acquistato 5.00€, market 1.48€ (-70.4%)
[my-cards-profit] Analizzando (1369/2003): julian-ryerson-2024-limited-688
[my-cards-profit]   ❌ No profit: acquistato 4.00€, market 1.94€ (-51.5%)
[my-cards-profit] Analizzando (1370/2003): serhou-guirassy-2024-limited-621
[my-cards-profit]   ❌ No profit: acquistato 10.90€, market 4.25€ (-61.0%)
[my-cards-profit] Analizzando (1371/2003): brandon-soppy-2024-limited-108
[my-cards-profit]   ❌ No profit: acquistato 0.49€, market 0.35€ (-28.6%)
[my-cards-profit] Analizzando (1372/2003): daniel-schmidt-2025-limited-371
[my-cards-profit]   ❌ No profit: acquistato 3.20€, market 0.60€ (-81.2%)
[my-cards-profit] Analizzando (1373/2003): marvin-wanitzek-2025-limited-826
[my-cards-profit]   ❌ No profit: acquistato 11.92€, market 5.00€ (-58.1%)
[my-cards-profit] Analizzando (1374/2003): ayrton-enrique-costa-2025-limited-444
[my-cards-profit]   ❌ No profit: acquistato 3.50€, market 1.45€ (-58.6%)
[my-cards-profit] Analizzando (1375/2003): konstantinos-karetsas-2025-limited-860
[my-cards-profit]   ❌ No profit: acquistato 19.00€, market 7.00€ (-63.2%)
[my-cards-profit] Analizzando (1376/2003): junya-ito-2025-limited-675
[my-cards-profit]   ❌ No profit: acquistato 3.74€, market 1.73€ (-53.7%)
[my-cards-profit] Analizzando (1377/2003): imran-louza-2023-limited-176
[my-cards-profit]   ❌ No profit: acquistato 5.90€, market 2.18€ (-63.1%)
[my-cards-profit] Analizzando (1378/2003): juan-francisco-brunetta-2022-limited-225
[my-cards-profit]   ❌ No profit: acquistato 11.50€, market 10.50€ (-8.7%)
[my-cards-profit] Analizzando (1379/2003): agustin-federico-marchesin-2025-limited-45
[my-cards-profit]   ❌ No profit: acquistato 3.60€, market 0.34€ (-90.6%)
[my-cards-profit] Analizzando (1380/2003): leon-belcar-2025-limited-282
[my-cards-profit]   ➖ Nessun acquisto noto, market 0.34€ (sotto soglia)
[my-cards-profit] Analizzando (1381/2003): noah-jose-saviolo-2025-limited-74
[my-cards-profit]   🔨 CRAFT/PREMIO DI VALORE: nessun acquisto noto, market 1.09€ (pack=False)
[my-cards-profit] Analizzando (1382/2003): samba-lele-diba-2025-limited-383
[my-cards-profit]   ➖ Nessun acquisto noto, market 0.34€ (sotto soglia)
[my-cards-profit] Analizzando (1383/2003): amer-gojak-2025-limited-217
[my-cards-profit]   ➖ Nessun acquisto noto, market 0.34€ (sotto soglia)
[my-cards-profit] Analizzando (1384/2003): dominik-prpic-2025-limited-653
[my-cards-profit]   ➖ Nessun acquisto noto, market 0.34€ (sotto soglia)
[my-cards-profit] Analizzando (1385/2003): beni-baningime-2025-limited-644
[my-cards-profit]   ➖ Nessun acquisto noto, market 0.34€ (sotto soglia)
[my-cards-profit] Analizzando (1386/2003): hyun-jun-yang-2025-limited-591
[my-cards-profit]   🔨 CRAFT/PREMIO DI VALORE: nessun acquisto noto, market 0.90€ (pack=False)
[my-cards-profit] Analizzando (1387/2003): daniel-olmo-carvajal-2025-limited-850
[my-cards-profit]   🔨 CRAFT/PREMIO DI VALORE: nessun acquisto noto, market 3.94€ (pack=False)
[my-cards-profit] Analizzando (1388/2003): maksim-paskotsi-2025-limited-46
[my-cards-profit]   ❌ No profit: acquistato 8.10€, market 0.49€ (-93.9%)
[my-cards-profit] Analizzando (1389/2003): ante-majstorovic-2025-limited-460
[my-cards-profit]   ➖ Nessun acquisto noto, market 0.48€ (sotto soglia)
[my-cards-profit] Analizzando (1390/2003): youri-regeer-2024-limited-136
[my-cards-profit]   ❌ No profit: acquistato 3.42€, market 2.49€ (-27.2%)
[my-cards-profit] Analizzando (1391/2003): ahmetcan-kaplan-2024-limited-473
[my-cards-profit]   ❌ No profit: acquistato 1.09€, market 0.48€ (-56.0%)
[my-cards-profit] Analizzando (1392/2003): mateus-goncalo-espanha-fernandes-2024-limited-178
[my-cards-profit]   ❌ No profit: acquistato 10.39€, market 4.59€ (-55.8%)
[my-cards-profit] Analizzando (1393/2003): giorgio-scalvini-2024-limited-153
[my-cards-profit]   ✅ PROFIT: acquistato 3.10€, market 3.99€ (+0.89€, +28.7%)
[my-cards-profit] Analizzando (1394/2003): matthias-ginter-2023-limited-256
[my-cards-profit]   ❌ No profit: acquistato 1.67€, market 1.00€ (-40.1%)
[my-cards-profit] Analizzando (1395/2003): william-gomes-carvalho-santos-2025-limited-701
[my-cards-profit]   🔨 CRAFT/PREMIO DI VALORE: nessun acquisto noto, market 1.63€ (pack=False)
[my-cards-profit] Analizzando (1396/2003): dominik-weixelbraun-2025-limited-229
[my-cards-profit]   ➖ Nessun acquisto noto, market 0.40€ (sotto soglia)
[my-cards-profit] Analizzando (1397/2003): flavien-enzo-boyomos-2025-limited-655
[my-cards-profit]   ➖ Nessun acquisto noto, market 0.34€ (sotto soglia)
[my-cards-profit] Analizzando (1398/2003): luka-sucic-2025-limited-559
[my-cards-profit]   ➖ Nessun acquisto noto, market 0.36€ (sotto soglia)
[my-cards-profit] Analizzando (1399/2003): michel-aebischer-2024-limited-68
[my-cards-profit]   ❌ No profit: acquistato 0.82€, market 0.34€ (-58.8%)
[my-cards-profit] Analizzando (1400/2003): jesper-karlsson-1998-07-25-2024-limited-54
[my-cards-profit]   ❌ No profit: acquistato 2.29€, market 0.34€ (-85.2%)
[my-cards-profit] Analizzando (1401/2003): jhon-janer-lucumi-bonilla-2024-limited-589
[my-cards-profit]   ❌ No profit: acquistato 2.50€, market 1.29€ (-48.4%)
[my-cards-profit] Analizzando (1402/2003): mihajlo-ilic-2024-limited-3
[my-cards-profit]   ❌ No profit: acquistato 1.03€, market 0.66€ (-36.2%)
[my-cards-profit] Analizzando (1403/2003): lukasz-skorupski-2024-limited-34
[my-cards-profit]   ❌ No profit: acquistato 5.80€, market 1.48€ (-74.5%)
[my-cards-profit] Analizzando (1404/2003): maksim-kireev-2025-limited-52
[my-cards-profit]   ❌ No profit: acquistato 0.57€, market 0.34€ (-40.4%)
[my-cards-profit] Analizzando (1405/2003): ray-kendry-paez-andrade-2025-limited-979
[my-cards-profit]   ❌ No profit: acquistato 4.12€, market 1.00€ (-75.7%)
[my-cards-profit] Analizzando (1406/2003): claudio-pires-morais-ramos-2025-limited-534
[my-cards-profit]   ❌ No profit: acquistato 2.00€, market 0.50€ (-75.0%)
[my-cards-profit] Analizzando (1407/2003): allahyar-sayyadmanesh-2025-limited-244
[my-cards-profit]   ❌ No profit: acquistato 7.10€, market 0.34€ (-95.2%)
[my-cards-profit] Analizzando (1408/2003): adam-gabriel-2025-limited-412
[my-cards-profit]   ➖ Nessun acquisto noto, market 0.33€ (sotto soglia)
[my-cards-profit] Analizzando (1409/2003): quinten-maduro-2025-limited-385
[my-cards-profit]   ❌ No profit: acquistato 14.00€, market 0.49€ (-96.5%)
[my-cards-profit] Analizzando (1410/2003): toni-silic-2025-limited-126
[my-cards-profit]   ✅ PROFIT: acquistato 5.64€, market 6.50€ (+0.86€, +15.2%)
[my-cards-profit] Analizzando (1411/2003): samuele-vignato-2024-limited-32
[my-cards-profit]   ❌ No profit: acquistato 2.10€, market 0.34€ (-83.8%)
[my-cards-profit] Analizzando (1412/2003): maximillian-oyedele-2025-limited-354
[my-cards-profit]   ❌ No profit: acquistato 1.97€, market 0.49€ (-75.1%)
[my-cards-profit] Analizzando (1413/2003): robert-kwasigroch-2023-limited-256
[my-cards-profit]   ❌ No profit: acquistato 0.53€, market 0.33€ (-37.7%)
[my-cards-profit] Analizzando (1414/2003): pascal-klemens-2023-limited-5
[my-cards-profit]   ❌ No profit: acquistato 0.50€, market 0.48€ (-4.0%)
[my-cards-profit] Analizzando (1415/2003): clinton-mukoni-mata-pedro-lourenco-2021-limited-357
[my-cards-profit]   ❌ No profit: acquistato 1.31€, market 0.48€ (-63.4%)
[my-cards-profit] Analizzando (1416/2003): oliver-baumann-2022-limited-281
[my-cards-profit]   ❌ No profit: acquistato 6.93€, market 3.46€ (-50.1%)
[my-cards-profit] Analizzando (1417/2003): augusto-martin-batalla-barga-2025-limited-510
[my-cards-profit]   ❌ No profit: acquistato 14.00€, market 4.59€ (-67.2%)
[my-cards-profit] Analizzando (1418/2003): franz-roggow-2025-limited-235
[my-cards-profit]   ❌ No profit: acquistato 0.54€, market 0.38€ (-29.5%)
[my-cards-profit] Analizzando (1419/2003): luca-pfeiffer-2025-limited-218
[my-cards-profit]   ❌ No profit: acquistato 0.95€, market 0.33€ (-65.3%)
[my-cards-profit] Analizzando (1420/2003): jarzinho-ataide-adriano-de-nascimento-malanga-2025-limited-239
[my-cards-profit]   ❌ No profit: acquistato 1.00€, market 0.48€ (-52.0%)
[my-cards-profit] Analizzando (1421/2003): alejandro-padilla-perez-2025-limited-557
[my-cards-profit]   🔨 CRAFT/PREMIO DI VALORE: nessun acquisto noto, market 0.99€ (pack=False)
[my-cards-profit] Analizzando (1422/2003): dujon-sterling-2025-limited-403
[my-cards-profit]   ➖ Nessun acquisto noto, market 0.35€ (sotto soglia)
[my-cards-profit] Analizzando (1423/2003): kieran-wright-2025-limited-283
[my-cards-profit]   🔨 CRAFT/PREMIO DI VALORE: nessun acquisto noto, market 1.51€ (pack=False)
[my-cards-profit] Analizzando (1424/2003): lyall-cameron-2025-limited-506
[my-cards-profit]   ➖ Nessun acquisto noto, market 0.34€ (sotto soglia)
[my-cards-profit] Analizzando (1425/2003): elias-lorenz-2025-limited-263
[my-cards-profit]   🔨 CRAFT/PREMIO DI VALORE: nessun acquisto noto, market 0.65€ (pack=False)
[my-cards-profit] Analizzando (1426/2003): julian-alvarez-2025-limited-318
[my-cards-profit]   ❌ No profit: acquistato 51.52€, market 9.00€ (-82.5%)
[my-cards-profit] Analizzando (1427/2003): michele-di-gregorio-2023-limited-150
[my-cards-profit]   ❌ No profit: acquistato 15.00€, market 5.65€ (-62.3%)
[my-cards-profit] Analizzando (1428/2003): dies-janse-2025-limited-468
[my-cards-profit]   ❌ No profit: acquistato 8.59€, market 1.70€ (-80.2%)
[my-cards-profit] Analizzando (1429/2003): elvis-arnold-van-der-laan-2025-limited-308
[my-cards-profit]   ❌ No profit: acquistato 0.55€, market 0.80€ (+45.5%)
[my-cards-profit] Analizzando (1430/2003): mert-muldur-2025-limited-366
[my-cards-profit]   ❌ No profit: acquistato 2.00€, market 0.33€ (-83.6%)
[my-cards-profit] Analizzando (1431/2003): marton-dardai-2025-limited-512
[my-cards-profit]   ❌ No profit: acquistato 9.06€, market 0.34€ (-96.2%)
[my-cards-profit] Analizzando (1432/2003): tobias-gruber-2025-limited-207
[my-cards-profit]   ❌ No profit: acquistato 0.47€, market 0.33€ (-30.0%)
[my-cards-profit] Analizzando (1433/2003): florent-hajdini-2025-limited-173
[my-cards-profit]   ❌ No profit: acquistato 0.52€, market 0.34€ (-34.6%)
[my-cards-profit] Analizzando (1434/2003): santiago-castaneda-2025-limited-294
[my-cards-profit]   ❌ No profit: acquistato 2.28€, market 0.47€ (-79.4%)
[my-cards-profit] Analizzando (1435/2003): laurin-curda-2025-limited-82
[my-cards-profit]   ❌ No profit: acquistato 1.78€, market 0.35€ (-80.6%)
[my-cards-profit] Analizzando (1436/2003): anton-leander-donkor-2025-limited-241
[my-cards-profit]   ❌ No profit: acquistato 0.54€, market 0.34€ (-37.5%)
[my-cards-profit] Analizzando (1437/2003): tim-arnold-2025-limited-39
[my-cards-profit]   ❌ No profit: acquistato 0.49€, market 0.41€ (-16.3%)
[my-cards-profit] Analizzando (1438/2003): ilias-akhomach-chakkour-2025-limited-408
[my-cards-profit]   ❌ No profit: acquistato 2.86€, market 0.47€ (-83.7%)
[my-cards-profit] Analizzando (1439/2003): thomas-teye-partey-2025-limited-361
[my-cards-profit]   ❌ No profit: acquistato 1.50€, market 0.34€ (-77.5%)
[my-cards-profit] Analizzando (1440/2003): nicolo-tresoldi-2025-limited-419
[my-cards-profit]   ✅ PROFIT: acquistato 6.50€, market 10.95€ (+4.45€, +68.5%)
[my-cards-profit] Analizzando (1441/2003): sebastian-gronning-2025-limited-282
[my-cards-profit]   ❌ No profit: acquistato 1.00€, market 0.49€ (-50.7%)
[my-cards-profit] Analizzando (1442/2003): alexandros-kyziridis-2025-limited-345
[my-cards-profit]   ❌ No profit: acquistato 8.99€, market 0.49€ (-94.5%)
[my-cards-profit] Analizzando (1443/2003): michael-steinwender-2025-limited-203
[my-cards-profit]   ❌ No profit: acquistato 1.07€, market 0.44€ (-58.9%)
[my-cards-profit] Analizzando (1444/2003): stephen-kingsley-2025-limited-295
[my-cards-profit]   ❌ No profit: acquistato 1.50€, market 0.34€ (-77.5%)
[my-cards-profit] Analizzando (1445/2003): alexander-schwolow-2025-limited-127
[my-cards-profit]   ❌ No profit: acquistato 11.93€, market 0.50€ (-95.8%)
[my-cards-profit] Analizzando (1446/2003): thiago-almada-2025-limited-694
[my-cards-profit]   ❌ No profit: acquistato 6.50€, market 2.81€ (-56.7%)
[my-cards-profit] Analizzando (1447/2003): joao-lucas-de-souza-cardoso-2025-limited-502
[my-cards-profit]   ❌ No profit: acquistato 3.00€, market 0.47€ (-84.3%)
[my-cards-profit] Analizzando (1448/2003): bruno-iribarne-aleman-2023-limited-174
[my-cards-profit]   ✅ PROFIT: acquistato 1.00€, market 3.99€ (+2.99€, +299.0%)
[my-cards-profit] Analizzando (1449/2003): mert-hakan-yandas-2025-limited-85
[my-cards-profit]   ❌ No profit: acquistato 0.52€, market 0.34€ (-35.1%)
[my-cards-profit] Analizzando (1450/2003): marco-asensio-willemsen-2025-limited-433
[my-cards-profit]   ❌ No profit: acquistato 20.99€, market 3.62€ (-82.8%)
[my-cards-profit] Analizzando (1451/2003): borja-sainz-eguskiza-2025-limited-685
[my-cards-profit]   ➖ Nessun acquisto noto, market 0.40€ (sotto soglia)
[my-cards-profit] Analizzando (1452/2003): pau-victor-delgado-2025-limited-357
[my-cards-profit]   🔨 CRAFT/PREMIO DI VALORE: nessun acquisto noto, market 2.20€ (pack=False)
[my-cards-profit] Analizzando (1453/2003): amine-el-ouazzani-2025-limited-267
[my-cards-profit]   ❌ No profit: acquistato 0.89€, market 0.37€ (-58.2%)
[my-cards-profit] Analizzando (1454/2003): gabriel-silva-moscardo-de-salles-2025-limited-302
[my-cards-profit]   ❌ No profit: acquistato 0.70€, market 0.66€ (-6.1%)
[my-cards-profit] Analizzando (1455/2003): berke-gurbuz-2022-limited-47
[my-cards-profit]   ✅ PROFIT: acquistato 0.35€, market 0.95€ (+0.60€, +171.4%)
[my-cards-profit] Analizzando (1456/2003): wolke-janssens-2025-limited-265
[my-cards-profit]   ❌ No profit: acquistato 0.50€, market 0.34€ (-32.5%)
[my-cards-profit] Analizzando (1457/2003): isaias-del-pupo-2025-limited-312
[my-cards-profit]   ❌ No profit: acquistato 0.50€, market 0.34€ (-32.5%)
[my-cards-profit] Analizzando (1458/2003): jo-coppens-2025-limited-212
[my-cards-profit]   ❌ No profit: acquistato 0.47€, market 0.34€ (-28.2%)
[my-cards-profit] Analizzando (1459/2003): marlon-ritter-2025-limited-430
[my-cards-profit]   ❌ No profit: acquistato 0.97€, market 0.49€ (-49.2%)
[my-cards-profit] Analizzando (1460/2003): shawn-marc-blum-2025-limited-82
[my-cards-profit]   ❌ No profit: acquistato 0.35€, market 0.34€ (-3.6%)
[my-cards-profit] Analizzando (1461/2003): antonio-jose-cordero-campillo-2025-limited-46
[my-cards-profit]   ❌ No profit: acquistato 1.01€, market 1.00€ (-1.0%)
[my-cards-profit] Analizzando (1462/2003): nicolas-closset-2025-limited-200
[my-cards-profit]   ❌ No profit: acquistato 0.47€, market 0.38€ (-19.0%)
[my-cards-profit] Analizzando (1463/2003): raymond-anokye-asante-2025-limited-157
[my-cards-profit]   ❌ No profit: acquistato 0.50€, market 0.34€ (-32.5%)
[my-cards-profit] Analizzando (1464/2003): colin-coosemans-2025-limited-476
[my-cards-profit]   ❌ No profit: acquistato 11.89€, market 3.95€ (-66.8%)
[my-cards-profit] Analizzando (1465/2003): mohamed-kone-2002-03-07-2025-limited-7
[my-cards-profit]   ❌ No profit: acquistato 8.00€, market 2.54€ (-68.2%)
[my-cards-profit] Analizzando (1466/2003): pedro-fernandez-sarmiento-2025-limited-84
[my-cards-profit]   🔨 CRAFT/PREMIO DI VALORE: nessun acquisto noto, market 6.90€ (pack=False)
[my-cards-profit] Analizzando (1467/2003): alejandro-balde-martinez-2025-limited-376
[my-cards-profit]   ❌ No profit: acquistato 12.00€, market 1.89€ (-84.2%)
[my-cards-profit] Analizzando (1468/2003): angel-martin-correa-2024-limited-557
[my-cards-profit]   ❌ No profit: acquistato 3.68€, market 2.79€ (-24.1%)
[my-cards-profit] Analizzando (1469/2003): marcos-llorente-moreno-2024-limited-382
[my-cards-profit]   ❌ No profit: acquistato 4.96€, market 0.70€ (-85.9%)
[my-cards-profit] Analizzando (1470/2003): youssoufa-moukoko-2022-limited-12
[my-cards-profit]   ❌ No profit: acquistato 2.22€, market 1.17€ (-47.4%)
[my-cards-profit] Analizzando (1471/2003): younes-taha-2025-limited-612
[my-cards-profit]   ❌ No profit: acquistato 5.70€, market 0.50€ (-91.2%)
[my-cards-profit] Analizzando (1472/2003): francisco-jose-garcia-torres-2025-limited-690
[my-cards-profit]   🔨 CRAFT/PREMIO DI VALORE: nessun acquisto noto, market 0.95€ (pack=False)
[my-cards-profit] Analizzando (1473/2003): alvaro-fernandez-carreras-2025-limited-387
[my-cards-profit]   ❌ No profit: acquistato 40.00€, market 1.81€ (-95.5%)
[my-cards-profit] Analizzando (1474/2003): mamady-diambou-2025-limited-247
[my-cards-profit]   ➖ Nessun acquisto noto, market 0.34€ (sotto soglia)
[my-cards-profit] Analizzando (1475/2003): valentin-sulzbacher-2025-limited-185
[my-cards-profit]   🔨 CRAFT/PREMIO DI VALORE: nessun acquisto noto, market 0.99€ (pack=False)
[my-cards-profit] Analizzando (1476/2003): unai-elgezabal-udondo-2025-limited-276
[my-cards-profit]   ➖ Nessun acquisto noto, market 0.34€ (sotto soglia)
[my-cards-profit] Analizzando (1477/2003): giacomo-raspadori-2025-limited-569
[my-cards-profit]   🔨 CRAFT/PREMIO DI VALORE: nessun acquisto noto, market 0.66€ (pack=False)
[my-cards-profit] Analizzando (1478/2003): brahim-abdelkader-diaz-2025-limited-753
[my-cards-profit]   🔨 CRAFT/PREMIO DI VALORE: nessun acquisto noto, market 1.80€ (pack=False)
[my-cards-profit] Analizzando (1479/2003): luis-ezequiel-avila-2025-limited-323
[my-cards-profit]   ➖ Nessun acquisto noto, market 0.34€ (sotto soglia)
[my-cards-profit] Analizzando (1480/2003): hector-bellerin-moruno-2025-limited-497
[my-cards-profit]   ➖ Nessun acquisto noto, market 0.34€ (sotto soglia)
[my-cards-profit] Analizzando (1481/2003): marcel-beifus-2024-limited-216
[my-cards-profit]   ❌ No profit: acquistato 0.54€, market 0.34€ (-37.5%)
[my-cards-profit] Analizzando (1482/2003): alex-ferrari-2022-limited-76
[my-cards-profit]   ❌ No profit: acquistato 0.78€, market 0.74€ (-4.6%)
[my-cards-profit] Analizzando (1483/2003): ianis-hagi-2023-limited-359
[my-cards-profit]   ❌ No profit: acquistato 3.53€, market 0.34€ (-90.4%)
[my-cards-profit] Analizzando (1484/2003): nicolas-raskin-2025-limited-268
[my-cards-profit]   ❌ No profit: acquistato 14.00€, market 1.36€ (-90.3%)
[my-cards-profit] Analizzando (1485/2003): dylan-batubinsika-2025-limited-170
[my-cards-profit]   ➖ Nessun acquisto noto, market 0.33€ (sotto soglia)
[my-cards-profit] Analizzando (1486/2003): kenan-karaman-2025-limited-665
[my-cards-profit]   ➖ Nessun acquisto noto, market 0.34€ (sotto soglia)
[my-cards-profit] Analizzando (1487/2003): chico-faria-camara-lamba-2025-limited-543
[my-cards-profit]   ➖ Nessun acquisto noto, market 0.33€ (sotto soglia)
[my-cards-profit] Analizzando (1488/2003): soufian-el-faouzi-2025-limited-621
[my-cards-profit]   ➖ Nessun acquisto noto, market 0.42€ (sotto soglia)
[my-cards-profit] Analizzando (1489/2003): luca-podlech-2025-limited-182
[my-cards-profit]   ✅ PROFIT: acquistato 0.54€, market 2.08€ (+1.54€, +285.2%)
[my-cards-profit] Analizzando (1490/2003): benjamin-craig-old-2025-limited-341
[my-cards-profit]   ➖ Nessun acquisto noto, market 0.34€ (sotto soglia)
[my-cards-profit] Analizzando (1491/2003): mahmoud-jaber-2025-limited-560
[my-cards-profit]   ➖ Nessun acquisto noto, market 0.33€ (sotto soglia)
[my-cards-profit] Analizzando (1492/2003): hayato-inamura-2025-limited-584
[my-cards-profit]   ➖ Nessun acquisto noto, market 0.35€ (sotto soglia)
[my-cards-profit] Analizzando (1493/2003): james-forrest-2025-limited-429
[my-cards-profit]   ➖ Nessun acquisto noto, market 0.34€ (sotto soglia)
[my-cards-profit] Analizzando (1494/2003): marc-casado-torras-2025-limited-668
[my-cards-profit]   🔨 CRAFT/PREMIO DI VALORE: nessun acquisto noto, market 1.90€ (pack=False)
[my-cards-profit] Analizzando (1495/2003): ibrahima-cisse-2001-02-15-2025-limited-141
[my-cards-profit]   ➖ Nessun acquisto noto, market 0.38€ (sotto soglia)
[my-cards-profit] Analizzando (1496/2003): aymeric-laporte-2025-limited-196
[my-cards-profit]   ❌ No profit: acquistato 11.00€, market 2.80€ (-74.5%)
[my-cards-profit] Analizzando (1497/2003): james-mcatee-2024-limited-6
[my-cards-profit]   ❌ No profit: acquistato 0.83€, market 0.49€ (-40.6%)
[my-cards-profit] Analizzando (1498/2003): kylian-mbappe-lottin-2025-limited-485
[my-cards-profit]   ❌ No profit: acquistato 204.94€, market 82.00€ (-60.0%)
[my-cards-profit] Analizzando (1499/2003): rodrigo-zalazar-martinez-2025-limited-334
[my-cards-profit]   🔨 CRAFT/PREMIO DI VALORE: nessun acquisto noto, market 12.90€ (pack=False)
[my-cards-profit] Analizzando (1500/2003): kilian-corredor-2025-limited-571
[my-cards-profit]   🔨 CRAFT/PREMIO DI VALORE: nessun acquisto noto, market 1.40€ (pack=False)
[my-cards-profit] Analizzando (1501/2003): fraser-hornby-2025-limited-632
[my-cards-profit]   🔨 CRAFT/PREMIO DI VALORE: nessun acquisto noto, market 1.10€ (pack=False)
[my-cards-profit] Analizzando (1502/2003): jakub-piotr-kiwior-2025-limited-391
[my-cards-profit]   ❌ No profit: acquistato 28.00€, market 2.49€ (-91.1%)
[my-cards-profit] Analizzando (1503/2003): diogo-meireles-costa-2025-limited-607
[my-cards-profit]   ❌ No profit: acquistato 33.50€, market 25.70€ (-23.3%)
[my-cards-profit] Analizzando (1504/2003): rafael-alexandre-fernandes-ferreira-da-silva-2025-limited-268
[my-cards-profit]   ❌ No profit: acquistato 4.13€, market 2.80€ (-32.1%)
[my-cards-profit] Analizzando (1505/2003): mika-marcel-godts-2025-limited-113
[my-cards-profit]   ❌ No profit: acquistato 18.10€, market 13.50€ (-25.4%)
[my-cards-profit] Analizzando (1506/2003): kenneth-taylor-2025-limited-355
[my-cards-profit]   ❌ No profit: acquistato 6.35€, market 0.48€ (-92.5%)
[my-cards-profit] Analizzando (1507/2003): mathis-servais-2025-limited-83
[my-cards-profit]   ➖ Nessun acquisto noto, market 0.49€ (sotto soglia)
[my-cards-profit] Analizzando (1508/2003): willi-orban-2022-limited-165
[my-cards-profit]   ❌ No profit: acquistato 3.12€, market 1.60€ (-48.7%)
[my-cards-profit] Analizzando (1509/2003): felipe-augusto-da-silva-2025-limited-183
[my-cards-profit]   ❌ No profit: acquistato 7.50€, market 1.30€ (-82.7%)
[my-cards-profit] Analizzando (1510/2003): alexandru-iulian-maxim-2022-limited-75
[my-cards-profit]   ❌ No profit: acquistato 10.00€, market 0.74€ (-92.6%)
[my-cards-profit] Analizzando (1511/2003): tomas-lemos-araujo-2025-limited-60
[my-cards-profit]   ❌ No profit: acquistato 8.00€, market 2.64€ (-67.0%)
[my-cards-profit] Analizzando (1512/2003): tim-jabol-folcarelli-2025-limited-359
[my-cards-profit]   ❌ No profit: acquistato 3.92€, market 0.34€ (-91.3%)
[my-cards-profit] Analizzando (1513/2003): jack-butland-2025-limited-746
[my-cards-profit]   🔨 CRAFT/PREMIO DI VALORE: nessun acquisto noto, market 1.31€ (pack=False)
[my-cards-profit] Analizzando (1514/2003): frans-kratzig-2025-limited-476
[my-cards-profit]   🔨 CRAFT/PREMIO DI VALORE: nessun acquisto noto, market 0.99€ (pack=False)
[my-cards-profit] Analizzando (1515/2003): max-pfister-2025-limited-176
[my-cards-profit]   ➖ Nessun acquisto noto, market 0.49€ (sotto soglia)
[my-cards-profit] Analizzando (1516/2003): marco-worner-2025-limited-184
[my-cards-profit]   🔨 CRAFT/PREMIO DI VALORE: nessun acquisto noto, market 2.98€ (pack=False)
[my-cards-profit] Analizzando (1517/2003): kevin-sessa-2025-limited-191
[my-cards-profit]   ➖ Nessun acquisto noto, market 0.34€ (sotto soglia)
[my-cards-profit] Analizzando (1518/2003): dion-ajvazi-2025-limited-209
[my-cards-profit]   ➖ Nessun acquisto noto, market 0.39€ (sotto soglia)
[my-cards-profit] Analizzando (1519/2003): leonardo-filipe-cruz-lelo-2025-limited-13
[my-cards-profit]   ❌ No profit: acquistato 9.00€, market 0.34€ (-96.2%)
[my-cards-profit] Analizzando (1520/2003): leandro-barreiro-martins-2025-limited-518
[my-cards-profit]   🔨 CRAFT/PREMIO DI VALORE: nessun acquisto noto, market 0.80€ (pack=False)
[my-cards-profit] Analizzando (1521/2003): rafael-obrador-burguera-2025-limited-455
[my-cards-profit]   ➖ Nessun acquisto noto, market 0.49€ (sotto soglia)
[my-cards-profit] Analizzando (1522/2003): zaid-abner-romero-2025-limited-414
[my-cards-profit]   🔨 CRAFT/PREMIO DI VALORE: nessun acquisto noto, market 0.61€ (pack=False)
[my-cards-profit] Analizzando (1523/2003): gonzalo-garcia-torres-2025-limited-742
[my-cards-profit]   🔨 CRAFT/PREMIO DI VALORE: nessun acquisto noto, market 3.61€ (pack=False)
[my-cards-profit] Analizzando (1524/2003): aitor-ruibal-garcia-2025-limited-364
[my-cards-profit]   ➖ Nessun acquisto noto, market 0.34€ (sotto soglia)
[my-cards-profit] Analizzando (1525/2003): andres-andrade-cedeno-2025-limited-517
[my-cards-profit]   ❌ No profit: acquistato 10.38€, market 2.99€ (-71.2%)
[my-cards-profit] Analizzando (1526/2003): luka-modric-2021-limited-299
[my-cards-profit]   ❌ No profit: acquistato 10.60€, market 1.14€ (-89.2%)
[my-cards-profit] Analizzando (1527/2003): gerard-martin-langreo-2025-limited-587
[my-cards-profit]   🔨 CRAFT/PREMIO DI VALORE: nessun acquisto noto, market 3.36€ (pack=False)
[my-cards-profit] Analizzando (1528/2003): niklas-kolbe-2025-limited-262
[my-cards-profit]   ➖ Nessun acquisto noto, market 0.33€ (sotto soglia)
[my-cards-profit] Analizzando (1529/2003): ferland-mendy-2025-limited-529
[my-cards-profit]   🔨 CRAFT/PREMIO DI VALORE: nessun acquisto noto, market 0.67€ (pack=False)
[my-cards-profit] Analizzando (1530/2003): marius-gersbeck-2025-limited-218
[my-cards-profit]   🔨 CRAFT/PREMIO DI VALORE: nessun acquisto noto, market 1.50€ (pack=False)
[my-cards-profit] Analizzando (1531/2003): marc-bernal-casas-2025-limited-580
[my-cards-profit]   🔨 CRAFT/PREMIO DI VALORE: nessun acquisto noto, market 5.30€ (pack=False)
[my-cards-profit] Analizzando (1532/2003): antony-matheus-dos-santos-2025-limited-525
[my-cards-profit]   ❌ No profit: acquistato 29.00€, market 5.30€ (-81.7%)
[my-cards-profit] Analizzando (1533/2003): fermin-lopez-martin-2025-limited-733
[my-cards-profit]   ❌ No profit: acquistato 25.80€, market 5.00€ (-80.6%)
[my-cards-profit] Analizzando (1534/2003): jiri-letacek-2025-limited-242
[my-cards-profit]   ➖ Nessun acquisto noto, market 0.45€ (sotto soglia)
[my-cards-profit] Analizzando (1535/2003): eder-gabriel-militao-2025-limited-514
[my-cards-profit]   ❌ No profit: acquistato 34.82€, market 1.24€ (-96.4%)
[my-cards-profit] Analizzando (1536/2003): jeroen-zoet-2025-limited-340
[my-cards-profit]   ➖ Nessun acquisto noto, market 0.34€ (sotto soglia)
[my-cards-profit] Analizzando (1537/2003): zaidu-sanusi-2025-limited-307
[my-cards-profit]   ➖ Nessun acquisto noto, market 0.34€ (sotto soglia)
[my-cards-profit] Analizzando (1538/2003): armindo-tue-na-bangna-2025-limited-387
[my-cards-profit]   ➖ Nessun acquisto noto, market 0.35€ (sotto soglia)
[my-cards-profit] Analizzando (1539/2003): guillaume-francois-2025-limited-297
[my-cards-profit]   ➖ Nessun acquisto noto, market 0.33€ (sotto soglia)
[my-cards-profit] Analizzando (1540/2003): charlie-setford-2025-limited-107
[my-cards-profit]   ➖ Nessun acquisto noto, market 0.50€ (sotto soglia)
[my-cards-profit] Analizzando (1541/2003): joao-pedro-seno-luis-rego-2025-limited-400
[my-cards-profit]   🔨 CRAFT/PREMIO DI VALORE: nessun acquisto noto, market 0.70€ (pack=False)
[my-cards-profit] Analizzando (1542/2003): dennis-seimen-2025-limited-84
[my-cards-profit]   ❌ No profit: acquistato 12.45€, market 8.10€ (-34.9%)
[my-cards-profit] Analizzando (1543/2003): ronald-koeman-jr-2025-limited-56
[my-cards-profit]   ❌ No profit: acquistato 5.90€, market 3.03€ (-48.7%)
[my-cards-profit] Analizzando (1544/2003): kevin-mac-allister-2025-limited-393
[my-cards-profit]   ❌ No profit: acquistato 5.65€, market 1.61€ (-71.5%)
[my-cards-profit] Analizzando (1545/2003): ebenezer-annan-2025-limited-297
[my-cards-profit]   ➖ Nessun acquisto noto, market 0.33€ (sotto soglia)
[my-cards-profit] Analizzando (1546/2003): niek-schiks-2025-limited-339
[my-cards-profit]   🔨 CRAFT/PREMIO DI VALORE: nessun acquisto noto, market 0.90€ (pack=False)
[my-cards-profit] Analizzando (1547/2003): doguhan-aral-simsir-2025-limited-324
[my-cards-profit]   ❌ No profit: acquistato 9.00€, market 1.97€ (-78.1%)
[my-cards-profit] Analizzando (1548/2003): anatolii-trubin-2025-limited-517
[my-cards-profit]   ❌ No profit: acquistato 25.88€, market 9.48€ (-63.4%)
[my-cards-profit] Analizzando (1549/2003): arthur-piedfort-2025-limited-342
[my-cards-profit]   🔨 CRAFT/PREMIO DI VALORE: nessun acquisto noto, market 0.79€ (pack=False)
[my-cards-profit] Analizzando (1550/2003): troy-parrott-2025-limited-675
[my-cards-profit]   ❌ No profit: acquistato 25.15€, market 2.11€ (-91.6%)
[my-cards-profit] Analizzando (1551/2003): francisco-antonio-machado-mota-de-castro-trincao-2025-limited-562
[my-cards-profit]   ❌ No profit: acquistato 22.61€, market 0.58€ (-97.4%)
[my-cards-profit] Analizzando (1552/2003): aiham-ousou-2025-limited-364
[my-cards-profit]   🔨 CRAFT/PREMIO DI VALORE: nessun acquisto noto, market 0.74€ (pack=False)
[my-cards-profit] Analizzando (1553/2003): lukas-hornicek-2025-limited-301
[my-cards-profit]   ❌ No profit: acquistato 16.30€, market 6.68€ (-59.0%)
[my-cards-profit] Analizzando (1554/2003): christos-tzolis-2025-limited-753
[my-cards-profit]   ❌ No profit: acquistato 39.00€, market 5.82€ (-85.1%)
[my-cards-profit] Analizzando (1555/2003): gora-diouf-2025-limited-461
[my-cards-profit]   ❌ No profit: acquistato 2.90€, market 0.34€ (-88.4%)
[my-cards-profit] Analizzando (1556/2003): gustaf-nilsson-2025-limited-400
[my-cards-profit]   ➖ Nessun acquisto noto, market 0.34€ (sotto soglia)
[my-cards-profit] Analizzando (1557/2003): cedric-hatenboer-2025-limited-361
[my-cards-profit]   🔨 CRAFT/PREMIO DI VALORE: nessun acquisto noto, market 1.30€ (pack=False)
[my-cards-profit] Analizzando (1558/2003): liam-bossin-2025-limited-225
[my-cards-profit]   🔨 CRAFT/PREMIO DI VALORE: nessun acquisto noto, market 3.00€ (pack=False)
[my-cards-profit] Analizzando (1559/2003): paul-wanner-2025-limited-395
[my-cards-profit]   ❌ No profit: acquistato 3.44€, market 2.30€ (-33.1%)
[my-cards-profit] Analizzando (1560/2003): fredrik-aursnes-2025-limited-581
[my-cards-profit]   ❌ No profit: acquistato 3.88€, market 0.69€ (-82.2%)
[my-cards-profit] Analizzando (1561/2003): jann-fiete-arp-2023-limited-34
[my-cards-profit]   🔁 Ricevuta in scambio, esclusa (nessun costo in euro quantificabile)
[my-cards-profit] Analizzando (1562/2003): frenkie-de-jong-2025-limited-637
[my-cards-profit]   ❌ No profit: acquistato 28.68€, market 2.99€ (-89.6%)
[my-cards-profit] Analizzando (1563/2003): vinicius-jose-paixao-de-oliveira-junior-2024-limited-435
[my-cards-profit]   ❌ No profit: acquistato 24.00€, market 15.50€ (-35.4%)
[my-cards-profit] Analizzando (1564/2003): ignacio-pena-sotorres-2025-limited-607
[my-cards-profit]   ❌ No profit: acquistato 6.15€, market 0.99€ (-83.9%)
[my-cards-profit] Analizzando (1565/2003): hans-vanaken-2025-limited-645
[my-cards-profit]   ❌ No profit: acquistato 43.07€, market 6.10€ (-85.8%)
[my-cards-profit] Analizzando (1566/2003): julian-alvarez-2024-limited-410
[my-cards-profit]   ❌ No profit: acquistato 23.93€, market 9.00€ (-62.4%)
[my-cards-profit] Analizzando (1567/2003): federico-santiago-valverde-dipetta-2022-limited-382
[my-cards-profit]   ❌ No profit: acquistato 13.00€, market 7.00€ (-46.2%)
[my-cards-profit] Analizzando (1568/2003): wojciech-szczesny-2025-limited-561
[my-cards-profit]   ❌ No profit: acquistato 12.00€, market 2.50€ (-79.2%)
[my-cards-profit] Analizzando (1569/2003): luiz-lucio-reis-junior-2025-limited-570
[my-cards-profit]   ❌ No profit: acquistato 9.01€, market 4.39€ (-51.3%)
[my-cards-profit] Analizzando (1570/2003): antonio-sivera-salva-2025-limited-547
[my-cards-profit]   ❌ No profit: acquistato 6.75€, market 3.44€ (-49.0%)
[my-cards-profit] Analizzando (1571/2003): dennis-man-2025-limited-297
[my-cards-profit]   ❌ No profit: acquistato 9.01€, market 1.22€ (-86.5%)
[my-cards-profit] Analizzando (1572/2003): joey-veerman-2025-limited-588
[my-cards-profit]   ❌ No profit: acquistato 38.47€, market 8.10€ (-78.9%)
[my-cards-profit] Analizzando (1573/2003): david-franz-skubl-2025-limited-87
[my-cards-profit]   ❌ No profit: acquistato 0.39€, market 0.34€ (-13.5%)
[my-cards-profit] Analizzando (1574/2003): dogucan-haspolat-2025-limited-530
[my-cards-profit]   ❌ No profit: acquistato 10.78€, market 0.95€ (-91.2%)
[my-cards-profit] Analizzando (1575/2003): redouane-halhal-2025-limited-373
[my-cards-profit]   ❌ No profit: acquistato 3.06€, market 0.50€ (-83.7%)
[my-cards-profit] Analizzando (1576/2003): fredrik-hammar-2025-limited-213
[my-cards-profit]   ❌ No profit: acquistato 6.00€, market 0.90€ (-85.0%)
[my-cards-profit] Analizzando (1577/2003): lucas-torreira-di-pascua-2025-limited-51
[my-cards-profit]   ❌ No profit: acquistato 12.80€, market 0.49€ (-96.2%)
[my-cards-profit] Analizzando (1578/2003): wouter-goes-2025-limited-548
[my-cards-profit]   🔨 CRAFT/PREMIO DI VALORE: nessun acquisto noto, market 2.74€ (pack=False)
[my-cards-profit] Analizzando (1579/2003): kristijan-jakic-2023-limited-156
[my-cards-profit]   ❌ No profit: acquistato 0.75€, market 0.34€ (-55.0%)
[my-cards-profit] Analizzando (1580/2003): christoph-baumgartner-2022-limited-184
[my-cards-profit]   ❌ No profit: acquistato 4.90€, market 0.90€ (-81.6%)
[my-cards-profit] Analizzando (1581/2003): domenico-berardi-2022-limited-152
[my-cards-profit]   ❌ No profit: acquistato 12.25€, market 5.75€ (-53.1%)
[my-cards-profit] Analizzando (1582/2003): yuma-suzuki-2022-limited-119
[my-cards-profit]   ❌ No profit: acquistato 5.00€, market 1.85€ (-63.0%)
[my-cards-profit] Analizzando (1583/2003): mickael-nade-2025-limited-228
[my-cards-profit]   ❌ No profit: acquistato 17.12€, market 0.34€ (-98.0%)
[my-cards-profit] Analizzando (1584/2003): milan-smit-2025-limited-152
[my-cards-profit]   ❌ No profit: acquistato 3.79€, market 0.34€ (-91.1%)
[my-cards-profit] Analizzando (1585/2003): jakob-napoleon-romsaas-2025-limited-353
[my-cards-profit]   🔁 Ricevuta in scambio, esclusa (nessun costo in euro quantificabile)
[my-cards-profit] Analizzando (1586/2003): vitezslav-jaros-2025-limited-529
[my-cards-profit]   ❌ No profit: acquistato 16.44€, market 0.99€ (-94.0%)
[my-cards-profit] Analizzando (1587/2003): angelo-gattermayer-2025-limited-152
[my-cards-profit]   ❌ No profit: acquistato 2.19€, market 0.79€ (-63.9%)
[my-cards-profit] Analizzando (1588/2003): mujaid-sadick-aliu-2025-limited-429
[my-cards-profit]   ❌ No profit: acquistato 3.99€, market 0.34€ (-91.5%)
[my-cards-profit] Analizzando (1589/2003): timon-wellenreuther-2024-limited-661
[my-cards-profit]   🔁 Ricevuta in scambio, esclusa (nessun costo in euro quantificabile)
[my-cards-profit] Analizzando (1590/2003): abdelhak-kadri-2025-limited-443
[my-cards-profit]   ❌ No profit: acquistato 27.87€, market 0.34€ (-98.8%)
[my-cards-profit] Analizzando (1591/2003): haris-hajradinovic-2022-limited-160
[my-cards-profit]   ❌ No profit: acquistato 2.59€, market 0.43€ (-83.4%)
[my-cards-profit] Analizzando (1592/2003): victor-jensen-2025-limited-539
[my-cards-profit]   ➖ Nessun acquisto noto, market 0.46€ (sotto soglia)
[my-cards-profit] Analizzando (1593/2003): ivan-filipovic-2025-limited-305
[my-cards-profit]   🔨 CRAFT/PREMIO DI VALORE: nessun acquisto noto, market 4.00€ (pack=False)
[my-cards-profit] Analizzando (1594/2003): marco-alessandro-sulzner-2025-limited-187
[my-cards-profit]   ➖ Nessun acquisto noto, market 0.48€ (sotto soglia)
[my-cards-profit] Analizzando (1595/2003): adamo-nagalo-2025-limited-312
[my-cards-profit]   ➖ Nessun acquisto noto, market 0.50€ (sotto soglia)
[my-cards-profit] Analizzando (1596/2003): robert-mudrazija-2025-limited-308
[my-cards-profit]   ➖ Nessun acquisto noto, market 0.34€ (sotto soglia)
[my-cards-profit] Analizzando (1597/2003): emmanuel-ofori-agyemang-2025-limited-171
[my-cards-profit]   ➖ Nessun acquisto noto, market 0.34€ (sotto soglia)
[my-cards-profit] Analizzando (1598/2003): mamadou-thierno-barry-2025-limited-341
[my-cards-profit]   ➖ Nessun acquisto noto, market 0.48€ (sotto soglia)
[my-cards-profit] Analizzando (1599/2003): marko-brkljaca-2025-limited-190
[my-cards-profit]   ➖ Nessun acquisto noto, market 0.39€ (sotto soglia)
[my-cards-profit] Analizzando (1600/2003): christos-tzolis-2022-limited-31
[my-cards-profit]   ❌ No profit: acquistato 29.00€, market 5.82€ (-79.9%)
[my-cards-profit] Analizzando (1601/2003): tsuyoshi-watanabe-2025-limited-580
[my-cards-profit]   ❌ No profit: acquistato 26.88€, market 0.66€ (-97.6%)
[my-cards-profit] Analizzando (1602/2003): joris-kramer-2025-limited-362
[my-cards-profit]   ❌ No profit: acquistato 8.59€, market 0.34€ (-96.1%)
[my-cards-profit] Analizzando (1603/2003): martin-delavalee-2025-limited-593
[my-cards-profit]   ❌ No profit: acquistato 7.55€, market 1.00€ (-86.8%)
[my-cards-profit] Analizzando (1604/2003): jari-de-busser-2025-limited-536
[my-cards-profit]   ❌ No profit: acquistato 12.70€, market 7.19€ (-43.4%)
[my-cards-profit] Analizzando (1605/2003): adem-zorgane-2025-limited-619
[my-cards-profit]   ❌ No profit: acquistato 18.47€, market 0.68€ (-96.3%)
[my-cards-profit] Analizzando (1606/2003): jeppe-erenbjerg-2025-limited-545
[my-cards-profit]   ✅ PROFIT: acquistato 3.20€, market 3.74€ (+0.54€, +16.8%)
[my-cards-profit] Analizzando (1607/2003): colin-coosemans-2024-limited-126
[my-cards-profit]   🔁 Ricevuta in scambio, esclusa (nessun costo in euro quantificabile)
[my-cards-profit] Analizzando (1608/2003): ivan-perisic-2022-limited-341
[my-cards-profit]   🔁 Ricevuta in scambio, esclusa (nessun costo in euro quantificabile)
[my-cards-profit] Analizzando (1609/2003): ro-zangelo-daal-2025-limited-332
[my-cards-profit]   🔁 Ricevuta in scambio, esclusa (nessun costo in euro quantificabile)
[my-cards-profit] Analizzando (1610/2003): cheick-keita-2003-04-02-2025-limited-282
[my-cards-profit]   ❌ No profit: acquistato 1.80€, market 0.48€ (-73.4%)
[my-cards-profit] Analizzando (1611/2003): stije-resink-2025-limited-513
[my-cards-profit]   ❌ No profit: acquistato 8.87€, market 1.11€ (-87.5%)
[my-cards-profit] Analizzando (1612/2003): martin-delavalee-2025-limited-567
[my-cards-profit]   ❌ No profit: acquistato 7.45€, market 1.00€ (-86.6%)
[my-cards-profit] Analizzando (1613/2003): franculino-gluda-dju-2025-limited-686
[my-cards-profit]   ❌ No profit: acquistato 10.06€, market 4.10€ (-59.2%)
[my-cards-profit] Analizzando (1614/2003): luciano-valente-2025-limited-488
[my-cards-profit]   ❌ No profit: acquistato 9.14€, market 6.57€ (-28.1%)
[my-cards-profit] Analizzando (1615/2003): aurelien-scheidler-2025-limited-318
[my-cards-profit]   ❌ No profit: acquistato 7.00€, market 0.48€ (-93.1%)
[my-cards-profit] Analizzando (1616/2003): victor-edvardsen-2025-limited-402
[my-cards-profit]   🔁 Ricevuta in scambio, esclusa (nessun costo in euro quantificabile)
[my-cards-profit] Analizzando (1617/2003): denso-kasius-2025-limited-214
[my-cards-profit]   ❌ No profit: acquistato 10.00€, market 0.45€ (-95.5%)
[my-cards-profit] Analizzando (1618/2003): otar-kiteishvili-2025-limited-389
[my-cards-profit]   ❌ No profit: acquistato 9.86€, market 0.81€ (-91.8%)
[my-cards-profit] Analizzando (1619/2003): guus-til-2025-limited-60
[my-cards-profit]   ❌ No profit: acquistato 5.95€, market 1.68€ (-71.8%)
[my-cards-profit] Analizzando (1620/2003): davinson-sanchez-mina-2025-limited-293
[my-cards-profit]   🔨 CRAFT/PREMIO DI VALORE: nessun acquisto noto, market 1.00€ (pack=False)
[my-cards-profit] Analizzando (1621/2003): ko-itakura-2025-limited-283
[my-cards-profit]   ❌ No profit: acquistato 9.50€, market 0.34€ (-96.4%)
[my-cards-profit] Analizzando (1622/2003): raul-alexander-florucz-2025-limited-30
[my-cards-profit]   ❌ No profit: acquistato 8.73€, market 1.55€ (-82.2%)
[my-cards-profit] Analizzando (1623/2003): baris-atik-2025-limited-419
[my-cards-profit]   ❌ No profit: acquistato 11.85€, market 3.70€ (-68.8%)
[my-cards-profit] Analizzando (1624/2003): soren-tengstedt-2025-limited-264
[my-cards-profit]   ➖ Nessun acquisto noto, market 0.38€ (sotto soglia)
[my-cards-profit] Analizzando (1625/2003): gonzalo-alejandro-crettaz-2025-limited-150
[my-cards-profit]   ❌ No profit: acquistato 16.50€, market 6.00€ (-63.6%)
[my-cards-profit] Analizzando (1626/2003): evren-eren-elmali-2025-limited-368
[my-cards-profit]   ❌ No profit: acquistato 10.00€, market 0.34€ (-96.6%)
[my-cards-profit] Analizzando (1627/2003): brandon-mechele-2025-limited-509
[my-cards-profit]   ❌ No profit: acquistato 37.00€, market 4.60€ (-87.6%)
[my-cards-profit] Analizzando (1628/2003): maxime-delanghe-2025-limited-494
[my-cards-profit]   ❌ No profit: acquistato 8.23€, market 0.50€ (-93.9%)
[my-cards-profit] Analizzando (1629/2003): josip-misic-1994-06-28-2025-limited-421
[my-cards-profit]   ❌ No profit: acquistato 14.00€, market 1.50€ (-89.3%)
[my-cards-profit] Analizzando (1630/2003): sven-mijnans-2025-limited-363
[my-cards-profit]   🔨 CRAFT/PREMIO DI VALORE: nessun acquisto noto, market 3.74€ (pack=False)
[my-cards-profit] Analizzando (1631/2003): lars-unnerstall-2025-limited-428
[my-cards-profit]   ❌ No profit: acquistato 12.50€, market 2.00€ (-84.0%)
[my-cards-profit] Analizzando (1632/2003): ilkay-gundogan-2025-limited-239
[my-cards-profit]   ❌ No profit: acquistato 19.77€, market 0.34€ (-98.3%)
[my-cards-profit] Analizzando (1633/2003): romeo-vermant-2025-limited-494
[my-cards-profit]   ❌ No profit: acquistato 10.80€, market 0.93€ (-91.4%)
[my-cards-profit] Analizzando (1634/2003): geny-cipriano-catamo-2025-limited-20
[my-cards-profit]   ❌ No profit: acquistato 6.00€, market 2.42€ (-59.7%)
[my-cards-profit] Analizzando (1635/2003): ricardo-luis-chaby-mangas-2025-limited-132
[my-cards-profit]   ❌ No profit: acquistato 8.50€, market 0.48€ (-94.4%)
[my-cards-profit] Analizzando (1636/2003): justen-glad-2021-limited-250
[my-cards-profit]   ❌ No profit: acquistato 0.35€, market 0.34€ (-3.6%)
[my-cards-profit] Analizzando (1637/2003): bart-van-rooij-2025-limited-192
[my-cards-profit]   ❌ No profit: acquistato 6.00€, market 4.00€ (-33.3%)
[my-cards-profit] Analizzando (1638/2003): leo-sauer-2025-limited-91
[my-cards-profit]   ❌ No profit: acquistato 9.00€, market 0.66€ (-92.7%)
[my-cards-profit] Analizzando (1639/2003): lukas-petkov-2025-limited-37
[my-cards-profit]   🔁 Ricevuta in scambio, esclusa (nessun costo in euro quantificabile)
[my-cards-profit] Analizzando (1640/2003): ross-sykes-2025-limited-203
[my-cards-profit]   🔁 Ricevuta in scambio, esclusa (nessun costo in euro quantificabile)
[my-cards-profit] Analizzando (1641/2003): nordin-jackers-2025-limited-530
[my-cards-profit]   ❌ No profit: acquistato 18.91€, market 1.05€ (-94.4%)
[my-cards-profit] Analizzando (1642/2003): andreas-raedergard-schjelderup-2025-limited-348
[my-cards-profit]   ❌ No profit: acquistato 9.00€, market 6.00€ (-33.3%)
[my-cards-profit] Analizzando (1643/2003): siebe-schrijvers-2025-limited-458
[my-cards-profit]   ❌ No profit: acquistato 10.00€, market 0.34€ (-96.6%)
[my-cards-profit] Analizzando (1644/2003): scott-mckenna-2025-limited-389
[my-cards-profit]   ❌ No profit: acquistato 13.00€, market 1.00€ (-92.3%)
[my-cards-profit] Analizzando (1645/2003): hugo-siquet-2025-limited-161
[my-cards-profit]   ❌ No profit: acquistato 1.48€, market 0.80€ (-45.9%)
[my-cards-profit] Analizzando (1646/2003): kian-fitz-jim-2025-limited-235
[my-cards-profit]   🔁 Ricevuta in scambio, esclusa (nessun costo in euro quantificabile)
[my-cards-profit] Analizzando (1647/2003): luka-menalo-2025-limited-123
[my-cards-profit]   ❌ No profit: acquistato 0.80€, market 0.34€ (-57.8%)
[my-cards-profit] Analizzando (1648/2003): jordan-lotomba-2025-limited-105
[my-cards-profit]   ❌ No profit: acquistato 2.55€, market 0.34€ (-86.8%)
[my-cards-profit] Analizzando (1649/2003): roland-sallai-2025-limited-185
[my-cards-profit]   ❌ No profit: acquistato 8.25€, market 0.41€ (-95.0%)
[my-cards-profit] Analizzando (1650/2003): yannick-thoelen-2025-limited-115
[my-cards-profit]   🔁 Ricevuta in scambio, esclusa (nessun costo in euro quantificabile)
[my-cards-profit] Analizzando (1651/2003): gjivai-zechiel-2025-limited-246
[my-cards-profit]   🔨 CRAFT/PREMIO DI VALORE: nessun acquisto noto, market 9.00€ (pack=False)
[my-cards-profit] Analizzando (1652/2003): anouar-ait-el-hadj-2025-limited-422
[my-cards-profit]   ❌ No profit: acquistato 10.23€, market 0.48€ (-95.3%)
[my-cards-profit] Analizzando (1653/2003): przemyslaw-tyton-2025-limited-121
[my-cards-profit]   ➖ Nessun acquisto noto, market 0.34€ (sotto soglia)
[my-cards-profit] Analizzando (1654/2003): elias-jelert-kristensen-2025-limited-143
[my-cards-profit]   ➖ Nessun acquisto noto, market 0.48€ (sotto soglia)
[my-cards-profit] Analizzando (1655/2003): nicolo-zaniolo-2025-limited-187
[my-cards-profit]   🔨 CRAFT/PREMIO DI VALORE: nessun acquisto noto, market 0.90€ (pack=False)
[my-cards-profit] Analizzando (1656/2003): kaan-ayhan-2025-limited-215
[my-cards-profit]   ➖ Nessun acquisto noto, market 0.34€ (sotto soglia)
[my-cards-profit] Analizzando (1657/2003): ilias-sebaoui-2025-limited-13
[my-cards-profit]   ❌ No profit: acquistato 3.70€, market 0.99€ (-73.2%)
[my-cards-profit] Analizzando (1658/2003): luka-stojkovic-2025-limited-293
[my-cards-profit]   ❌ No profit: acquistato 8.50€, market 5.10€ (-40.0%)
[my-cards-profit] Analizzando (1659/2003): ismail-jakobs-2025-limited-69
[my-cards-profit]   🔁 Ricevuta in scambio, esclusa (nessun costo in euro quantificabile)
[my-cards-profit] Analizzando (1660/2003): miguel-rodriguez-vidal-2025-limited-235
[my-cards-profit]   ❌ No profit: acquistato 9.70€, market 0.34€ (-96.5%)
[my-cards-profit] Analizzando (1661/2003): victor-james-osimhen-2024-limited-118
[my-cards-profit]   ❌ No profit: acquistato 21.29€, market 7.01€ (-67.1%)
[my-cards-profit] Analizzando (1662/2003): andrew-omobamidele-2022-limited-322
[my-cards-profit]   ❌ No profit: acquistato 0.40€, market 0.40€ (+0.0%)
[my-cards-profit] Analizzando (1663/2003): vic-chambaere-2025-limited-58
[my-cards-profit]   🔁 Ricevuta in scambio, esclusa (nessun costo in euro quantificabile)
[my-cards-profit] Analizzando (1664/2003): roman-burki-2025-limited-211
[my-cards-profit]   🔁 Ricevuta in scambio, esclusa (nessun costo in euro quantificabile)
[my-cards-profit] Analizzando (1665/2003): amando-lapage-2025-limited-211
[my-cards-profit]   ➖ Nessun acquisto noto, market 0.49€ (sotto soglia)
[my-cards-profit] Analizzando (1666/2003): kerim-mrabti-2025-limited-131
[my-cards-profit]   ❌ No profit: acquistato 5.20€, market 0.34€ (-93.5%)
[my-cards-profit] Analizzando (1667/2003): griffin-yow-2025-limited-316
[my-cards-profit]   ❌ No profit: acquistato 4.60€, market 0.34€ (-92.7%)
[my-cards-profit] Analizzando (1668/2003): jonas-lossl-2025-limited-123
[my-cards-profit]   ❌ No profit: acquistato 2.50€, market 0.34€ (-86.5%)
[my-cards-profit] Analizzando (1669/2003): fabian-wohlmuth-2025-limited-29
[my-cards-profit]   🔁 Ricevuta in scambio, esclusa (nessun costo in euro quantificabile)
[my-cards-profit] Analizzando (1670/2003): abdulkerim-bardakci-2025-limited-165
[my-cards-profit]   ❌ No profit: acquistato 20.68€, market 0.85€ (-95.9%)
[my-cards-profit] Analizzando (1671/2003): taiga-hata-2025-limited-412
[my-cards-profit]   🔁 Ricevuta in scambio, esclusa (nessun costo in euro quantificabile)
[my-cards-profit] Analizzando (1672/2003): dawid-kownacki-2025-limited-118
[my-cards-profit]   ❌ No profit: acquistato 18.50€, market 0.34€ (-98.2%)
[my-cards-profit] Analizzando (1673/2003): marvin-wanitzek-2024-limited-196
[my-cards-profit]   ❌ No profit: acquistato 23.00€, market 5.00€ (-78.3%)
[my-cards-profit] Analizzando (1674/2003): niko-galesic-2025-limited-131
[my-cards-profit]   ❌ No profit: acquistato 4.79€, market 0.47€ (-90.2%)
[my-cards-profit] Analizzando (1675/2003): mickael-cuisance-2025-limited-131
[my-cards-profit]   ❌ No profit: acquistato 23.84€, market 0.66€ (-97.2%)
[my-cards-profit] Analizzando (1676/2003): anel-husic-2001-03-01-2025-limited-53
[my-cards-profit]   ❌ No profit: acquistato 3.02€, market 0.34€ (-88.8%)
[my-cards-profit] Analizzando (1677/2003): edward-chilufya-2022-limited-163
[my-cards-profit]   ❌ No profit: acquistato 0.91€, market 0.34€ (-62.9%)
[my-cards-profit] Analizzando (1678/2003): romario-manuel-silva-baro-2025-limited-42
[my-cards-profit]   ❌ No profit: acquistato 2.07€, market 0.35€ (-83.3%)
[my-cards-profit] Analizzando (1679/2003): noel-bodetic-2025-limited-10
[my-cards-profit]   ❌ No profit: acquistato 0.90€, market 0.45€ (-50.0%)
[my-cards-profit] Analizzando (1680/2003): david-ayala-2025-limited-283
[my-cards-profit]   🔁 Ricevuta in scambio, esclusa (nessun costo in euro quantificabile)
[my-cards-profit] Analizzando (1681/2003): ronael-pierre-gabriel-2025-limited-99
[my-cards-profit]   ❌ No profit: acquistato 6.88€, market 0.34€ (-95.1%)
[my-cards-profit] Analizzando (1682/2003): donis-avdijaj-2025-limited-77
[my-cards-profit]   ❌ No profit: acquistato 6.56€, market 0.34€ (-94.9%)
[my-cards-profit] Analizzando (1683/2003): toni-fruk-2025-limited-69
[my-cards-profit]   ❌ No profit: acquistato 17.10€, market 1.20€ (-93.0%)
[my-cards-profit] Analizzando (1684/2003): filip-uremovic-2025-limited-70
[my-cards-profit]   ❌ No profit: acquistato 2.63€, market 0.34€ (-87.2%)
[my-cards-profit] Analizzando (1685/2003): nicky-cadden-2025-limited-61
[my-cards-profit]   ❌ No profit: acquistato 2.62€, market 0.34€ (-87.1%)
[my-cards-profit] Analizzando (1686/2003): oliver-sorensen-jensen-2025-limited-70
[my-cards-profit]   ❌ No profit: acquistato 5.88€, market 0.34€ (-94.3%)
[my-cards-profit] Analizzando (1687/2003): nikolas-polster-2025-limited-54
[my-cards-profit]   🔨 CRAFT/PREMIO DI VALORE: nessun acquisto noto, market 3.63€ (pack=False)
[my-cards-profit] Analizzando (1688/2003): matija-frigan-2025-limited-81
[my-cards-profit]   ❌ No profit: acquistato 14.00€, market 0.34€ (-97.6%)
[my-cards-profit] Analizzando (1689/2003): leo-kokubo-2025-limited-98
[my-cards-profit]   🔨 CRAFT/PREMIO DI VALORE: nessun acquisto noto, market 3.29€ (pack=False)
[my-cards-profit] Analizzando (1690/2003): mario-stroeykens-2025-limited-97
[my-cards-profit]   ➖ Nessun acquisto noto, market 0.36€ (sotto soglia)
[my-cards-profit] Analizzando (1691/2003): ortwin-de-wolf-2025-limited-94
[my-cards-profit]   ➖ Nessun acquisto noto, market 0.50€ (sotto soglia)
[my-cards-profit] Analizzando (1692/2003): isa-sakamoto-2025-limited-97
[my-cards-profit]   ➖ Nessun acquisto noto, market 0.44€ (sotto soglia)
[my-cards-profit] Analizzando (1693/2003): zian-flemming-2024-limited-339
[my-cards-profit]   🔁 Ricevuta in scambio, esclusa (nessun costo in euro quantificabile)
[my-cards-profit] Analizzando (1694/2003): mohammed-sofo-2025-limited-199
[my-cards-profit]   ❌ No profit: acquistato 1.60€, market 0.34€ (-78.9%)
[my-cards-profit] Analizzando (1695/2003): ethan-bartlow-2025-limited-6
[my-cards-profit]   ❌ No profit: acquistato 2.22€, market 0.34€ (-84.8%)
[my-cards-profit] Analizzando (1696/2003): cesar-nahuel-araujo-vilches-2024-limited-628
[my-cards-profit]   ❌ No profit: acquistato 0.74€, market 0.34€ (-54.4%)
[my-cards-profit] Analizzando (1697/2003): jacob-bartlett-2025-limited-141
[my-cards-profit]   🔁 Ricevuta in scambio, esclusa (nessun costo in euro quantificabile)
[my-cards-profit] Analizzando (1698/2003): aleksey-miranchuk-2025-limited-452
[my-cards-profit]   ❌ No profit: acquistato 3.20€, market 0.49€ (-84.6%)
[my-cards-profit] Analizzando (1699/2003): moon-hwan-kim-2024-limited-96
[my-cards-profit]   ❌ No profit: acquistato 0.43€, market 0.47€ (+9.3%)
[my-cards-profit] Analizzando (1700/2003): gabriel-osho-2023-limited-400
[my-cards-profit]   🔁 Ricevuta in scambio, esclusa (nessun costo in euro quantificabile)
[my-cards-profit] Analizzando (1701/2003): bum-keun-song-2023-limited-314
[my-cards-profit]   ❌ No profit: acquistato 7.60€, market 3.85€ (-49.3%)
[my-cards-profit] Analizzando (1702/2003): satoki-uejo-2023-limited-56
[my-cards-profit]   🔁 Ricevuta in scambio, esclusa (nessun costo in euro quantificabile)
[my-cards-profit] Analizzando (1703/2003): ryo-germain-2022-limited-33
[my-cards-profit]   ❌ No profit: acquistato 0.63€, market 0.34€ (-46.4%)
[my-cards-profit] Analizzando (1704/2003): taiyo-koga-2025-limited-310
[my-cards-profit]   ❌ No profit: acquistato 2.49€, market 2.63€ (+5.6%)
[my-cards-profit] Analizzando (1705/2003): carlos-emilio-lampe-porras-2021-limited-324
[my-cards-profit]   ❌ No profit: acquistato 0.69€, market 0.70€ (+1.4%)
[my-cards-profit] Analizzando (1706/2003): angel-martin-correa-2022-limited-230
[my-cards-profit]   ✅ PROFIT: acquistato 2.00€, market 2.79€ (+0.79€, +39.7%)
[my-cards-profit] Analizzando (1707/2003): kevin-behrens-2022-limited-387
[my-cards-profit]   ❌ No profit: acquistato 2.18€, market 2.15€ (-1.2%)
[my-cards-profit] Analizzando (1708/2003): thiago-henrique-mendes-ribeiro-2022-limited-241
[my-cards-profit]   ❌ No profit: acquistato 0.50€, market 0.54€ (+7.3%)
[my-cards-profit] Analizzando (1709/2003): franco-ibarra-2023-limited-137
[my-cards-profit]   ❌ No profit: acquistato 1.00€, market 1.25€ (+25.0%)
[my-cards-profit] Analizzando (1710/2003): matheus-caldeira-vidotto-de-oliveira-2024-limited-65
[my-cards-profit]   ❌ No profit: acquistato 2.59€, market 1.97€ (-23.9%)
[my-cards-profit] Analizzando (1711/2003): alexander-nubel-2024-limited-93
[my-cards-profit]   ❌ No profit: acquistato 6.20€, market 6.24€ (+0.7%)
[my-cards-profit] Analizzando (1712/2003): nenad-n-cvetkovic-2025-limited-228
[my-cards-profit]   ❌ No profit: acquistato 0.76€, market 0.96€ (+26.4%)
[my-cards-profit] Analizzando (1713/2003): ridvan-yilmaz-2025-limited-230
[my-cards-profit]   ❌ No profit: acquistato 0.59€, market 0.56€ (-4.7%)
[my-cards-profit] Analizzando (1714/2003): tiago-souza-de-jesus-carvalho-2026-limited-373
[my-cards-profit]   🔨 CRAFT/PREMIO DI VALORE: nessun acquisto noto, market 1.15€ (pack=False)
[my-cards-profit] Analizzando (1715/2003): cheol-woo-park-2026-limited-381
[my-cards-profit]   🔨 CRAFT/PREMIO DI VALORE: nessun acquisto noto, market 1.55€ (pack=False)
[my-cards-profit] Analizzando (1716/2003): davor-matijas-2026-limited-152
[my-cards-profit]   🔨 CRAFT/PREMIO DI VALORE: nessun acquisto noto, market 7.05€ (pack=False)
[my-cards-profit] Analizzando (1717/2003): sergi-dominguez-viloria-2026-limited-121
[my-cards-profit]   🔨 CRAFT/PREMIO DI VALORE: nessun acquisto noto, market 21.03€ (pack=False)
[my-cards-profit] Analizzando (1718/2003): philippe-sandler-2025-limited-514
[my-cards-profit]   ❌ No profit: acquistato 0.40€, market 0.47€ (+17.5%)
[my-cards-profit] Analizzando (1719/2003): luca-nicolas-orellano-2025-limited-392
[my-cards-profit]   ❌ No profit: acquistato 0.58€, market 0.50€ (-13.8%)
[my-cards-profit] Analizzando (1720/2003): peter-ankersen-2025-limited-300
[my-cards-profit]   ❌ No profit: acquistato 0.80€, market 0.90€ (+12.5%)
[my-cards-profit] Analizzando (1721/2003): dawhan-fran-urano-da-purificacao-oliveira-2023-limited-86
[my-cards-profit]   ✅ PROFIT: acquistato 0.95€, market 1.46€ (+0.51€, +53.8%)
[my-cards-profit] Analizzando (1722/2003): timothy-tillman-2026-limited-576
[my-cards-profit]   ❌ No profit: acquistato 1.65€, market 1.31€ (-20.6%)
[my-cards-profit] Analizzando (1723/2003): gonzalo-nicolas-martinez-2024-limited-299
[my-cards-profit]   ❌ No profit: acquistato 0.35€, market 0.35€ (+0.0%)
[my-cards-profit] Analizzando (1724/2003): andreas-hansen-2025-limited-213
[my-cards-profit]   ❌ No profit: acquistato 3.57€, market 3.10€ (-13.2%)
[my-cards-profit] Analizzando (1725/2003): maxime-crepeau-2024-limited-685
[my-cards-profit]   ❌ No profit: acquistato 3.50€, market 2.00€ (-42.9%)
[my-cards-profit] Analizzando (1726/2003): dominik-kotarski-2025-limited-66
[my-cards-profit]   ✅ PROFIT: acquistato 3.80€, market 4.38€ (+0.58€, +15.3%)
[my-cards-profit] Analizzando (1727/2003): lautaro-blanco-2022-limited-382
[my-cards-profit]   ❌ No profit: acquistato 1.00€, market 1.50€ (+50.0%)
[my-cards-profit] Analizzando (1728/2003): lucas-ariel-ocampos-2023-limited-396
[my-cards-profit]   ❌ No profit: acquistato 2.00€, market 1.48€ (-26.1%)
[my-cards-profit] Analizzando (1729/2003): darko-nejasmic-2025-limited-403
[my-cards-profit]   ❌ No profit: acquistato 1.17€, market 1.58€ (+34.9%)
[my-cards-profit] Analizzando (1730/2003): rodrigo-andres-urena-reyes-2023-limited-188
[my-cards-profit]   ❌ No profit: acquistato 0.54€, market 0.50€ (-7.0%)
[my-cards-profit] Analizzando (1731/2003): hugo-cuypers-2024-limited-122
[my-cards-profit]   ❌ No profit: acquistato 1.12€, market 1.33€ (+19.0%)
[my-cards-profit] Analizzando (1732/2003): valdemar-byskov-andreasen-2024-limited-529
[my-cards-profit]   ❌ No profit: acquistato 1.56€, market 1.99€ (+27.6%)
[my-cards-profit] Analizzando (1733/2003): morgan-guilavogui-2025-limited-252
[my-cards-profit]   ❌ No profit: acquistato 0.59€, market 0.54€ (-8.5%)
[my-cards-profit] Analizzando (1734/2003): iru-gyu-park-2024-limited-195
[my-cards-profit]   ❌ No profit: acquistato 0.35€, market 0.50€ (+42.9%)
[my-cards-profit] Analizzando (1735/2003): carlos-joaquim-dos-santos-2025-limited-714
[my-cards-profit]   ✅ PROFIT: acquistato 1.26€, market 1.81€ (+0.55€, +43.5%)
[my-cards-profit] Analizzando (1736/2003): ivan-dario-angulo-cortes-2026-limited-480
[my-cards-profit]   🔨 CRAFT/PREMIO DI VALORE: nessun acquisto noto, market 2.00€ (pack=False)
[my-cards-profit] Analizzando (1737/2003): jun-amano-2026-limited-31
[my-cards-profit]   ❌ No profit: acquistato 0.33€, market 0.40€ (+21.2%)
[my-cards-profit] Analizzando (1738/2003): oussama-idrissi-2021-limited-126
[my-cards-profit]   ❌ No profit: acquistato 2.35€, market 2.44€ (+3.8%)
[my-cards-profit] Analizzando (1739/2003): ismail-yuksek-2025-limited-47
[my-cards-profit]   ❌ No profit: acquistato 0.47€, market 0.40€ (-14.9%)
[my-cards-profit] Analizzando (1740/2003): gonzalo-ruben-piovi-2023-limited-121
[my-cards-profit]   ❌ No profit: acquistato 0.94€, market 0.90€ (-4.3%)
[my-cards-profit] Analizzando (1741/2003): nathan-ake-2024-limited-408
[my-cards-profit]   ✅ PROFIT: acquistato 1.91€, market 2.69€ (+0.78€, +40.7%)
[my-cards-profit] Analizzando (1742/2003): ryan-hollingshead-2025-limited-133
[my-cards-profit]   ❌ No profit: acquistato 0.33€, market 0.34€ (+2.3%)
[my-cards-profit] Analizzando (1743/2003): oliver-larraz-2025-limited-368
[my-cards-profit]   ❌ No profit: acquistato 0.33€, market 0.40€ (+21.2%)
[my-cards-profit] Analizzando (1744/2003): brandon-bye-2021-limited-270
[my-cards-profit]   ❌ No profit: acquistato 0.36€, market 0.40€ (+11.1%)
[my-cards-profit] Analizzando (1745/2003): nestor-fernando-muslera-micol-2025-limited-119
[my-cards-profit]   ❌ No profit: acquistato 1.69€, market 1.17€ (-30.8%)
[my-cards-profit] Analizzando (1746/2003): eduard-andres-atuesta-velasco-2024-limited-82
[my-cards-profit]   ❌ No profit: acquistato 0.49€, market 0.47€ (-4.1%)
[my-cards-profit] Analizzando (1747/2003): danilo-boza-junior-2025-limited-5
[my-cards-profit]   ❌ No profit: acquistato 0.46€, market 0.49€ (+7.2%)
[my-cards-profit] Analizzando (1748/2003): julian-carranza-2023-limited-130
[my-cards-profit]   ❌ No profit: acquistato 0.97€, market 0.59€ (-39.3%)
[my-cards-profit] Analizzando (1749/2003): marco-boras-2025-limited-122
[my-cards-profit]   ❌ No profit: acquistato 0.33€, market 0.41€ (+24.2%)
[my-cards-profit] Analizzando (1750/2003): soo-bin-lee-2026-limited-217
[my-cards-profit]   ⚠️ Prezzo acquisto E prezzo market non trovati
[my-cards-profit] Analizzando (1751/2003): alexander-bono-2026-limited-222
[my-cards-profit]   ➖ Nessun acquisto noto, market 0.49€ (sotto soglia)
[my-cards-profit] Analizzando (1752/2003): hyun-woo-cho-2022-limited-210
[my-cards-profit]   ❌ No profit: acquistato 1.45€, market 1.32€ (-8.9%)
[my-cards-profit] Analizzando (1753/2003): jun-seok-song-2021-limited-64
[my-cards-profit]   ❌ No profit: acquistato 0.54€, market 0.49€ (-8.7%)
[my-cards-profit] Analizzando (1754/2003): you-hyeon-lee-2022-limited-41
[my-cards-profit]   ❌ No profit: acquistato 0.54€, market 0.52€ (-3.7%)
[my-cards-profit] Analizzando (1755/2003): jefferson-fernando-isidio-2023-limited-138
[my-cards-profit]   ❌ No profit: acquistato 0.50€, market 0.93€ (+85.2%)
[my-cards-profit] Analizzando (1756/2003): kyung-won-kwon-2023-limited-104
[my-cards-profit]   ❌ No profit: acquistato 0.40€, market 0.48€ (+20.0%)
[my-cards-profit] Analizzando (1757/2003): jack-mcglynn-2024-limited-359
[2026-08-10 14:58:29] [rate limit] dettaglio risposta 429 -- headers rilevanti: Retry-After='91', corpo: '{"error":"Too many requests, please retry later."}'
[2026-08-10 14:58:29] [rate limit] Retry-After=91s troppo lungo (soglia 15s), probabile ban a tempo fisso -- rinuncio subito senza ritentare
[my-cards-profit]   ⚠️ Prezzo market non trovato
[my-cards-profit] Analizzando (1758/2003): miguel-angel-almiron-rejala-2025-limited-350
[2026-08-10 14:58:29] [rate limit] dettaglio risposta 429 -- headers rilevanti: Retry-After='91', corpo: '{"error":"Too many requests, please retry later."}'
[2026-08-10 14:58:29] [rate limit] Retry-After=91s troppo lungo (soglia 15s), probabile ban a tempo fisso -- rinuncio subito senza ritentare
[my-cards-profit]   ⚠️ Prezzo market non trovato
[my-cards-profit] Analizzando (1759/2003): miki-yamane-2025-limited-43
[2026-08-10 14:58:30] [rate limit] dettaglio risposta 429 -- headers rilevanti: Retry-After='90', corpo: '{"error":"Too many requests, please retry later."}'
[2026-08-10 14:58:30] [rate limit] Retry-After=90s troppo lungo (soglia 15s), probabile ban a tempo fisso -- rinuncio subito senza ritentare
[my-cards-profit]   ⚠️ Prezzo market non trovato
[my-cards-profit] Analizzando (1760/2003): stefan-cleveland-2024-limited-10
[2026-08-10 14:58:30] [rate limit] dettaglio risposta 429 -- headers rilevanti: Retry-After='90', corpo: '{"error":"Too many requests, please retry later."}'
[2026-08-10 14:58:30] [rate limit] Retry-After=90s troppo lungo (soglia 15s), probabile ban a tempo fisso -- rinuncio subito senza ritentare
[my-cards-profit]   ⚠️ Prezzo market non trovato
[my-cards-profit] Analizzando (1761/2003): josh-mulligan-2025-limited-133
[2026-08-10 14:58:31] [rate limit] dettaglio risposta 429 -- headers rilevanti: Retry-After='90', corpo: '{"error":"Too many requests, please retry later."}'
[2026-08-10 14:58:31] [rate limit] Retry-After=90s troppo lungo (soglia 15s), probabile ban a tempo fisso -- rinuncio subito senza ritentare
[my-cards-profit]   ⚠️ Prezzo market non trovato
[my-cards-profit] Analizzando (1762/2003): greg-kiltie-2024-limited-171
[2026-08-10 14:58:31] [rate limit] dettaglio risposta 429 -- headers rilevanti: Retry-After='89', corpo: '{"error":"Too many requests, please retry later."}'
[2026-08-10 14:58:31] [rate limit] Retry-After=89s troppo lungo (soglia 15s), probabile ban a tempo fisso -- rinuncio subito senza ritentare
[my-cards-profit]   ⚠️ Prezzo market non trovato
[my-cards-profit] Analizzando (1763/2003): will-ferry-2025-limited-72
[2026-08-10 14:58:31] [rate limit] dettaglio risposta 429 -- headers rilevanti: Retry-After='89', corpo: '{"error":"Too many requests, please retry later."}'
[2026-08-10 14:58:31] [rate limit] Retry-After=89s troppo lungo (soglia 15s), probabile ban a tempo fisso -- rinuncio subito senza ritentare
[my-cards-profit]   ⚠️ Prezzo market non trovato
[my-cards-profit] Analizzando (1764/2003): liam-henderson-1996-08-23-2025-limited-149
[2026-08-10 14:58:32] [rate limit] dettaglio risposta 429 -- headers rilevanti: Retry-After='89', corpo: '{"error":"Too many requests, please retry later."}'
[2026-08-10 14:58:32] [rate limit] Retry-After=89s troppo lungo (soglia 15s), probabile ban a tempo fisso -- rinuncio subito senza ritentare
[my-cards-profit]   ⚠️ Prezzo market non trovato
[my-cards-profit] Analizzando (1765/2003): tony-yogane-2025-limited-209
[2026-08-10 14:58:32] [rate limit] dettaglio risposta 429 -- headers rilevanti: Retry-After='88', corpo: '{"error":"Too many requests, please retry later."}'
[2026-08-10 14:58:32] [rate limit] Retry-After=88s troppo lungo (soglia 15s), probabile ban a tempo fisso -- rinuncio subito senza ritentare
[my-cards-profit]   ⚠️ Prezzo market non trovato
[my-cards-profit] Analizzando (1766/2003): juan-fernandez-blanco-2026-limited-248
[2026-08-10 14:58:32] [rate limit] dettaglio risposta 429 -- headers rilevanti: Retry-After='88', corpo: '{"error":"Too many requests, please retry later."}'
[2026-08-10 14:58:32] [rate limit] Retry-After=88s troppo lungo (soglia 15s), probabile ban a tempo fisso -- rinuncio subito senza ritentare
[my-cards-profit]   ⚠️ Prezzo market non trovato
[my-cards-profit] Analizzando (1767/2003): kim-gun-hee-2026-limited-391
[2026-08-10 14:58:33] [rate limit] dettaglio risposta 429 -- headers rilevanti: Retry-After='87', corpo: '{"error":"Too many requests, please retry later."}'
[2026-08-10 14:58:33] [rate limit] Retry-After=87s troppo lungo (soglia 15s), probabile ban a tempo fisso -- rinuncio subito senza ritentare
[my-cards-profit]   ⚠️ Prezzo market non trovato
[my-cards-profit] Analizzando (1768/2003): bum-keun-song-2021-limited-103
[2026-08-10 14:58:33] [rate limit] dettaglio risposta 429 -- headers rilevanti: Retry-After='87', corpo: '{"error":"Too many requests, please retry later."}'
[2026-08-10 14:58:33] [rate limit] Retry-After=87s troppo lungo (soglia 15s), probabile ban a tempo fisso -- rinuncio subito senza ritentare
[my-cards-profit]   ⚠️ Prezzo market non trovato
[my-cards-profit] Analizzando (1769/2003): rafael-rogerio-da-silva-2025-limited-473
[2026-08-10 14:58:33] [rate limit] dettaglio risposta 429 -- headers rilevanti: Retry-After='87', corpo: '{"error":"Too many requests, please retry later."}'
[2026-08-10 14:58:33] [rate limit] Retry-After=87s troppo lungo (soglia 15s), probabile ban a tempo fisso -- rinuncio subito senza ritentare
[my-cards-profit]   ⚠️ Prezzo market non trovato
[my-cards-profit] Analizzando (1770/2003): juan-antonio-ros-martinez-2026-limited-373
[2026-08-10 14:58:34] [rate limit] dettaglio risposta 429 -- headers rilevanti: Retry-After='86', corpo: '{"error":"Too many requests, please retry later."}'
[2026-08-10 14:58:34] [rate limit] Retry-After=86s troppo lungo (soglia 15s), probabile ban a tempo fisso -- rinuncio subito senza ritentare
[my-cards-profit]   ⚠️ Prezzo market non trovato
[my-cards-profit] Analizzando (1771/2003): jin-su-seo-2026-limited-241
[2026-08-10 14:58:34] [rate limit] dettaglio risposta 429 -- headers rilevanti: Retry-After='86', corpo: '{"error":"Too many requests, please retry later."}'
[2026-08-10 14:58:34] [rate limit] Retry-After=86s troppo lungo (soglia 15s), probabile ban a tempo fisso -- rinuncio subito senza ritentare
[my-cards-profit]   ⚠️ Prezzo market non trovato
[my-cards-profit] Analizzando (1772/2003): anthony-markanich-2026-limited-393
[2026-08-10 14:58:34] [rate limit] dettaglio risposta 429 -- headers rilevanti: Retry-After='86', corpo: '{"error":"Too many requests, please retry later."}'
[2026-08-10 14:58:34] [rate limit] Retry-After=86s troppo lungo (soglia 15s), probabile ban a tempo fisso -- rinuncio subito senza ritentare
[my-cards-profit]   ⚠️ Prezzo market non trovato
[my-cards-profit] Analizzando (1773/2003): daniel-munie-2026-limited-502
[2026-08-10 14:58:35] [rate limit] dettaglio risposta 429 -- headers rilevanti: Retry-After='85', corpo: '{"error":"Too many requests, please retry later."}'
[2026-08-10 14:58:35] [rate limit] Retry-After=85s troppo lungo (soglia 15s), probabile ban a tempo fisso -- rinuncio subito senza ritentare
[my-cards-profit]   ⚠️ Prezzo market non trovato
[my-cards-profit] Analizzando (1774/2003): daniel-de-sousa-brito-2026-limited-181
[2026-08-10 14:58:35] [rate limit] dettaglio risposta 429 -- headers rilevanti: Retry-After='85', corpo: '{"error":"Too many requests, please retry later."}'
[2026-08-10 14:58:35] [rate limit] Retry-After=85s troppo lungo (soglia 15s), probabile ban a tempo fisso -- rinuncio subito senza ritentare
[my-cards-profit]   ⚠️ Prezzo market non trovato
[my-cards-profit] Analizzando (1775/2003): heung-min-son-2024-limited-119
[2026-08-10 14:58:35] [rate limit] dettaglio risposta 429 -- headers rilevanti: Retry-After='85', corpo: '{"error":"Too many requests, please retry later."}'
[2026-08-10 14:58:35] [rate limit] Retry-After=85s troppo lungo (soglia 15s), probabile ban a tempo fisso -- rinuncio subito senza ritentare
[my-cards-profit]   ⚠️ Prezzo market non trovato
[my-cards-profit] Analizzando (1776/2003): thomas-guilier-2026-limited-390
[2026-08-10 14:58:36] [rate limit] dettaglio risposta 429 -- headers rilevanti: Retry-After='84', corpo: '{"error":"Too many requests, please retry later."}'
[2026-08-10 14:58:36] [rate limit] Retry-After=84s troppo lungo (soglia 15s), probabile ban a tempo fisso -- rinuncio subito senza ritentare
[my-cards-profit]   ⚠️ Prezzo market non trovato
[my-cards-profit] Analizzando (1777/2003): lucas-halter-2026-limited-351
[2026-08-10 14:58:36] [rate limit] dettaglio risposta 429 -- headers rilevanti: Retry-After='84', corpo: '{"error":"Too many requests, please retry later."}'
[2026-08-10 14:58:36] [rate limit] Retry-After=84s troppo lungo (soglia 15s), probabile ban a tempo fisso -- rinuncio subito senza ritentare
[my-cards-profit]   ⚠️ Prezzo market non trovato
[my-cards-profit] Analizzando (1778/2003): alvaro-fernandez-carreras-2024-limited-627
[2026-08-10 14:58:36] [rate limit] dettaglio risposta 429 -- headers rilevanti: Retry-After='84', corpo: '{"error":"Too many requests, please retry later."}'
[2026-08-10 14:58:36] [rate limit] Retry-After=84s troppo lungo (soglia 15s), probabile ban a tempo fisso -- rinuncio subito senza ritentare
[my-cards-profit]   ⚠️ Prezzo market non trovato
[my-cards-profit] Analizzando (1779/2003): jin-gyu-kim-2026-limited-505
[2026-08-10 14:58:37] [rate limit] dettaglio risposta 429 -- headers rilevanti: Retry-After='83', corpo: '{"error":"Too many requests, please retry later."}'
[2026-08-10 14:58:37] [rate limit] Retry-After=83s troppo lungo (soglia 15s), probabile ban a tempo fisso -- rinuncio subito senza ritentare
[my-cards-profit]   ⚠️ Prezzo market non trovato
[my-cards-profit] Analizzando (1780/2003): bong-soo-kim-2026-limited-412
[2026-08-10 14:58:37] [rate limit] dettaglio risposta 429 -- headers rilevanti: Retry-After='83', corpo: '{"error":"Too many requests, please retry later."}'
[2026-08-10 14:58:37] [rate limit] Retry-After=83s troppo lungo (soglia 15s), probabile ban a tempo fisso -- rinuncio subito senza ritentare
[my-cards-profit]   ⚠️ Prezzo market non trovato
[my-cards-profit] Analizzando (1781/2003): dong-heon-kim-2026-limited-432
[2026-08-10 14:58:38] [rate limit] dettaglio risposta 429 -- headers rilevanti: Retry-After='83', corpo: '{"error":"Too many requests, please retry later."}'
[2026-08-10 14:58:38] [rate limit] Retry-After=83s troppo lungo (soglia 15s), probabile ban a tempo fisso -- rinuncio subito senza ritentare
[my-cards-profit]   ⚠️ Prezzo market non trovato
[my-cards-profit] Analizzando (1782/2003): jack-mcglynn-2026-limited-593
[2026-08-10 14:58:38] [rate limit] dettaglio risposta 429 -- headers rilevanti: Retry-After='82', corpo: '{"error":"Too many requests, please retry later."}'
[2026-08-10 14:58:38] [rate limit] Retry-After=82s troppo lungo (soglia 15s), probabile ban a tempo fisso -- rinuncio subito senza ritentare
[my-cards-profit]   ⚠️ Prezzo market non trovato
[my-cards-profit] Analizzando (1783/2003): tae-hun-an-2026-limited-161
[my-cards-profit]   🔁 Ricevuta in scambio, esclusa (nessun costo in euro quantificabile)
[my-cards-profit] Analizzando (1784/2003): david-vazquez-2026-limited-347
[2026-08-10 14:58:38] [rate limit] dettaglio risposta 429 -- headers rilevanti: Retry-After='82', corpo: '{"error":"Too many requests, please retry later."}'
[2026-08-10 14:58:38] [rate limit] Retry-After=82s troppo lungo (soglia 15s), probabile ban a tempo fisso -- rinuncio subito senza ritentare
[my-cards-profit]   ⚠️ Prezzo market non trovato
[my-cards-profit] Analizzando (1785/2003): mohamed-farsi-2026-limited-271
[2026-08-10 14:58:39] [rate limit] dettaglio risposta 429 -- headers rilevanti: Retry-After='82', corpo: '{"error":"Too many requests, please retry later."}'
[2026-08-10 14:58:39] [rate limit] Retry-After=82s troppo lungo (soglia 15s), probabile ban a tempo fisso -- rinuncio subito senza ritentare
[my-cards-profit]   ⚠️ Prezzo market non trovato
[my-cards-profit] Analizzando (1786/2003): italo-moreira-barcelos-2026-limited-7
[2026-08-10 14:58:39] [rate limit] dettaglio risposta 429 -- headers rilevanti: Retry-After='81', corpo: '{"error":"Too many requests, please retry later."}'
[2026-08-10 14:58:39] [rate limit] Retry-After=81s troppo lungo (soglia 15s), probabile ban a tempo fisso -- rinuncio subito senza ritentare
[my-cards-profit]   ⚠️ Prezzo market non trovato
[my-cards-profit] Analizzando (1787/2003): prince-osei-owusu-2026-limited-178
[2026-08-10 14:58:39] [rate limit] dettaglio risposta 429 -- headers rilevanti: Retry-After='81', corpo: '{"error":"Too many requests, please retry later."}'
[2026-08-10 14:58:39] [rate limit] Retry-After=81s troppo lungo (soglia 15s), probabile ban a tempo fisso -- rinuncio subito senza ritentare
[my-cards-profit]   ⚠️ Prezzo market non trovato
[my-cards-profit] Analizzando (1788/2003): willer-emilio-ditta-perez-2025-limited-76
[2026-08-10 14:58:40] [rate limit] dettaglio risposta 429 -- headers rilevanti: Retry-After='80', corpo: '{"error":"Too many requests, please retry later."}'
[2026-08-10 14:58:40] [rate limit] Retry-After=80s troppo lungo (soglia 15s), probabile ban a tempo fisso -- rinuncio subito senza ritentare
[my-cards-profit]   ⚠️ Prezzo market non trovato
[my-cards-profit] Analizzando (1789/2003): julien-celestine-2026-limited-384
[2026-08-10 14:58:40] [rate limit] dettaglio risposta 429 -- headers rilevanti: Retry-After='80', corpo: '{"error":"Too many requests, please retry later."}'
[2026-08-10 14:58:40] [rate limit] Retry-After=80s troppo lungo (soglia 15s), probabile ban a tempo fisso -- rinuncio subito senza ritentare
[my-cards-profit]   ⚠️ Prezzo market non trovato
[my-cards-profit] Analizzando (1790/2003): kjell-scherpen-2025-limited-943
[2026-08-10 14:58:40] [rate limit] dettaglio risposta 429 -- headers rilevanti: Retry-After='80', corpo: '{"error":"Too many requests, please retry later."}'
[2026-08-10 14:58:40] [rate limit] Retry-After=80s troppo lungo (soglia 15s), probabile ban a tempo fisso -- rinuncio subito senza ritentare
[my-cards-profit]   ⚠️ Prezzo market non trovato
[my-cards-profit] Analizzando (1791/2003): sebastian-berhalter-2025-limited-683
[2026-08-10 14:58:41] [rate limit] dettaglio risposta 429 -- headers rilevanti: Retry-After='79', corpo: '{"error":"Too many requests, please retry later."}'
[2026-08-10 14:58:41] [rate limit] Retry-After=79s troppo lungo (soglia 15s), probabile ban a tempo fisso -- rinuncio subito senza ritentare
[my-cards-profit]   ⚠️ Prezzo market non trovato
[my-cards-profit] Analizzando (1792/2003): nathan-ngoy-2024-limited-322
[2026-08-10 14:58:41] [rate limit] dettaglio risposta 429 -- headers rilevanti: Retry-After='79', corpo: '{"error":"Too many requests, please retry later."}'
[2026-08-10 14:58:41] [rate limit] Retry-After=79s troppo lungo (soglia 15s), probabile ban a tempo fisso -- rinuncio subito senza ritentare
[my-cards-profit]   ⚠️ Prezzo market non trovato
[my-cards-profit] Analizzando (1793/2003): jun-ha-kim-2026-limited-209
[2026-08-10 14:58:41] [rate limit] dettaglio risposta 429 -- headers rilevanti: Retry-After='79', corpo: '{"error":"Too many requests, please retry later."}'
[2026-08-10 14:58:41] [rate limit] Retry-After=79s troppo lungo (soglia 15s), probabile ban a tempo fisso -- rinuncio subito senza ritentare
[my-cards-profit]   ⚠️ Prezzo market non trovato
[my-cards-profit] Analizzando (1794/2003): lautaro-di-lollo-2025-limited-480
[2026-08-10 14:58:42] [rate limit] dettaglio risposta 429 -- headers rilevanti: Retry-After='78', corpo: '{"error":"Too many requests, please retry later."}'
[2026-08-10 14:58:42] [rate limit] Retry-After=78s troppo lungo (soglia 15s), probabile ban a tempo fisso -- rinuncio subito senza ritentare
[my-cards-profit]   ⚠️ Prezzo market non trovato
[my-cards-profit] Analizzando (1795/2003): seung-hyun-jung-2026-limited-267
[2026-08-10 14:58:42] [rate limit] dettaglio risposta 429 -- headers rilevanti: Retry-After='78', corpo: '{"error":"Too many requests, please retry later."}'
[2026-08-10 14:58:42] [rate limit] Retry-After=78s troppo lungo (soglia 15s), probabile ban a tempo fisso -- rinuncio subito senza ritentare
[my-cards-profit]   ⚠️ Prezzo market non trovato
[my-cards-profit] Analizzando (1796/2003): novak-micovic-2026-limited-415
[2026-08-10 14:58:42] [rate limit] dettaglio risposta 429 -- headers rilevanti: Retry-After='78', corpo: '{"error":"Too many requests, please retry later."}'
[2026-08-10 14:58:42] [rate limit] Retry-After=78s troppo lungo (soglia 15s), probabile ban a tempo fisso -- rinuncio subito senza ritentare
[my-cards-profit]   ⚠️ Prezzo market non trovato
[my-cards-profit] Analizzando (1797/2003): hugo-lloris-2024-limited-666
[2026-08-10 14:58:43] [rate limit] dettaglio risposta 429 -- headers rilevanti: Retry-After='77', corpo: '{"error":"Too many requests, please retry later."}'
[2026-08-10 14:58:43] [rate limit] Retry-After=77s troppo lungo (soglia 15s), probabile ban a tempo fisso -- rinuncio subito senza ritentare
[my-cards-profit]   ⚠️ Prezzo market non trovato
[my-cards-profit] Analizzando (1798/2003): raul-gustavo-pereira-bicalho-2026-limited-222
[2026-08-10 14:58:43] [rate limit] dettaglio risposta 429 -- headers rilevanti: Retry-After='77', corpo: '{"error":"Too many requests, please retry later."}'
[2026-08-10 14:58:43] [rate limit] Retry-After=77s troppo lungo (soglia 15s), probabile ban a tempo fisso -- rinuncio subito senza ritentare
[my-cards-profit]   ⚠️ Prezzo market non trovato
[my-cards-profit] Analizzando (1799/2003): cabral-jones-carter-2026-limited-76
[2026-08-10 14:58:43] [rate limit] dettaglio risposta 429 -- headers rilevanti: Retry-After='77', corpo: '{"error":"Too many requests, please retry later."}'
[2026-08-10 14:58:43] [rate limit] Retry-After=77s troppo lungo (soglia 15s), probabile ban a tempo fisso -- rinuncio subito senza ritentare
[my-cards-profit]   ⚠️ Prezzo market non trovato
[my-cards-profit] Analizzando (1800/2003): mikayil-ngor-faye-2024-limited-295
[2026-08-10 14:58:44] [rate limit] dettaglio risposta 429 -- headers rilevanti: Retry-After='76', corpo: '{"error":"Too many requests, please retry later."}'
[2026-08-10 14:58:44] [rate limit] Retry-After=76s troppo lungo (soglia 15s), probabile ban a tempo fisso -- rinuncio subito senza ritentare
[my-cards-profit]   ⚠️ Prezzo market non trovato
[my-cards-profit] Analizzando (1801/2003): iliman-ndiaye-2024-limited-470
[2026-08-10 14:58:44] [rate limit] dettaglio risposta 429 -- headers rilevanti: Retry-After='76', corpo: '{"error":"Too many requests, please retry later."}'
[2026-08-10 14:58:44] [rate limit] Retry-After=76s troppo lungo (soglia 15s), probabile ban a tempo fisso -- rinuncio subito senza ritentare
[my-cards-profit]   ⚠️ Prezzo market non trovato
[my-cards-profit] Analizzando (1802/2003): joao-victor-gomes-da-silva-2025-limited-482
[2026-08-10 14:58:45] [rate limit] dettaglio risposta 429 -- headers rilevanti: Retry-After='76', corpo: '{"error":"Too many requests, please retry later."}'
[2026-08-10 14:58:45] [rate limit] Retry-After=76s troppo lungo (soglia 15s), probabile ban a tempo fisso -- rinuncio subito senza ritentare
[my-cards-profit]   ⚠️ Prezzo acquisto E prezzo market non trovati
[my-cards-profit] Analizzando (1803/2003): owen-wolff-2025-limited-416
[2026-08-10 14:58:45] [rate limit] dettaglio risposta 429 -- headers rilevanti: Retry-After='75', corpo: '{"error":"Too many requests, please retry later."}'
[2026-08-10 14:58:45] [rate limit] Retry-After=75s troppo lungo (soglia 15s), probabile ban a tempo fisso -- rinuncio subito senza ritentare
[my-cards-profit]   ⚠️ Prezzo acquisto E prezzo market non trovati
[my-cards-profit] Analizzando (1804/2003): rafael-navarro-leal-2025-limited-641
[2026-08-10 14:58:45] [rate limit] dettaglio risposta 429 -- headers rilevanti: Retry-After='75', corpo: '{"error":"Too many requests, please retry later."}'
[2026-08-10 14:58:45] [rate limit] Retry-After=75s troppo lungo (soglia 15s), probabile ban a tempo fisso -- rinuncio subito senza ritentare
[my-cards-profit]   ⚠️ Prezzo acquisto E prezzo market non trovati
[my-cards-profit] Analizzando (1805/2003): jesper-karlstrom-2024-limited-57
[my-cards-profit]   🔁 Ricevuta in scambio, esclusa (nessun costo in euro quantificabile)
[my-cards-profit] Analizzando (1806/2003): jurgen-ekkelenkamp-2024-limited-353
[my-cards-profit]   🔁 Ricevuta in scambio, esclusa (nessun costo in euro quantificabile)
[my-cards-profit] Analizzando (1807/2003): park-jang-han-gyeol-2026-limited-75
[2026-08-10 14:58:46] [rate limit] dettaglio risposta 429 -- headers rilevanti: Retry-After='75', corpo: '{"error":"Too many requests, please retry later."}'
[2026-08-10 14:58:46] [rate limit] Retry-After=75s troppo lungo (soglia 15s), probabile ban a tempo fisso -- rinuncio subito senza ritentare
[my-cards-profit]   ⚠️ Prezzo market non trovato
[my-cards-profit] Analizzando (1808/2003): keegan-rosenberry-2026-limited-90
[2026-08-10 14:58:46] [rate limit] dettaglio risposta 429 -- headers rilevanti: Retry-After='74', corpo: '{"error":"Too many requests, please retry later."}'
[2026-08-10 14:58:46] [rate limit] Retry-After=74s troppo lungo (soglia 15s), probabile ban a tempo fisso -- rinuncio subito senza ritentare
[my-cards-profit]   ⚠️ Prezzo market non trovato
[my-cards-profit] Analizzando (1809/2003): marcelo-andres-herrera-mansilla-2026-limited-65
[2026-08-10 14:58:46] [rate limit] dettaglio risposta 429 -- headers rilevanti: Retry-After='74', corpo: '{"error":"Too many requests, please retry later."}'
[2026-08-10 14:58:46] [rate limit] Retry-After=74s troppo lungo (soglia 15s), probabile ban a tempo fisso -- rinuncio subito senza ritentare
[my-cards-profit]   ⚠️ Prezzo market non trovato
[my-cards-profit] Analizzando (1810/2003): thijs-oosting-2025-limited-452
[my-cards-profit]   🔁 Ricevuta in scambio, esclusa (nessun costo in euro quantificabile)
[my-cards-profit] Analizzando (1811/2003): hugo-duro-perales-2025-limited-211
[my-cards-profit]   🔁 Ricevuta in scambio, esclusa (nessun costo in euro quantificabile)
[my-cards-profit] Analizzando (1812/2003): leonardo-filipe-cruz-lelo-2025-limited-75
[my-cards-profit]   🔁 Ricevuta in scambio, esclusa (nessun costo in euro quantificabile)
[my-cards-profit] Analizzando (1813/2003): gustaf-lagerbielke-2025-limited-159
[my-cards-profit]   🔁 Ricevuta in scambio, esclusa (nessun costo in euro quantificabile)
[my-cards-profit] Analizzando (1814/2003): nico-o-reilly-2024-limited-506
[2026-08-10 14:58:47] [rate limit] dettaglio risposta 429 -- headers rilevanti: Retry-After='73', corpo: '{"error":"Too many requests, please retry later."}'
[2026-08-10 14:58:47] [rate limit] Retry-After=73s troppo lungo (soglia 15s), probabile ban a tempo fisso -- rinuncio subito senza ritentare
[my-cards-profit]   ⚠️ Prezzo acquisto E prezzo market non trovati
[my-cards-profit] Analizzando (1815/2003): alexandre-zurawski-2025-limited-458
[my-cards-profit]   🔁 Ricevuta in scambio, esclusa (nessun costo in euro quantificabile)
[my-cards-profit] Analizzando (1816/2003): benjamin-goschl-2025-limited-206
[2026-08-10 14:58:47] [rate limit] dettaglio risposta 429 -- headers rilevanti: Retry-After='73', corpo: '{"error":"Too many requests, please retry later."}'
[2026-08-10 14:58:47] [rate limit] Retry-After=73s troppo lungo (soglia 15s), probabile ban a tempo fisso -- rinuncio subito senza ritentare
[my-cards-profit]   ⚠️ Prezzo market non trovato
[my-cards-profit] Analizzando (1817/2003): tiemen-de-bel-2025-limited-214
[2026-08-10 14:58:47] [rate limit] dettaglio risposta 429 -- headers rilevanti: Retry-After='73', corpo: '{"error":"Too many requests, please retry later."}'
[2026-08-10 14:58:47] [rate limit] Retry-After=73s troppo lungo (soglia 15s), probabile ban a tempo fisso -- rinuncio subito senza ritentare
[my-cards-profit]   ⚠️ Prezzo market non trovato
[my-cards-profit] Analizzando (1818/2003): matteo-godfroid-2025-limited-285
[2026-08-10 14:58:48] [rate limit] dettaglio risposta 429 -- headers rilevanti: Retry-After='72', corpo: '{"error":"Too many requests, please retry later."}'
[2026-08-10 14:58:48] [rate limit] Retry-After=72s troppo lungo (soglia 15s), probabile ban a tempo fisso -- rinuncio subito senza ritentare
[my-cards-profit]   ⚠️ Prezzo market non trovato
[my-cards-profit] Analizzando (1819/2003): fabian-heck-2025-limited-104
[2026-08-10 14:58:48] [rate limit] dettaglio risposta 429 -- headers rilevanti: Retry-After='72', corpo: '{"error":"Too many requests, please retry later."}'
[2026-08-10 14:58:48] [rate limit] Retry-After=72s troppo lungo (soglia 15s), probabile ban a tempo fisso -- rinuncio subito senza ritentare
[my-cards-profit]   ⚠️ Prezzo market non trovato
[my-cards-profit] Analizzando (1820/2003): harald-postl-2025-limited-193
[2026-08-10 14:58:48] [rate limit] dettaglio risposta 429 -- headers rilevanti: Retry-After='72', corpo: '{"error":"Too many requests, please retry later."}'
[2026-08-10 14:58:48] [rate limit] Retry-After=72s troppo lungo (soglia 15s), probabile ban a tempo fisso -- rinuncio subito senza ritentare
[my-cards-profit]   ⚠️ Prezzo market non trovato
[my-cards-profit] Analizzando (1821/2003): lukas-johannes-blondal-petersson-2025-limited-359
[2026-08-10 14:58:49] [rate limit] dettaglio risposta 429 -- headers rilevanti: Retry-After='71', corpo: '{"error":"Too many requests, please retry later."}'
[2026-08-10 14:58:49] [rate limit] Retry-After=71s troppo lungo (soglia 15s), probabile ban a tempo fisso -- rinuncio subito senza ritentare
[my-cards-profit]   ⚠️ Prezzo market non trovato
[my-cards-profit] Analizzando (1822/2003): min-gyu-jang-2026-limited-193
[2026-08-10 14:58:49] [rate limit] dettaglio risposta 429 -- headers rilevanti: Retry-After='71', corpo: '{"error":"Too many requests, please retry later."}'
[2026-08-10 14:58:49] [rate limit] Retry-After=71s troppo lungo (soglia 15s), probabile ban a tempo fisso -- rinuncio subito senza ritentare
[my-cards-profit]   ⚠️ Prezzo acquisto E prezzo market non trovati
[my-cards-profit] Analizzando (1823/2003): ho-young-park-2026-limited-190
[2026-08-10 14:58:49] [rate limit] dettaglio risposta 429 -- headers rilevanti: Retry-After='71', corpo: '{"error":"Too many requests, please retry later."}'
[2026-08-10 14:58:49] [rate limit] Retry-After=71s troppo lungo (soglia 15s), probabile ban a tempo fisso -- rinuncio subito senza ritentare
[my-cards-profit]   ⚠️ Prezzo acquisto E prezzo market non trovati
[my-cards-profit] Analizzando (1824/2003): jayden-reid-2001-08-29-2026-limited-201
[2026-08-10 14:58:50] [rate limit] dettaglio risposta 429 -- headers rilevanti: Retry-After='70', corpo: '{"error":"Too many requests, please retry later."}'
[2026-08-10 14:58:50] [rate limit] Retry-After=70s troppo lungo (soglia 15s), probabile ban a tempo fisso -- rinuncio subito senza ritentare
[my-cards-profit]   ⚠️ Prezzo acquisto E prezzo market non trovati
[my-cards-profit] Analizzando (1825/2003): patryk-klimala-2026-limited-411
[2026-08-10 14:58:50] [rate limit] dettaglio risposta 429 -- headers rilevanti: Retry-After='70', corpo: '{"error":"Too many requests, please retry later."}'
[2026-08-10 14:58:50] [rate limit] Retry-After=70s troppo lungo (soglia 15s), probabile ban a tempo fisso -- rinuncio subito senza ritentare
[my-cards-profit]   ⚠️ Prezzo acquisto E prezzo market non trovati
[my-cards-profit] Analizzando (1826/2003): bryan-soumare-2025-limited-50
[2026-08-10 14:58:50] [rate limit] dettaglio risposta 429 -- headers rilevanti: Retry-After='70', corpo: '{"error":"Too many requests, please retry later."}'
[2026-08-10 14:58:50] [rate limit] Retry-After=70s troppo lungo (soglia 15s), probabile ban a tempo fisso -- rinuncio subito senza ritentare
[my-cards-profit]   ⚠️ Prezzo acquisto E prezzo market non trovati
[my-cards-profit] Analizzando (1827/2003): young-gwon-kim-2026-limited-335
[2026-08-10 14:58:51] [rate limit] dettaglio risposta 429 -- headers rilevanti: Retry-After='69', corpo: '{"error":"Too many requests, please retry later."}'
[2026-08-10 14:58:51] [rate limit] Retry-After=69s troppo lungo (soglia 15s), probabile ban a tempo fisso -- rinuncio subito senza ritentare
[my-cards-profit]   ⚠️ Prezzo acquisto E prezzo market non trovati
[my-cards-profit] Analizzando (1828/2003): thiago-santos-santana-2026-limited-306
[2026-08-10 14:58:51] [rate limit] dettaglio risposta 429 -- headers rilevanti: Retry-After='69', corpo: '{"error":"Too many requests, please retry later."}'
[2026-08-10 14:58:51] [rate limit] Retry-After=69s troppo lungo (soglia 15s), probabile ban a tempo fisso -- rinuncio subito senza ritentare
[my-cards-profit]   ⚠️ Prezzo acquisto E prezzo market non trovati
[my-cards-profit] Analizzando (1829/2003): adria-giner-pedrosa-2025-limited-609
[2026-08-10 14:58:52] [rate limit] dettaglio risposta 429 -- headers rilevanti: Retry-After='69', corpo: '{"error":"Too many requests, please retry later."}'
[2026-08-10 14:58:52] [rate limit] Retry-After=69s troppo lungo (soglia 15s), probabile ban a tempo fisso -- rinuncio subito senza ritentare
[my-cards-profit]   ⚠️ Prezzo acquisto E prezzo market non trovati
[my-cards-profit] Analizzando (1830/2003): wesley-gassova-ribeiro-teixeira-2025-limited-238
[2026-08-10 14:58:52] [rate limit] dettaglio risposta 429 -- headers rilevanti: Retry-After='68', corpo: '{"error":"Too many requests, please retry later."}'
[2026-08-10 14:58:52] [rate limit] Retry-After=68s troppo lungo (soglia 15s), probabile ban a tempo fisso -- rinuncio subito senza ritentare
[my-cards-profit]   ⚠️ Prezzo acquisto E prezzo market non trovati
[my-cards-profit] Analizzando (1831/2003): medin-gashi-2025-limited-301
[2026-08-10 14:58:52] [rate limit] dettaglio risposta 429 -- headers rilevanti: Retry-After='68', corpo: '{"error":"Too many requests, please retry later."}'
[2026-08-10 14:58:52] [rate limit] Retry-After=68s troppo lungo (soglia 15s), probabile ban a tempo fisso -- rinuncio subito senza ritentare
[my-cards-profit]   ⚠️ Prezzo acquisto E prezzo market non trovati
[my-cards-profit] Analizzando (1832/2003): pascal-gross-2025-limited-881
[2026-08-10 14:58:53] [rate limit] dettaglio risposta 429 -- headers rilevanti: Retry-After='67', corpo: '{"error":"Too many requests, please retry later."}'
[2026-08-10 14:58:53] [rate limit] Retry-After=67s troppo lungo (soglia 15s), probabile ban a tempo fisso -- rinuncio subito senza ritentare
[my-cards-profit]   ⚠️ Prezzo acquisto E prezzo market non trovati
[my-cards-profit] Analizzando (1833/2003): rick-meissen-2025-limited-514
[2026-08-10 14:58:53] [rate limit] dettaglio risposta 429 -- headers rilevanti: Retry-After='67', corpo: '{"error":"Too many requests, please retry later."}'
[2026-08-10 14:58:53] [rate limit] Retry-After=67s troppo lungo (soglia 15s), probabile ban a tempo fisso -- rinuncio subito senza ritentare
[my-cards-profit]   ⚠️ Prezzo acquisto E prezzo market non trovati
[my-cards-profit] Analizzando (1834/2003): enrique-marlon-aguilar-2025-limited-387
[2026-08-10 14:58:53] [rate limit] dettaglio risposta 429 -- headers rilevanti: Retry-After='67', corpo: '{"error":"Too many requests, please retry later."}'
[2026-08-10 14:58:53] [rate limit] Retry-After=67s troppo lungo (soglia 15s), probabile ban a tempo fisso -- rinuncio subito senza ritentare
[my-cards-profit]   ⚠️ Prezzo acquisto E prezzo market non trovati
[my-cards-profit] Analizzando (1835/2003): arno-verschueren-2025-limited-482
[2026-08-10 14:58:54] [rate limit] dettaglio risposta 429 -- headers rilevanti: Retry-After='66', corpo: '{"error":"Too many requests, please retry later."}'
[2026-08-10 14:58:54] [rate limit] Retry-After=66s troppo lungo (soglia 15s), probabile ban a tempo fisso -- rinuncio subito senza ritentare
[my-cards-profit]   ⚠️ Prezzo acquisto E prezzo market non trovati
[my-cards-profit] Analizzando (1836/2003): gabriel-martinez-aguilera-2025-limited-626
[2026-08-10 14:58:54] [rate limit] dettaglio risposta 429 -- headers rilevanti: Retry-After='66', corpo: '{"error":"Too many requests, please retry later."}'
[2026-08-10 14:58:54] [rate limit] Retry-After=66s troppo lungo (soglia 15s), probabile ban a tempo fisso -- rinuncio subito senza ritentare
[my-cards-profit]   ⚠️ Prezzo acquisto E prezzo market non trovati
[my-cards-profit] Analizzando (1837/2003): min-kyu-kim-1998-04-01-2026-limited-188
[2026-08-10 14:58:54] [rate limit] dettaglio risposta 429 -- headers rilevanti: Retry-After='66', corpo: '{"error":"Too many requests, please retry later."}'
[2026-08-10 14:58:54] [rate limit] Retry-After=66s troppo lungo (soglia 15s), probabile ban a tempo fisso -- rinuncio subito senza ritentare
[my-cards-profit]   ⚠️ Prezzo acquisto E prezzo market non trovati
[my-cards-profit] Analizzando (1838/2003): dylan-vente-2025-limited-772
[2026-08-10 14:58:55] [rate limit] dettaglio risposta 429 -- headers rilevanti: Retry-After='65', corpo: '{"error":"Too many requests, please retry later."}'
[2026-08-10 14:58:55] [rate limit] Retry-After=65s troppo lungo (soglia 15s), probabile ban a tempo fisso -- rinuncio subito senza ritentare
[my-cards-profit]   ⚠️ Prezzo acquisto E prezzo market non trovati
[my-cards-profit] Analizzando (1839/2003): dion-malone-2025-limited-229
[2026-08-10 14:58:55] [rate limit] dettaglio risposta 429 -- headers rilevanti: Retry-After='65', corpo: '{"error":"Too many requests, please retry later."}'
[2026-08-10 14:58:55] [rate limit] Retry-After=65s troppo lungo (soglia 15s), probabile ban a tempo fisso -- rinuncio subito senza ritentare
[my-cards-profit]   ⚠️ Prezzo acquisto E prezzo market non trovati
[my-cards-profit] Analizzando (1840/2003): chan-ouk-lee-2026-limited-172
[2026-08-10 14:58:55] [rate limit] dettaglio risposta 429 -- headers rilevanti: Retry-After='65', corpo: '{"error":"Too many requests, please retry later."}'
[2026-08-10 14:58:55] [rate limit] Retry-After=65s troppo lungo (soglia 15s), probabile ban a tempo fisso -- rinuncio subito senza ritentare
[my-cards-profit]   ⚠️ Prezzo acquisto E prezzo market non trovati
[my-cards-profit] Analizzando (1841/2003): dylan-chambost-2026-limited-434
[2026-08-10 14:58:56] [rate limit] dettaglio risposta 429 -- headers rilevanti: Retry-After='64', corpo: '{"error":"Too many requests, please retry later."}'
[2026-08-10 14:58:56] [rate limit] Retry-After=64s troppo lungo (soglia 15s), probabile ban a tempo fisso -- rinuncio subito senza ritentare
[my-cards-profit]   ⚠️ Prezzo acquisto E prezzo market non trovati
[my-cards-profit] Analizzando (1842/2003): max-jimmy-dean-2025-limited-586
[2026-08-10 14:58:56] [rate limit] dettaglio risposta 429 -- headers rilevanti: Retry-After='64', corpo: '{"error":"Too many requests, please retry later."}'
[2026-08-10 14:58:56] [rate limit] Retry-After=64s troppo lungo (soglia 15s), probabile ban a tempo fisso -- rinuncio subito senza ritentare
[my-cards-profit]   ⚠️ Prezzo acquisto E prezzo market non trovati
[my-cards-profit] Analizzando (1843/2003): yun-gu-kang-2026-limited-182
[2026-08-10 14:58:56] [rate limit] dettaglio risposta 429 -- headers rilevanti: Retry-After='64', corpo: '{"error":"Too many requests, please retry later."}'
[2026-08-10 14:58:56] [rate limit] Retry-After=64s troppo lungo (soglia 15s), probabile ban a tempo fisso -- rinuncio subito senza ritentare
[my-cards-profit]   ⚠️ Prezzo acquisto E prezzo market non trovati
[my-cards-profit] Analizzando (1844/2003): tai-abed-2025-limited-118
[2026-08-10 14:58:57] [rate limit] dettaglio risposta 429 -- headers rilevanti: Retry-After='63', corpo: '{"error":"Too many requests, please retry later."}'
[2026-08-10 14:58:57] [rate limit] Retry-After=63s troppo lungo (soglia 15s), probabile ban a tempo fisso -- rinuncio subito senza ritentare
[my-cards-profit]   ⚠️ Prezzo acquisto E prezzo market non trovati
[my-cards-profit] Analizzando (1845/2003): jose-guilherme-ribeiro-2025-limited-514
[2026-08-10 14:58:57] [rate limit] dettaglio risposta 429 -- headers rilevanti: Retry-After='63', corpo: '{"error":"Too many requests, please retry later."}'
[2026-08-10 14:58:57] [rate limit] Retry-After=63s troppo lungo (soglia 15s), probabile ban a tempo fisso -- rinuncio subito senza ritentare
[my-cards-profit]   ⚠️ Prezzo acquisto E prezzo market non trovati
[my-cards-profit] Analizzando (1846/2003): neville-ogidi-nwankwo-2025-limited-289
[2026-08-10 14:58:57] [rate limit] dettaglio risposta 429 -- headers rilevanti: Retry-After='63', corpo: '{"error":"Too many requests, please retry later."}'
[2026-08-10 14:58:57] [rate limit] Retry-After=63s troppo lungo (soglia 15s), probabile ban a tempo fisso -- rinuncio subito senza ritentare
[my-cards-profit]   ⚠️ Prezzo acquisto E prezzo market non trovati
[my-cards-profit] Analizzando (1847/2003): joel-mvuka-2025-limited-511
[2026-08-10 14:58:58] [rate limit] dettaglio risposta 429 -- headers rilevanti: Retry-After='62', corpo: '{"error":"Too many requests, please retry later."}'
[2026-08-10 14:58:58] [rate limit] Retry-After=62s troppo lungo (soglia 15s), probabile ban a tempo fisso -- rinuncio subito senza ritentare
[my-cards-profit]   ⚠️ Prezzo acquisto E prezzo market non trovati
[my-cards-profit] Analizzando (1848/2003): thomas-hasal-2026-limited-215
[2026-08-10 14:58:58] [rate limit] dettaglio risposta 429 -- headers rilevanti: Retry-After='62', corpo: '{"error":"Too many requests, please retry later."}'
[2026-08-10 14:58:58] [rate limit] Retry-After=62s troppo lungo (soglia 15s), probabile ban a tempo fisso -- rinuncio subito senza ritentare
[my-cards-profit]   ⚠️ Prezzo market non trovato
[my-cards-profit] Analizzando (1849/2003): chang-yong-lee-2026-limited-278
[2026-08-10 14:58:59] [rate limit] dettaglio risposta 429 -- headers rilevanti: Retry-After='62', corpo: '{"error":"Too many requests, please retry later."}'
[2026-08-10 14:58:59] [rate limit] Retry-After=62s troppo lungo (soglia 15s), probabile ban a tempo fisso -- rinuncio subito senza ritentare
[my-cards-profit]   ⚠️ Prezzo acquisto E prezzo market non trovati
[my-cards-profit] Analizzando (1850/2003): maximilian-grosser-2025-limited-534
[2026-08-10 14:58:59] [rate limit] dettaglio risposta 429 -- headers rilevanti: Retry-After='61', corpo: '{"error":"Too many requests, please retry later."}'
[2026-08-10 14:58:59] [rate limit] Retry-After=61s troppo lungo (soglia 15s), probabile ban a tempo fisso -- rinuncio subito senza ritentare
[my-cards-profit]   ⚠️ Prezzo acquisto E prezzo market non trovati
[my-cards-profit] Analizzando (1851/2003): tai-abed-2025-limited-108
[2026-08-10 14:58:59] [rate limit] dettaglio risposta 429 -- headers rilevanti: Retry-After='61', corpo: '{"error":"Too many requests, please retry later."}'
[2026-08-10 14:58:59] [rate limit] Retry-After=61s troppo lungo (soglia 15s), probabile ban a tempo fisso -- rinuncio subito senza ritentare
[my-cards-profit]   ⚠️ Prezzo acquisto E prezzo market non trovati
[my-cards-profit] Analizzando (1852/2003): marcel-heister-2025-limited-306
[2026-08-10 14:59:00] [rate limit] dettaglio risposta 429 -- headers rilevanti: Retry-After='60', corpo: '{"error":"Too many requests, please retry later."}'
[2026-08-10 14:59:00] [rate limit] Retry-After=60s troppo lungo (soglia 15s), probabile ban a tempo fisso -- rinuncio subito senza ritentare
[my-cards-profit]   ⚠️ Prezzo acquisto E prezzo market non trovati
[my-cards-profit] Analizzando (1853/2003): ali-sowe-2023-limited-161
[2026-08-10 14:59:00] [rate limit] dettaglio risposta 429 -- headers rilevanti: Retry-After='60', corpo: '{"error":"Too many requests, please retry later."}'
[2026-08-10 14:59:00] [rate limit] Retry-After=60s troppo lungo (soglia 15s), probabile ban a tempo fisso -- rinuncio subito senza ritentare
[my-cards-profit]   ⚠️ Prezzo market non trovato
[my-cards-profit] Analizzando (1854/2003): damjan-kovacevic-2004-08-28-2025-limited-277
[2026-08-10 14:59:00] [rate limit] dettaglio risposta 429 -- headers rilevanti: Retry-After='60', corpo: '{"error":"Too many requests, please retry later."}'
[2026-08-10 14:59:00] [rate limit] Retry-After=60s troppo lungo (soglia 15s), probabile ban a tempo fisso -- rinuncio subito senza ritentare
[my-cards-profit]   ⚠️ Prezzo acquisto E prezzo market non trovati
[my-cards-profit] Analizzando (1855/2003): aruto-higuchi-2026-limited-211
[2026-08-10 14:59:01] [rate limit] dettaglio risposta 429 -- headers rilevanti: Retry-After='59', corpo: '{"error":"Too many requests, please retry later."}'
[2026-08-10 14:59:01] [rate limit] Retry-After=59s troppo lungo (soglia 15s), probabile ban a tempo fisso -- rinuncio subito senza ritentare
[my-cards-profit]   ⚠️ Prezzo acquisto E prezzo market non trovati
[my-cards-profit] Analizzando (1856/2003): aaron-herrera-2026-limited-195
[2026-08-10 14:59:01] [rate limit] dettaglio risposta 429 -- headers rilevanti: Retry-After='59', corpo: '{"error":"Too many requests, please retry later."}'
[2026-08-10 14:59:01] [rate limit] Retry-After=59s troppo lungo (soglia 15s), probabile ban a tempo fisso -- rinuncio subito senza ritentare
[my-cards-profit]   ⚠️ Prezzo acquisto E prezzo market non trovati
[my-cards-profit] Analizzando (1857/2003): strahinja-tanasijevic-2026-limited-185
[2026-08-10 14:59:01] [rate limit] dettaglio risposta 429 -- headers rilevanti: Retry-After='59', corpo: '{"error":"Too many requests, please retry later."}'
[2026-08-10 14:59:01] [rate limit] Retry-After=59s troppo lungo (soglia 15s), probabile ban a tempo fisso -- rinuncio subito senza ritentare
[my-cards-profit]   ⚠️ Prezzo acquisto E prezzo market non trovati
[my-cards-profit] Analizzando (1858/2003): rafael-navarro-leal-2026-limited-518
[2026-08-10 14:59:02] [rate limit] dettaglio risposta 429 -- headers rilevanti: Retry-After='58', corpo: '{"error":"Too many requests, please retry later."}'
[2026-08-10 14:59:02] [rate limit] Retry-After=58s troppo lungo (soglia 15s), probabile ban a tempo fisso -- rinuncio subito senza ritentare
[my-cards-profit]   ⚠️ Prezzo acquisto E prezzo market non trovati
[my-cards-profit] Analizzando (1859/2003): simon-graves-jensen-2025-limited-620
[2026-08-10 14:59:02] [rate limit] dettaglio risposta 429 -- headers rilevanti: Retry-After='58', corpo: '{"error":"Too many requests, please retry later."}'
[2026-08-10 14:59:02] [rate limit] Retry-After=58s troppo lungo (soglia 15s), probabile ban a tempo fisso -- rinuncio subito senza ritentare
[my-cards-profit]   ⚠️ Prezzo acquisto E prezzo market non trovati
[my-cards-profit] Analizzando (1860/2003): ryuho-kikuchi-2026-limited-256
[2026-08-10 14:59:03] [rate limit] dettaglio risposta 429 -- headers rilevanti: Retry-After='58', corpo: '{"error":"Too many requests, please retry later."}'
[2026-08-10 14:59:03] [rate limit] Retry-After=58s troppo lungo (soglia 15s), probabile ban a tempo fisso -- rinuncio subito senza ritentare
[my-cards-profit]   ⚠️ Prezzo acquisto E prezzo market non trovati
[my-cards-profit] Analizzando (1861/2003): hristiyan-ivaylov-petrov-2025-limited-503
[2026-08-10 14:59:03] [rate limit] dettaglio risposta 429 -- headers rilevanti: Retry-After='57', corpo: '{"error":"Too many requests, please retry later."}'
[2026-08-10 14:59:03] [rate limit] Retry-After=57s troppo lungo (soglia 15s), probabile ban a tempo fisso -- rinuncio subito senza ritentare
[my-cards-profit]   ⚠️ Prezzo acquisto E prezzo market non trovati
[my-cards-profit] Analizzando (1862/2003): adrian-zendejas-rodriguez-2026-limited-225
[2026-08-10 14:59:03] [rate limit] dettaglio risposta 429 -- headers rilevanti: Retry-After='57', corpo: '{"error":"Too many requests, please retry later."}'
[2026-08-10 14:59:03] [rate limit] Retry-After=57s troppo lungo (soglia 15s), probabile ban a tempo fisso -- rinuncio subito senza ritentare
[my-cards-profit]   ⚠️ Prezzo acquisto E prezzo market non trovati
[my-cards-profit] Analizzando (1863/2003): issa-diop-2025-limited-747
[2026-08-10 14:59:04] [rate limit] dettaglio risposta 429 -- headers rilevanti: Retry-After='56', corpo: '{"error":"Too many requests, please retry later."}'
[2026-08-10 14:59:04] [rate limit] Retry-After=56s troppo lungo (soglia 15s), probabile ban a tempo fisso -- rinuncio subito senza ritentare
[my-cards-profit]   ⚠️ Prezzo acquisto E prezzo market non trovati
[my-cards-profit] Analizzando (1864/2003): allan-tchaptchet-2025-limited-437
[2026-08-10 14:59:04] [rate limit] dettaglio risposta 429 -- headers rilevanti: Retry-After='56', corpo: '{"error":"Too many requests, please retry later."}'
[2026-08-10 14:59:04] [rate limit] Retry-After=56s troppo lungo (soglia 15s), probabile ban a tempo fisso -- rinuncio subito senza ritentare
[my-cards-profit]   ⚠️ Prezzo acquisto E prezzo market non trovati
[my-cards-profit] Analizzando (1865/2003): ernest-appiah-nuamah-2025-limited-599
[2026-08-10 14:59:04] [rate limit] dettaglio risposta 429 -- headers rilevanti: Retry-After='56', corpo: '{"error":"Too many requests, please retry later."}'
[2026-08-10 14:59:04] [rate limit] Retry-After=56s troppo lungo (soglia 15s), probabile ban a tempo fisso -- rinuncio subito senza ritentare
[my-cards-profit]   ⚠️ Prezzo acquisto E prezzo market non trovati
[my-cards-profit] Analizzando (1866/2003): samuel-junqua-2026-limited-178
[2026-08-10 14:59:05] [rate limit] dettaglio risposta 429 -- headers rilevanti: Retry-After='55', corpo: '{"error":"Too many requests, please retry later."}'
[2026-08-10 14:59:05] [rate limit] Retry-After=55s troppo lungo (soglia 15s), probabile ban a tempo fisso -- rinuncio subito senza ritentare
[my-cards-profit]   ⚠️ Prezzo acquisto E prezzo market non trovati
[my-cards-profit] Analizzando (1867/2003): jaden-fernando-slory-2025-limited-476
[2026-08-10 14:59:05] [rate limit] dettaglio risposta 429 -- headers rilevanti: Retry-After='55', corpo: '{"error":"Too many requests, please retry later."}'
[2026-08-10 14:59:05] [rate limit] Retry-After=55s troppo lungo (soglia 15s), probabile ban a tempo fisso -- rinuncio subito senza ritentare
[my-cards-profit]   ⚠️ Prezzo acquisto E prezzo market non trovati
[my-cards-profit] Analizzando (1868/2003): mats-seuntjens-2025-limited-380
[2026-08-10 14:59:05] [rate limit] dettaglio risposta 429 -- headers rilevanti: Retry-After='55', corpo: '{"error":"Too many requests, please retry later."}'
[2026-08-10 14:59:05] [rate limit] Retry-After=55s troppo lungo (soglia 15s), probabile ban a tempo fisso -- rinuncio subito senza ritentare
[my-cards-profit]   ⚠️ Prezzo acquisto E prezzo market non trovati
[my-cards-profit] Analizzando (1869/2003): felix-hagmann-2025-limited-258
[2026-08-10 14:59:06] [rate limit] dettaglio risposta 429 -- headers rilevanti: Retry-After='54', corpo: '{"error":"Too many requests, please retry later."}'
[2026-08-10 14:59:06] [rate limit] Retry-After=54s troppo lungo (soglia 15s), probabile ban a tempo fisso -- rinuncio subito senza ritentare
[my-cards-profit]   ⚠️ Prezzo acquisto E prezzo market non trovati
[my-cards-profit] Analizzando (1870/2003): adrian-simon-gill-2026-limited-170
[2026-08-10 14:59:06] [rate limit] dettaglio risposta 429 -- headers rilevanti: Retry-After='54', corpo: '{"error":"Too many requests, please retry later."}'
[2026-08-10 14:59:06] [rate limit] Retry-After=54s troppo lungo (soglia 15s), probabile ban a tempo fisso -- rinuncio subito senza ritentare
[my-cards-profit]   ⚠️ Prezzo acquisto E prezzo market non trovati
[my-cards-profit] Analizzando (1871/2003): oskar-annell-2025-limited-345
[2026-08-10 14:59:06] [rate limit] dettaglio risposta 429 -- headers rilevanti: Retry-After='54', corpo: '{"error":"Too many requests, please retry later."}'
[2026-08-10 14:59:06] [rate limit] Retry-After=54s troppo lungo (soglia 15s), probabile ban a tempo fisso -- rinuncio subito senza ritentare
[my-cards-profit]   ⚠️ Prezzo acquisto E prezzo market non trovati
[my-cards-profit] Analizzando (1872/2003): jonathan-sirois-2026-limited-276
[2026-08-10 14:59:07] [rate limit] dettaglio risposta 429 -- headers rilevanti: Retry-After='53', corpo: '{"error":"Too many requests, please retry later."}'
[2026-08-10 14:59:07] [rate limit] Retry-After=53s troppo lungo (soglia 15s), probabile ban a tempo fisso -- rinuncio subito senza ritentare
[my-cards-profit]   ⚠️ Prezzo acquisto E prezzo market non trovati
[my-cards-profit] Analizzando (1873/2003): enis-destan-2025-limited-88
[2026-08-10 14:59:07] [rate limit] dettaglio risposta 429 -- headers rilevanti: Retry-After='53', corpo: '{"error":"Too many requests, please retry later."}'
[2026-08-10 14:59:07] [rate limit] Retry-After=53s troppo lungo (soglia 15s), probabile ban a tempo fisso -- rinuncio subito senza ritentare
[my-cards-profit]   ⚠️ Prezzo acquisto E prezzo market non trovati
[my-cards-profit] Analizzando (1874/2003): kasper-dolberg-2023-limited-314
[my-cards-profit]   🔁 Ricevuta in scambio, esclusa (nessun costo in euro quantificabile)
[my-cards-profit] Analizzando (1875/2003): thomas-delaney-2023-limited-334
[my-cards-profit]   🔁 Ricevuta in scambio, esclusa (nessun costo in euro quantificabile)
[my-cards-profit] Analizzando (1876/2003): jan-vertonghen-2023-limited-103
[my-cards-profit]   🔁 Ricevuta in scambio, esclusa (nessun costo in euro quantificabile)
[my-cards-profit] Analizzando (1877/2003): mats-rits-2023-limited-22
[my-cards-profit]   🔁 Ricevuta in scambio, esclusa (nessun costo in euro quantificabile)
[my-cards-profit] Analizzando (1878/2003): christopher-brady-2026-limited-106
[my-cards-profit]   🔁 Ricevuta in scambio, esclusa (nessun costo in euro quantificabile)
[my-cards-profit] Analizzando (1879/2003): anders-dreyer-2023-limited-210
[my-cards-profit]   🔁 Ricevuta in scambio, esclusa (nessun costo in euro quantificabile)
[my-cards-profit] Analizzando (1880/2003): jae-hwan-hwang-2026-limited-150
[2026-08-10 14:59:07] [rate limit] dettaglio risposta 429 -- headers rilevanti: Retry-After='53', corpo: '{"error":"Too many requests, please retry later."}'
[2026-08-10 14:59:07] [rate limit] Retry-After=53s troppo lungo (soglia 15s), probabile ban a tempo fisso -- rinuncio subito senza ritentare
[my-cards-profit]   ⚠️ Prezzo acquisto E prezzo market non trovati
[my-cards-profit] Analizzando (1881/2003): italo-moreira-barcelos-2026-limited-228
[2026-08-10 14:59:08] [rate limit] dettaglio risposta 429 -- headers rilevanti: Retry-After='52', corpo: '{"error":"Too many requests, please retry later."}'
[2026-08-10 14:59:08] [rate limit] Retry-After=52s troppo lungo (soglia 15s), probabile ban a tempo fisso -- rinuncio subito senza ritentare
[my-cards-profit]   ⚠️ Prezzo acquisto E prezzo market non trovati
[my-cards-profit] Analizzando (1882/2003): hyeon-ug-kim-2026-limited-161
[2026-08-10 14:59:08] [rate limit] dettaglio risposta 429 -- headers rilevanti: Retry-After='52', corpo: '{"error":"Too many requests, please retry later."}'
[2026-08-10 14:59:08] [rate limit] Retry-After=52s troppo lungo (soglia 15s), probabile ban a tempo fisso -- rinuncio subito senza ritentare
[my-cards-profit]   ⚠️ Prezzo acquisto E prezzo market non trovati
[my-cards-profit] Analizzando (1883/2003): demir-ege-tiknaz-2025-limited-598
[2026-08-10 14:59:08] [rate limit] dettaglio risposta 429 -- headers rilevanti: Retry-After='52', corpo: '{"error":"Too many requests, please retry later."}'
[2026-08-10 14:59:08] [rate limit] Retry-After=52s troppo lungo (soglia 15s), probabile ban a tempo fisso -- rinuncio subito senza ritentare
[my-cards-profit]   ⚠️ Prezzo market non trovato
[my-cards-profit] Analizzando (1884/2003): si-woo-jin-2026-limited-207
[2026-08-10 14:59:09] [rate limit] dettaglio risposta 429 -- headers rilevanti: Retry-After='51', corpo: '{"error":"Too many requests, please retry later."}'
[2026-08-10 14:59:09] [rate limit] Retry-After=51s troppo lungo (soglia 15s), probabile ban a tempo fisso -- rinuncio subito senza ritentare
[my-cards-profit]   ⚠️ Prezzo acquisto E prezzo market non trovati
[my-cards-profit] Analizzando (1885/2003): jae-min-ahn-2026-limited-196
[2026-08-10 14:59:09] [rate limit] dettaglio risposta 429 -- headers rilevanti: Retry-After='51', corpo: '{"error":"Too many requests, please retry later."}'
[2026-08-10 14:59:09] [rate limit] Retry-After=51s troppo lungo (soglia 15s), probabile ban a tempo fisso -- rinuncio subito senza ritentare
[my-cards-profit]   ⚠️ Prezzo acquisto E prezzo market non trovati
[my-cards-profit] Analizzando (1886/2003): myung-guan-seo-2026-limited-131
[2026-08-10 14:59:10] [rate limit] dettaglio risposta 429 -- headers rilevanti: Retry-After='51', corpo: '{"error":"Too many requests, please retry later."}'
[2026-08-10 14:59:10] [rate limit] Retry-After=51s troppo lungo (soglia 15s), probabile ban a tempo fisso -- rinuncio subito senza ritentare
[my-cards-profit]   ⚠️ Prezzo market non trovato
[my-cards-profit] Analizzando (1887/2003): marcos-vinicius-amaral-alves-2026-limited-252
[2026-08-10 14:59:10] [rate limit] dettaglio risposta 429 -- headers rilevanti: Retry-After='50', corpo: '{"error":"Too many requests, please retry later."}'
[2026-08-10 14:59:10] [rate limit] Retry-After=50s troppo lungo (soglia 15s), probabile ban a tempo fisso -- rinuncio subito senza ritentare
[my-cards-profit]   ⚠️ Prezzo market non trovato
[my-cards-profit] Analizzando (1888/2003): marcus-ingvartsen-2026-limited-447
[2026-08-10 14:59:10] [rate limit] dettaglio risposta 429 -- headers rilevanti: Retry-After='50', corpo: '{"error":"Too many requests, please retry later."}'
[2026-08-10 14:59:10] [rate limit] Retry-After=50s troppo lungo (soglia 15s), probabile ban a tempo fisso -- rinuncio subito senza ritentare
[my-cards-profit]   ⚠️ Prezzo acquisto E prezzo market non trovati
[my-cards-profit] Analizzando (1889/2003): daniel-munie-2026-limited-76
[2026-08-10 14:59:11] [rate limit] dettaglio risposta 429 -- headers rilevanti: Retry-After='49', corpo: '{"error":"Too many requests, please retry later."}'
[2026-08-10 14:59:11] [rate limit] Retry-After=49s troppo lungo (soglia 15s), probabile ban a tempo fisso -- rinuncio subito senza ritentare
[my-cards-profit]   ⚠️ Prezzo market non trovato
[my-cards-profit] Analizzando (1890/2003): marcel-hartel-2026-limited-436
[2026-08-10 14:59:11] [rate limit] dettaglio risposta 429 -- headers rilevanti: Retry-After='49', corpo: '{"error":"Too many requests, please retry later."}'
[2026-08-10 14:59:11] [rate limit] Retry-After=49s troppo lungo (soglia 15s), probabile ban a tempo fisso -- rinuncio subito senza ritentare
[my-cards-profit]   ⚠️ Prezzo market non trovato
[my-cards-profit] Analizzando (1891/2003): freese-matthew-2026-limited-195
[2026-08-10 14:59:11] [rate limit] dettaglio risposta 429 -- headers rilevanti: Retry-After='49', corpo: '{"error":"Too many requests, please retry later."}'
[2026-08-10 14:59:11] [rate limit] Retry-After=49s troppo lungo (soglia 15s), probabile ban a tempo fisso -- rinuncio subito senza ritentare
[my-cards-profit]   ⚠️ Prezzo market non trovato
[my-cards-profit] Analizzando (1892/2003): niko-tsakiris-2026-limited-386
[2026-08-10 14:59:12] [rate limit] dettaglio risposta 429 -- headers rilevanti: Retry-After='48', corpo: '{"error":"Too many requests, please retry later."}'
[2026-08-10 14:59:12] [rate limit] Retry-After=48s troppo lungo (soglia 15s), probabile ban a tempo fisso -- rinuncio subito senza ritentare
[my-cards-profit]   ⚠️ Prezzo market non trovato
[my-cards-profit] Analizzando (1893/2003): rafael-navarro-leal-2026-limited-462
[2026-08-10 14:59:12] [rate limit] dettaglio risposta 429 -- headers rilevanti: Retry-After='48', corpo: '{"error":"Too many requests, please retry later."}'
[2026-08-10 14:59:12] [rate limit] Retry-After=48s troppo lungo (soglia 15s), probabile ban a tempo fisso -- rinuncio subito senza ritentare
[my-cards-profit]   ⚠️ Prezzo market non trovato
[my-cards-profit] Analizzando (1894/2003): marino-skelin-2025-limited-370
[2026-08-10 14:59:12] [rate limit] dettaglio risposta 429 -- headers rilevanti: Retry-After='48', corpo: '{"error":"Too many requests, please retry later."}'
[2026-08-10 14:59:12] [rate limit] Retry-After=48s troppo lungo (soglia 15s), probabile ban a tempo fisso -- rinuncio subito senza ritentare
[my-cards-profit]   ⚠️ Prezzo acquisto E prezzo market non trovati
[my-cards-profit] Analizzando (1895/2003): benjamin-craig-old-2025-limited-815
[2026-08-10 14:59:13] [rate limit] dettaglio risposta 429 -- headers rilevanti: Retry-After='47', corpo: '{"error":"Too many requests, please retry later."}'
[2026-08-10 14:59:13] [rate limit] Retry-After=47s troppo lungo (soglia 15s), probabile ban a tempo fisso -- rinuncio subito senza ritentare
[my-cards-profit]   ⚠️ Prezzo acquisto E prezzo market non trovati
[my-cards-profit] Analizzando (1896/2003): miguel-angel-rubio-lestan-2025-limited-433
[2026-08-10 14:59:13] [rate limit] dettaglio risposta 429 -- headers rilevanti: Retry-After='47', corpo: '{"error":"Too many requests, please retry later."}'
[2026-08-10 14:59:13] [rate limit] Retry-After=47s troppo lungo (soglia 15s), probabile ban a tempo fisso -- rinuncio subito senza ritentare
[my-cards-profit]   ⚠️ Prezzo acquisto E prezzo market non trovati
[my-cards-profit] Analizzando (1897/2003): natan-bernardo-de-souza-2025-limited-910
[2026-08-10 14:59:13] [rate limit] dettaglio risposta 429 -- headers rilevanti: Retry-After='47', corpo: '{"error":"Too many requests, please retry later."}'
[2026-08-10 14:59:13] [rate limit] Retry-After=47s troppo lungo (soglia 15s), probabile ban a tempo fisso -- rinuncio subito senza ritentare
[my-cards-profit]   ⚠️ Prezzo acquisto E prezzo market non trovati
[my-cards-profit] Analizzando (1898/2003): panos-katseris-2025-limited-379
[2026-08-10 14:59:14] [rate limit] dettaglio risposta 429 -- headers rilevanti: Retry-After='46', corpo: '{"error":"Too many requests, please retry later."}'
[2026-08-10 14:59:14] [rate limit] Retry-After=46s troppo lungo (soglia 15s), probabile ban a tempo fisso -- rinuncio subito senza ritentare
[my-cards-profit]   ⚠️ Prezzo acquisto E prezzo market non trovati
[my-cards-profit] Analizzando (1899/2003): joedrick-pupe-2025-limited-88
[2026-08-10 14:59:14] [rate limit] dettaglio risposta 429 -- headers rilevanti: Retry-After='46', corpo: '{"error":"Too many requests, please retry later."}'
[2026-08-10 14:59:14] [rate limit] Retry-After=46s troppo lungo (soglia 15s), probabile ban a tempo fisso -- rinuncio subito senza ritentare
[my-cards-profit]   ⚠️ Prezzo market non trovato
[my-cards-profit] Analizzando (1900/2003): micael-dos-santos-silva-2026-limited-425
[2026-08-10 14:59:14] [rate limit] dettaglio risposta 429 -- headers rilevanti: Retry-After='46', corpo: '{"error":"Too many requests, please retry later."}'
[2026-08-10 14:59:14] [rate limit] Retry-After=46s troppo lungo (soglia 15s), probabile ban a tempo fisso -- rinuncio subito senza ritentare
[my-cards-profit]   ⚠️ Prezzo market non trovato
[my-cards-profit] Analizzando (1901/2003): ricardo-nick-louis-2026-limited-89
[2026-08-10 14:59:15] [rate limit] dettaglio risposta 429 -- headers rilevanti: Retry-After='45', corpo: '{"error":"Too many requests, please retry later."}'
[2026-08-10 14:59:15] [rate limit] Retry-After=45s troppo lungo (soglia 15s), probabile ban a tempo fisso -- rinuncio subito senza ritentare
[my-cards-profit]   ⚠️ Prezzo market non trovato
[my-cards-profit] Analizzando (1902/2003): belal-halbouni-2025-limited-306
[2026-08-10 14:59:15] [rate limit] dettaglio risposta 429 -- headers rilevanti: Retry-After='45', corpo: '{"error":"Too many requests, please retry later."}'
[2026-08-10 14:59:15] [rate limit] Retry-After=45s troppo lungo (soglia 15s), probabile ban a tempo fisso -- rinuncio subito senza ritentare
[my-cards-profit]   ⚠️ Prezzo market non trovato
[my-cards-profit] Analizzando (1903/2003): vincenzo-grifo-2023-limited-201
[2026-08-10 14:59:16] [rate limit] dettaglio risposta 429 -- headers rilevanti: Retry-After='45', corpo: '{"error":"Too many requests, please retry later."}'
[2026-08-10 14:59:16] [rate limit] Retry-After=45s troppo lungo (soglia 15s), probabile ban a tempo fisso -- rinuncio subito senza ritentare
[my-cards-profit]   ⚠️ Prezzo market non trovato
[my-cards-profit] Analizzando (1904/2003): nahuel-molina-lucero-2025-limited-70
[2026-08-10 14:59:16] [rate limit] dettaglio risposta 429 -- headers rilevanti: Retry-After='44', corpo: '{"error":"Too many requests, please retry later."}'
[2026-08-10 14:59:16] [rate limit] Retry-After=44s troppo lungo (soglia 15s), probabile ban a tempo fisso -- rinuncio subito senza ritentare
[my-cards-profit]   ⚠️ Prezzo market non trovato
[my-cards-profit] Analizzando (1905/2003): yuta-nakayama-2025-limited-177
[2026-08-10 14:59:16] [rate limit] dettaglio risposta 429 -- headers rilevanti: Retry-After='44', corpo: '{"error":"Too many requests, please retry later."}'
[2026-08-10 14:59:16] [rate limit] Retry-After=44s troppo lungo (soglia 15s), probabile ban a tempo fisso -- rinuncio subito senza ritentare
[my-cards-profit]   ⚠️ Prezzo market non trovato
[my-cards-profit] Analizzando (1906/2003): masatoshi-ishida-2026-limited-70
[2026-08-10 14:59:17] [rate limit] dettaglio risposta 429 -- headers rilevanti: Retry-After='44', corpo: '{"error":"Too many requests, please retry later."}'
[2026-08-10 14:59:17] [rate limit] Retry-After=44s troppo lungo (soglia 15s), probabile ban a tempo fisso -- rinuncio subito senza ritentare
[my-cards-profit]   ⚠️ Prezzo market non trovato
[my-cards-profit] Analizzando (1907/2003): jeong-hyun-kim-2026-limited-175
[2026-08-10 14:59:17] [rate limit] dettaglio risposta 429 -- headers rilevanti: Retry-After='43', corpo: '{"error":"Too many requests, please retry later."}'
[2026-08-10 14:59:17] [rate limit] Retry-After=43s troppo lungo (soglia 15s), probabile ban a tempo fisso -- rinuncio subito senza ritentare
[my-cards-profit]   ⚠️ Prezzo market non trovato
[my-cards-profit] Analizzando (1908/2003): nicholas-defreitas-hansen-2026-limited-314
[2026-08-10 14:59:17] [rate limit] dettaglio risposta 429 -- headers rilevanti: Retry-After='43', corpo: '{"error":"Too many requests, please retry later."}'
[2026-08-10 14:59:17] [rate limit] Retry-After=43s troppo lungo (soglia 15s), probabile ban a tempo fisso -- rinuncio subito senza ritentare
[my-cards-profit]   ⚠️ Prezzo acquisto E prezzo market non trovati
[my-cards-profit] Analizzando (1909/2003): yannick-bright-2026-limited-384
[2026-08-10 14:59:18] [rate limit] dettaglio risposta 429 -- headers rilevanti: Retry-After='42', corpo: '{"error":"Too many requests, please retry later."}'
[2026-08-10 14:59:18] [rate limit] Retry-After=42s troppo lungo (soglia 15s), probabile ban a tempo fisso -- rinuncio subito senza ritentare
[my-cards-profit]   ⚠️ Prezzo market non trovato
[my-cards-profit] Analizzando (1910/2003): david-ayala-2026-limited-387
[2026-08-10 14:59:18] [rate limit] dettaglio risposta 429 -- headers rilevanti: Retry-After='42', corpo: '{"error":"Too many requests, please retry later."}'
[2026-08-10 14:59:18] [rate limit] Retry-After=42s troppo lungo (soglia 15s), probabile ban a tempo fisso -- rinuncio subito senza ritentare
[my-cards-profit]   ⚠️ Prezzo market non trovato
[my-cards-profit] Analizzando (1911/2003): maximilian-arfsten-2026-limited-397
[2026-08-10 14:59:18] [rate limit] dettaglio risposta 429 -- headers rilevanti: Retry-After='42', corpo: '{"error":"Too many requests, please retry later."}'
[2026-08-10 14:59:18] [rate limit] Retry-After=42s troppo lungo (soglia 15s), probabile ban a tempo fisso -- rinuncio subito senza ritentare
[my-cards-profit]   ⚠️ Prezzo market non trovato
[my-cards-profit] Analizzando (1912/2003): isa-sakamoto-2025-limited-761
[2026-08-10 14:59:19] [rate limit] dettaglio risposta 429 -- headers rilevanti: Retry-After='41', corpo: '{"error":"Too many requests, please retry later."}'
[2026-08-10 14:59:19] [rate limit] Retry-After=41s troppo lungo (soglia 15s), probabile ban a tempo fisso -- rinuncio subito senza ritentare
[my-cards-profit]   ⚠️ Prezzo acquisto E prezzo market non trovati
[my-cards-profit] Analizzando (1913/2003): malte-amundsen-2026-limited-409
[2026-08-10 14:59:19] [rate limit] dettaglio risposta 429 -- headers rilevanti: Retry-After='41', corpo: '{"error":"Too many requests, please retry later."}'
[2026-08-10 14:59:19] [rate limit] Retry-After=41s troppo lungo (soglia 15s), probabile ban a tempo fisso -- rinuncio subito senza ritentare
[my-cards-profit]   ⚠️ Prezzo market non trovato
[my-cards-profit] Analizzando (1914/2003): jeppe-tverskov-2026-limited-469
[2026-08-10 14:59:19] [rate limit] dettaglio risposta 429 -- headers rilevanti: Retry-After='41', corpo: '{"error":"Too many requests, please retry later."}'
[2026-08-10 14:59:19] [rate limit] Retry-After=41s troppo lungo (soglia 15s), probabile ban a tempo fisso -- rinuncio subito senza ritentare
[my-cards-profit]   ⚠️ Prezzo market non trovato
[my-cards-profit] Analizzando (1915/2003): patrick-schulte-2026-limited-380
[2026-08-10 14:59:20] [rate limit] dettaglio risposta 429 -- headers rilevanti: Retry-After='40', corpo: '{"error":"Too many requests, please retry later."}'
[2026-08-10 14:59:20] [rate limit] Retry-After=40s troppo lungo (soglia 15s), probabile ban a tempo fisso -- rinuncio subito senza ritentare
[my-cards-profit]   ⚠️ Prezzo market non trovato
[my-cards-profit] Analizzando (1916/2003): yudai-kimura-2024-limited-64
[2026-08-10 14:59:20] [rate limit] dettaglio risposta 429 -- headers rilevanti: Retry-After='40', corpo: '{"error":"Too many requests, please retry later."}'
[2026-08-10 14:59:20] [rate limit] Retry-After=40s troppo lungo (soglia 15s), probabile ban a tempo fisso -- rinuncio subito senza ritentare
[my-cards-profit]   ⚠️ Prezzo market non trovato
[my-cards-profit] Analizzando (1917/2003): federico-matias-zaracho-2021-limited-144
[2026-08-10 14:59:20] [rate limit] dettaglio risposta 429 -- headers rilevanti: Retry-After='40', corpo: '{"error":"Too many requests, please retry later."}'
[2026-08-10 14:59:20] [rate limit] Retry-After=40s troppo lungo (soglia 15s), probabile ban a tempo fisso -- rinuncio subito senza ritentare
[my-cards-profit]   ⚠️ Prezzo market non trovato
[my-cards-profit] Analizzando (1918/2003): brayan-andres-ceballos-jimenez-2026-limited-311
[2026-08-10 14:59:21] [rate limit] dettaglio risposta 429 -- headers rilevanti: Retry-After='39', corpo: '{"error":"Too many requests, please retry later."}'
[2026-08-10 14:59:21] [rate limit] Retry-After=39s troppo lungo (soglia 15s), probabile ban a tempo fisso -- rinuncio subito senza ritentare
[my-cards-profit]   ⚠️ Prezzo market non trovato
[my-cards-profit] Analizzando (1919/2003): mihail-gherasimencov-2026-limited-209
[2026-08-10 14:59:21] [rate limit] dettaglio risposta 429 -- headers rilevanti: Retry-After='39', corpo: '{"error":"Too many requests, please retry later."}'
[2026-08-10 14:59:21] [rate limit] Retry-After=39s troppo lungo (soglia 15s), probabile ban a tempo fisso -- rinuncio subito senza ritentare
[my-cards-profit]   ⚠️ Prezzo market non trovato
[my-cards-profit] Analizzando (1920/2003): halil-ozdemir-2025-limited-126
[2026-08-10 14:59:21] [rate limit] dettaglio risposta 429 -- headers rilevanti: Retry-After='39', corpo: '{"error":"Too many requests, please retry later."}'
[2026-08-10 14:59:21] [rate limit] Retry-After=39s troppo lungo (soglia 15s), probabile ban a tempo fisso -- rinuncio subito senza ritentare
[my-cards-profit]   ⚠️ Prezzo acquisto E prezzo market non trovati
[my-cards-profit] Analizzando (1921/2003): robert-jan-vanwesemael-2025-limited-521
[2026-08-10 14:59:22] [rate limit] dettaglio risposta 429 -- headers rilevanti: Retry-After='38', corpo: '{"error":"Too many requests, please retry later."}'
[2026-08-10 14:59:22] [rate limit] Retry-After=38s troppo lungo (soglia 15s), probabile ban a tempo fisso -- rinuncio subito senza ritentare
[my-cards-profit]   ⚠️ Prezzo acquisto E prezzo market non trovati
[my-cards-profit] Analizzando (1922/2003): marcelo-ryan-silvestre-2025-limited-4
[2026-08-10 14:59:22] [rate limit] dettaglio risposta 429 -- headers rilevanti: Retry-After='38', corpo: '{"error":"Too many requests, please retry later."}'
[2026-08-10 14:59:22] [rate limit] Retry-After=38s troppo lungo (soglia 15s), probabile ban a tempo fisso -- rinuncio subito senza ritentare
[my-cards-profit]   ⚠️ Prezzo market non trovato
[my-cards-profit] Analizzando (1923/2003): bjorn-inge-utvik-2025-limited-252
[2026-08-10 14:59:23] [rate limit] dettaglio risposta 429 -- headers rilevanti: Retry-After='38', corpo: '{"error":"Too many requests, please retry later."}'
[2026-08-10 14:59:23] [rate limit] Retry-After=38s troppo lungo (soglia 15s), probabile ban a tempo fisso -- rinuncio subito senza ritentare
[my-cards-profit]   ⚠️ Prezzo market non trovato
[my-cards-profit] Analizzando (1924/2003): cristiano-paulo-santos-oliveira-2026-limited-149
[2026-08-10 14:59:23] [rate limit] dettaglio risposta 429 -- headers rilevanti: Retry-After='37', corpo: '{"error":"Too many requests, please retry later."}'
[2026-08-10 14:59:23] [rate limit] Retry-After=37s troppo lungo (soglia 15s), probabile ban a tempo fisso -- rinuncio subito senza ritentare
[my-cards-profit]   ⚠️ Prezzo market non trovato
[my-cards-profit] Analizzando (1925/2003): oscar-anthony-verhoeven-2026-limited-228
[2026-08-10 14:59:23] [rate limit] dettaglio risposta 429 -- headers rilevanti: Retry-After='37', corpo: '{"error":"Too many requests, please retry later."}'
[2026-08-10 14:59:23] [rate limit] Retry-After=37s troppo lungo (soglia 15s), probabile ban a tempo fisso -- rinuncio subito senza ritentare
[my-cards-profit]   ⚠️ Prezzo market non trovato
[my-cards-profit] Analizzando (1926/2003): daniel-cardenas-lindez-2025-limited-529
[2026-08-10 14:59:24] [rate limit] dettaglio risposta 429 -- headers rilevanti: Retry-After='37', corpo: '{"error":"Too many requests, please retry later."}'
[2026-08-10 14:59:24] [rate limit] Retry-After=37s troppo lungo (soglia 15s), probabile ban a tempo fisso -- rinuncio subito senza ritentare
[my-cards-profit]   ⚠️ Prezzo market non trovato
[my-cards-profit] Analizzando (1927/2003): noah-cobb-2026-limited-164
[2026-08-10 14:59:24] [rate limit] dettaglio risposta 429 -- headers rilevanti: Retry-After='36', corpo: '{"error":"Too many requests, please retry later."}'
[2026-08-10 14:59:24] [rate limit] Retry-After=36s troppo lungo (soglia 15s), probabile ban a tempo fisso -- rinuncio subito senza ritentare
[my-cards-profit]   ⚠️ Prezzo acquisto E prezzo market non trovati
[my-cards-profit] Analizzando (1928/2003): ryan-hollingshead-2026-limited-273
[2026-08-10 14:59:24] [rate limit] dettaglio risposta 429 -- headers rilevanti: Retry-After='36', corpo: '{"error":"Too many requests, please retry later."}'
[2026-08-10 14:59:24] [rate limit] Retry-After=36s troppo lungo (soglia 15s), probabile ban a tempo fisso -- rinuncio subito senza ritentare
[my-cards-profit]   ⚠️ Prezzo market non trovato
[my-cards-profit] Analizzando (1929/2003): miguel-perez-2026-limited-159
[2026-08-10 14:59:25] [rate limit] dettaglio risposta 429 -- headers rilevanti: Retry-After='35', corpo: '{"error":"Too many requests, please retry later."}'
[2026-08-10 14:59:25] [rate limit] Retry-After=35s troppo lungo (soglia 15s), probabile ban a tempo fisso -- rinuncio subito senza ritentare
[my-cards-profit]   ⚠️ Prezzo acquisto E prezzo market non trovati
[my-cards-profit] Analizzando (1930/2003): jackson-yueill-2026-limited-191
[2026-08-10 14:59:25] [rate limit] dettaglio risposta 429 -- headers rilevanti: Retry-After='35', corpo: '{"error":"Too many requests, please retry later."}'
[2026-08-10 14:59:25] [rate limit] Retry-After=35s troppo lungo (soglia 15s), probabile ban a tempo fisso -- rinuncio subito senza ritentare
[my-cards-profit]   ⚠️ Prezzo market non trovato
[my-cards-profit] Analizzando (1931/2003): aziel-jackson-2026-limited-304
[2026-08-10 14:59:25] [rate limit] dettaglio risposta 429 -- headers rilevanti: Retry-After='35', corpo: '{"error":"Too many requests, please retry later."}'
[2026-08-10 14:59:25] [rate limit] Retry-After=35s troppo lungo (soglia 15s), probabile ban a tempo fisso -- rinuncio subito senza ritentare
[my-cards-profit]   ⚠️ Prezzo market non trovato
[my-cards-profit] Analizzando (1932/2003): dor-david-turgeman-2026-limited-297
[2026-08-10 14:59:26] [rate limit] dettaglio risposta 429 -- headers rilevanti: Retry-After='34', corpo: '{"error":"Too many requests, please retry later."}'
[2026-08-10 14:59:26] [rate limit] Retry-After=34s troppo lungo (soglia 15s), probabile ban a tempo fisso -- rinuncio subito senza ritentare
[my-cards-profit]   ⚠️ Prezzo market non trovato
[my-cards-profit] Analizzando (1933/2003): leonardo-de-sousa-pereira-2024-limited-463
[2026-08-10 14:59:26] [rate limit] dettaglio risposta 429 -- headers rilevanti: Retry-After='34', corpo: '{"error":"Too many requests, please retry later."}'
[2026-08-10 14:59:26] [rate limit] Retry-After=34s troppo lungo (soglia 15s), probabile ban a tempo fisso -- rinuncio subito senza ritentare
[my-cards-profit]   ⚠️ Prezzo market non trovato
[my-cards-profit] Analizzando (1934/2003): alex-eduardo-valera-sandoval-2023-limited-150
[2026-08-10 14:59:26] [rate limit] dettaglio risposta 429 -- headers rilevanti: Retry-After='34', corpo: '{"error":"Too many requests, please retry later."}'
[2026-08-10 14:59:26] [rate limit] Retry-After=34s troppo lungo (soglia 15s), probabile ban a tempo fisso -- rinuncio subito senza ritentare
[my-cards-profit]   ⚠️ Prezzo market non trovato
[my-cards-profit] Analizzando (1935/2003): mathieu-michel-2023-limited-154
[2026-08-10 14:59:27] [rate limit] dettaglio risposta 429 -- headers rilevanti: Retry-After='33', corpo: '{"error":"Too many requests, please retry later."}'
[2026-08-10 14:59:27] [rate limit] Retry-After=33s troppo lungo (soglia 15s), probabile ban a tempo fisso -- rinuncio subito senza ritentare
[my-cards-profit]   ⚠️ Prezzo market non trovato
[my-cards-profit] Analizzando (1936/2003): birk-risa-2025-limited-122
[2026-08-10 14:59:27] [rate limit] dettaglio risposta 429 -- headers rilevanti: Retry-After='33', corpo: '{"error":"Too many requests, please retry later."}'
[2026-08-10 14:59:27] [rate limit] Retry-After=33s troppo lungo (soglia 15s), probabile ban a tempo fisso -- rinuncio subito senza ritentare
[my-cards-profit]   ⚠️ Prezzo market non trovato
[my-cards-profit] Analizzando (1937/2003): hamady-diop-2024-limited-124
[2026-08-10 14:59:27] [rate limit] dettaglio risposta 429 -- headers rilevanti: Retry-After='33', corpo: '{"error":"Too many requests, please retry later."}'
[2026-08-10 14:59:27] [rate limit] Retry-After=33s troppo lungo (soglia 15s), probabile ban a tempo fisso -- rinuncio subito senza ritentare
[my-cards-profit]   ⚠️ Prezzo market non trovato
[my-cards-profit] Analizzando (1938/2003): furkan-beklevic-2023-limited-36
[2026-08-10 14:59:28] [rate limit] dettaglio risposta 429 -- headers rilevanti: Retry-After='32', corpo: '{"error":"Too many requests, please retry later."}'
[2026-08-10 14:59:28] [rate limit] Retry-After=32s troppo lungo (soglia 15s), probabile ban a tempo fisso -- rinuncio subito senza ritentare
[my-cards-profit]   ⚠️ Prezzo market non trovato
[my-cards-profit] Analizzando (1939/2003): ben-hamer-2023-limited-181
[2026-08-10 14:59:28] [rate limit] dettaglio risposta 429 -- headers rilevanti: Retry-After='32', corpo: '{"error":"Too many requests, please retry later."}'
[2026-08-10 14:59:28] [rate limit] Retry-After=32s troppo lungo (soglia 15s), probabile ban a tempo fisso -- rinuncio subito senza ritentare
[my-cards-profit]   ⚠️ Prezzo market non trovato
[my-cards-profit] Analizzando (1940/2003): giuseppe-bovalina-2024-limited-33
[2026-08-10 14:59:28] [rate limit] dettaglio risposta 429 -- headers rilevanti: Retry-After='32', corpo: '{"error":"Too many requests, please retry later."}'
[2026-08-10 14:59:28] [rate limit] Retry-After=32s troppo lungo (soglia 15s), probabile ban a tempo fisso -- rinuncio subito senza ritentare
[my-cards-profit]   ⚠️ Prezzo market non trovato
[my-cards-profit] Analizzando (1941/2003): wilson-eisner-2026-limited-218
[2026-08-10 14:59:29] [rate limit] dettaglio risposta 429 -- headers rilevanti: Retry-After='31', corpo: '{"error":"Too many requests, please retry later."}'
[2026-08-10 14:59:29] [rate limit] Retry-After=31s troppo lungo (soglia 15s), probabile ban a tempo fisso -- rinuncio subito senza ritentare
[my-cards-profit]   ⚠️ Prezzo market non trovato
[my-cards-profit] Analizzando (1942/2003): alex-muyl-2025-limited-385
[2026-08-10 14:59:29] [rate limit] dettaglio risposta 429 -- headers rilevanti: Retry-After='31', corpo: '{"error":"Too many requests, please retry later."}'
[2026-08-10 14:59:29] [rate limit] Retry-After=31s troppo lungo (soglia 15s), probabile ban a tempo fisso -- rinuncio subito senza ritentare
[my-cards-profit]   ⚠️ Prezzo market non trovato
[my-cards-profit] Analizzando (1943/2003): teal-bunbury-2025-limited-238
[2026-08-10 14:59:30] [rate limit] dettaglio risposta 429 -- headers rilevanti: Retry-After='31', corpo: '{"error":"Too many requests, please retry later."}'
[2026-08-10 14:59:30] [rate limit] Retry-After=31s troppo lungo (soglia 15s), probabile ban a tempo fisso -- rinuncio subito senza ritentare
[my-cards-profit]   ⚠️ Prezzo market non trovato
[my-cards-profit] Analizzando (1944/2003): wyatt-meyer-2025-limited-70
[2026-08-10 14:59:30] [rate limit] dettaglio risposta 429 -- headers rilevanti: Retry-After='30', corpo: '{"error":"Too many requests, please retry later."}'
[2026-08-10 14:59:30] [rate limit] Retry-After=30s troppo lungo (soglia 15s), probabile ban a tempo fisso -- rinuncio subito senza ritentare
[my-cards-profit]   ⚠️ Prezzo market non trovato
[my-cards-profit] Analizzando (1945/2003): kieran-sargeant-2026-limited-234
[2026-08-10 14:59:30] [rate limit] dettaglio risposta 429 -- headers rilevanti: Retry-After='30', corpo: '{"error":"Too many requests, please retry later."}'
[2026-08-10 14:59:30] [rate limit] Retry-After=30s troppo lungo (soglia 15s), probabile ban a tempo fisso -- rinuncio subito senza ritentare
[my-cards-profit]   ⚠️ Prezzo market non trovato
[my-cards-profit] Analizzando (1946/2003): mamadou-fofana-2026-limited-321
[2026-08-10 14:59:31] [rate limit] dettaglio risposta 429 -- headers rilevanti: Retry-After='30', corpo: '{"error":"Too many requests, please retry later."}'
[2026-08-10 14:59:31] [rate limit] Retry-After=30s troppo lungo (soglia 15s), probabile ban a tempo fisso -- rinuncio subito senza ritentare
[my-cards-profit]   ⚠️ Prezzo acquisto E prezzo market non trovati
[my-cards-profit] Analizzando (1947/2003): adrian-wibowo-2026-limited-225
[2026-08-10 14:59:31] [rate limit] dettaglio risposta 429 -- headers rilevanti: Retry-After='29', corpo: '{"error":"Too many requests, please retry later."}'
[2026-08-10 14:59:31] [rate limit] Retry-After=29s troppo lungo (soglia 15s), probabile ban a tempo fisso -- rinuncio subito senza ritentare
[my-cards-profit]   ⚠️ Prezzo market non trovato
[my-cards-profit] Analizzando (1948/2003): jack-skahan-2026-limited-176
[2026-08-10 14:59:31] [rate limit] dettaglio risposta 429 -- headers rilevanti: Retry-After='29', corpo: '{"error":"Too many requests, please retry later."}'
[2026-08-10 14:59:31] [rate limit] Retry-After=29s troppo lungo (soglia 15s), probabile ban a tempo fisso -- rinuncio subito senza ritentare
[my-cards-profit]   ⚠️ Prezzo market non trovato
[my-cards-profit] Analizzando (1949/2003): bryce-duke-2026-limited-191
[2026-08-10 14:59:32] [rate limit] dettaglio risposta 429 -- headers rilevanti: Retry-After='28', corpo: '{"error":"Too many requests, please retry later."}'
[2026-08-10 14:59:32] [rate limit] Retry-After=28s troppo lungo (soglia 15s), probabile ban a tempo fisso -- rinuncio subito senza ritentare
[my-cards-profit]   ⚠️ Prezzo market non trovato
[my-cards-profit] Analizzando (1950/2003): steven-berghuis-2025-limited-453
[2026-08-10 14:59:32] [rate limit] dettaglio risposta 429 -- headers rilevanti: Retry-After='28', corpo: '{"error":"Too many requests, please retry later."}'
[2026-08-10 14:59:32] [rate limit] Retry-After=28s troppo lungo (soglia 15s), probabile ban a tempo fisso -- rinuncio subito senza ritentare
[my-cards-profit]   ⚠️ Prezzo market non trovato
[my-cards-profit] Analizzando (1951/2003): grady-diangana-2025-limited-108
[2026-08-10 14:59:32] [rate limit] dettaglio risposta 429 -- headers rilevanti: Retry-After='28', corpo: '{"error":"Too many requests, please retry later."}'
[2026-08-10 14:59:32] [rate limit] Retry-After=28s troppo lungo (soglia 15s), probabile ban a tempo fisso -- rinuncio subito senza ritentare
[my-cards-profit]   ⚠️ Prezzo market non trovato
[my-cards-profit] Analizzando (1952/2003): victor-chust-garcia-2025-limited-293
[2026-08-10 14:59:33] [rate limit] dettaglio risposta 429 -- headers rilevanti: Retry-After='27', corpo: '{"error":"Too many requests, please retry later."}'
[2026-08-10 14:59:33] [rate limit] Retry-After=27s troppo lungo (soglia 15s), probabile ban a tempo fisso -- rinuncio subito senza ritentare
[my-cards-profit]   ⚠️ Prezzo market non trovato
[my-cards-profit] Analizzando (1953/2003): georgi-minoungou-2026-limited-223
[2026-08-10 14:59:33] [rate limit] dettaglio risposta 429 -- headers rilevanti: Retry-After='27', corpo: '{"error":"Too many requests, please retry later."}'
[2026-08-10 14:59:33] [rate limit] Retry-After=27s troppo lungo (soglia 15s), probabile ban a tempo fisso -- rinuncio subito senza ritentare
[my-cards-profit]   ⚠️ Prezzo acquisto E prezzo market non trovati
[my-cards-profit] Analizzando (1954/2003): renan-guedes-borges-2025-limited-273
[2026-08-10 14:59:33] [rate limit] dettaglio risposta 429 -- headers rilevanti: Retry-After='27', corpo: '{"error":"Too many requests, please retry later."}'
[2026-08-10 14:59:33] [rate limit] Retry-After=27s troppo lungo (soglia 15s), probabile ban a tempo fisso -- rinuncio subito senza ritentare
[my-cards-profit]   ⚠️ Prezzo acquisto E prezzo market non trovati
[my-cards-profit] Analizzando (1955/2003): tadeo-allende-2026-limited-426
[2026-08-10 14:59:34] [rate limit] dettaglio risposta 429 -- headers rilevanti: Retry-After='26', corpo: '{"error":"Too many requests, please retry later."}'
[2026-08-10 14:59:34] [rate limit] Retry-After=26s troppo lungo (soglia 15s), probabile ban a tempo fisso -- rinuncio subito senza ritentare
[my-cards-profit]   ⚠️ Prezzo acquisto E prezzo market non trovati
[my-cards-profit] Analizzando (1956/2003): andrew-gutman-2026-limited-296
[2026-08-10 14:59:34] [rate limit] dettaglio risposta 429 -- headers rilevanti: Retry-After='26', corpo: '{"error":"Too many requests, please retry later."}'
[2026-08-10 14:59:34] [rate limit] Retry-After=26s troppo lungo (soglia 15s), probabile ban a tempo fisso -- rinuncio subito senza ritentare
[my-cards-profit]   ⚠️ Prezzo acquisto E prezzo market non trovati
[my-cards-profit] Analizzando (1957/2003): tristan-blackmon-2026-limited-364
[2026-08-10 14:59:34] [rate limit] dettaglio risposta 429 -- headers rilevanti: Retry-After='26', corpo: '{"error":"Too many requests, please retry later."}'
[2026-08-10 14:59:34] [rate limit] Retry-After=26s troppo lungo (soglia 15s), probabile ban a tempo fisso -- rinuncio subito senza ritentare
[my-cards-profit]   ⚠️ Prezzo acquisto E prezzo market non trovati
[my-cards-profit] Analizzando (1958/2003): yuji-kitajima-2026-limited-193
[2026-08-10 14:59:35] [rate limit] dettaglio risposta 429 -- headers rilevanti: Retry-After='25', corpo: '{"error":"Too many requests, please retry later."}'
[2026-08-10 14:59:35] [rate limit] Retry-After=25s troppo lungo (soglia 15s), probabile ban a tempo fisso -- rinuncio subito senza ritentare
[my-cards-profit]   ⚠️ Prezzo acquisto E prezzo market non trovati
[my-cards-profit] Analizzando (1959/2003): aleksandr-siljanov-2021-limited-102
[my-cards-profit]   🔁 Ricevuta in scambio, esclusa (nessun costo in euro quantificabile)
[my-cards-profit] Analizzando (1960/2003): matias-ezequiel-dituro-2025-limited-663
[2026-08-10 14:59:35] [rate limit] dettaglio risposta 429 -- headers rilevanti: Retry-After='25', corpo: '{"error":"Too many requests, please retry later."}'
[2026-08-10 14:59:35] [rate limit] Retry-After=25s troppo lungo (soglia 15s), probabile ban a tempo fisso -- rinuncio subito senza ritentare
[my-cards-profit]   ⚠️ Prezzo market non trovato
[my-cards-profit] Analizzando (1961/2003): chibuike-godfrey-nwaiwu-2025-limited-366
[2026-08-10 14:59:35] [rate limit] dettaglio risposta 429 -- headers rilevanti: Retry-After='25', corpo: '{"error":"Too many requests, please retry later."}'
[2026-08-10 14:59:35] [rate limit] Retry-After=25s troppo lungo (soglia 15s), probabile ban a tempo fisso -- rinuncio subito senza ritentare
[my-cards-profit]   ⚠️ Prezzo market non trovato
[my-cards-profit] Analizzando (1962/2003): clinton-nsiala-makengo-2025-limited-398
[2026-08-10 14:59:36] [rate limit] dettaglio risposta 429 -- headers rilevanti: Retry-After='24', corpo: '{"error":"Too many requests, please retry later."}'
[2026-08-10 14:59:36] [rate limit] Retry-After=24s troppo lungo (soglia 15s), probabile ban a tempo fisso -- rinuncio subito senza ritentare
[my-cards-profit]   ⚠️ Prezzo acquisto E prezzo market non trovati
[my-cards-profit] Analizzando (1963/2003): sanel-saljic-2025-limited-369
[2026-08-10 14:59:36] [rate limit] dettaglio risposta 429 -- headers rilevanti: Retry-After='24', corpo: '{"error":"Too many requests, please retry later."}'
[2026-08-10 14:59:36] [rate limit] Retry-After=24s troppo lungo (soglia 15s), probabile ban a tempo fisso -- rinuncio subito senza ritentare
[my-cards-profit]   ⚠️ Prezzo acquisto E prezzo market non trovati
[my-cards-profit] Analizzando (1964/2003): lucas-boel-hey-2025-limited-778
[2026-08-10 14:59:37] [rate limit] dettaglio risposta 429 -- headers rilevanti: Retry-After='24', corpo: '{"error":"Too many requests, please retry later."}'
[2026-08-10 14:59:37] [rate limit] Retry-After=24s troppo lungo (soglia 15s), probabile ban a tempo fisso -- rinuncio subito senza ritentare
[my-cards-profit]   ⚠️ Prezzo acquisto E prezzo market non trovati
[my-cards-profit] Analizzando (1965/2003): min-seo-moon-2026-limited-212
[2026-08-10 14:59:37] [rate limit] dettaglio risposta 429 -- headers rilevanti: Retry-After='23', corpo: '{"error":"Too many requests, please retry later."}'
[2026-08-10 14:59:37] [rate limit] Retry-After=23s troppo lungo (soglia 15s), probabile ban a tempo fisso -- rinuncio subito senza ritentare
[my-cards-profit]   ⚠️ Prezzo acquisto E prezzo market non trovati
[my-cards-profit] Analizzando (1966/2003): stefan-mugosa-2026-limited-383
[2026-08-10 14:59:37] [rate limit] dettaglio risposta 429 -- headers rilevanti: Retry-After='23', corpo: '{"error":"Too many requests, please retry later."}'
[2026-08-10 14:59:37] [rate limit] Retry-After=23s troppo lungo (soglia 15s), probabile ban a tempo fisso -- rinuncio subito senza ritentare
[my-cards-profit]   ⚠️ Prezzo market non trovato
[my-cards-profit] Analizzando (1967/2003): christopher-mcvey-2026-limited-333
[2026-08-10 14:59:38] [rate limit] dettaglio risposta 429 -- headers rilevanti: Retry-After='23', corpo: '{"error":"Too many requests, please retry later."}'
[2026-08-10 14:59:38] [rate limit] Retry-After=23s troppo lungo (soglia 15s), probabile ban a tempo fisso -- rinuncio subito senza ritentare
[my-cards-profit]   ⚠️ Prezzo market non trovato
[my-cards-profit] Analizzando (1968/2003): andrew-thomas-1998-09-01-2026-limited-362
[2026-08-10 14:59:38] [rate limit] dettaglio risposta 429 -- headers rilevanti: Retry-After='22', corpo: '{"error":"Too many requests, please retry later."}'
[2026-08-10 14:59:38] [rate limit] Retry-After=22s troppo lungo (soglia 15s), probabile ban a tempo fisso -- rinuncio subito senza ritentare
[my-cards-profit]   ⚠️ Prezzo acquisto E prezzo market non trovati
[my-cards-profit] Analizzando (1969/2003): cabral-jones-carter-2026-limited-233
[2026-08-10 14:59:38] [rate limit] dettaglio risposta 429 -- headers rilevanti: Retry-After='22', corpo: '{"error":"Too many requests, please retry later."}'
[2026-08-10 14:59:38] [rate limit] Retry-After=22s troppo lungo (soglia 15s), probabile ban a tempo fisso -- rinuncio subito senza ritentare
[my-cards-profit]   ⚠️ Prezzo market non trovato
[my-cards-profit] Analizzando (1970/2003): thomas-muller-2026-limited-416
[2026-08-10 14:59:39] [rate limit] dettaglio risposta 429 -- headers rilevanti: Retry-After='21', corpo: '{"error":"Too many requests, please retry later."}'
[2026-08-10 14:59:39] [rate limit] Retry-After=21s troppo lungo (soglia 15s), probabile ban a tempo fisso -- rinuncio subito senza ritentare
[my-cards-profit]   ⚠️ Prezzo acquisto E prezzo market non trovati
[my-cards-profit] Analizzando (1971/2003): jacob-shaffelburg-2026-limited-240
[2026-08-10 14:59:39] [rate limit] dettaglio risposta 429 -- headers rilevanti: Retry-After='21', corpo: '{"error":"Too many requests, please retry later."}'
[2026-08-10 14:59:39] [rate limit] Retry-After=21s troppo lungo (soglia 15s), probabile ban a tempo fisso -- rinuncio subito senza ritentare
[my-cards-profit]   ⚠️ Prezzo market non trovato
[my-cards-profit] Analizzando (1972/2003): brian-white-2026-limited-346
[2026-08-10 14:59:39] [rate limit] dettaglio risposta 429 -- headers rilevanti: Retry-After='21', corpo: '{"error":"Too many requests, please retry later."}'
[2026-08-10 14:59:39] [rate limit] Retry-After=21s troppo lungo (soglia 15s), probabile ban a tempo fisso -- rinuncio subito senza ritentare
[my-cards-profit]   ⚠️ Prezzo acquisto E prezzo market non trovati
[my-cards-profit] Analizzando (1973/2003): darijan-bojanic-2023-limited-141
[2026-08-10 14:59:40] [rate limit] dettaglio risposta 429 -- headers rilevanti: Retry-After='20', corpo: '{"error":"Too many requests, please retry later."}'
[2026-08-10 14:59:40] [rate limit] Retry-After=20s troppo lungo (soglia 15s), probabile ban a tempo fisso -- rinuncio subito senza ritentare
[my-cards-profit]   ⚠️ Prezzo market non trovato
[my-cards-profit] Analizzando (1974/2003): dong-kyung-lee-2026-limited-104
[2026-08-10 14:59:40] [rate limit] dettaglio risposta 429 -- headers rilevanti: Retry-After='20', corpo: '{"error":"Too many requests, please retry later."}'
[2026-08-10 14:59:40] [rate limit] Retry-After=20s troppo lungo (soglia 15s), probabile ban a tempo fisso -- rinuncio subito senza ritentare
[my-cards-profit]   ⚠️ Prezzo market non trovato
[my-cards-profit] Analizzando (1975/2003): pau-navarro-badenes-2025-limited-413
[my-cards-profit]   🔁 Ricevuta in scambio, esclusa (nessun costo in euro quantificabile)
[my-cards-profit] Analizzando (1976/2003): moses-usor-2025-limited-765
[my-cards-profit]   🔁 Ricevuta in scambio, esclusa (nessun costo in euro quantificabile)
[my-cards-profit] Analizzando (1977/2003): joan-garcia-pons-2025-limited-741
[2026-08-10 14:59:40] [rate limit] dettaglio risposta 429 -- headers rilevanti: Retry-After='20', corpo: '{"error":"Too many requests, please retry later."}'
[2026-08-10 14:59:40] [rate limit] Retry-After=20s troppo lungo (soglia 15s), probabile ban a tempo fisso -- rinuncio subito senza ritentare
[my-cards-profit]   ⚠️ Prezzo market non trovato
[my-cards-profit] Analizzando (1978/2003): robert-kenedy-nunes-do-nascimento-2023-limited-103
[2026-08-10 14:59:41] [rate limit] dettaglio risposta 429 -- headers rilevanti: Retry-After='19', corpo: '{"error":"Too many requests, please retry later."}'
[2026-08-10 14:59:41] [rate limit] Retry-After=19s troppo lungo (soglia 15s), probabile ban a tempo fisso -- rinuncio subito senza ritentare
[my-cards-profit]   ⚠️ Prezzo market non trovato
[my-cards-profit] Analizzando (1979/2003): yari-verschaeren-2022-limited-45
[2026-08-10 14:59:41] [rate limit] dettaglio risposta 429 -- headers rilevanti: Retry-After='19', corpo: '{"error":"Too many requests, please retry later."}'
[2026-08-10 14:59:41] [rate limit] Retry-After=19s troppo lungo (soglia 15s), probabile ban a tempo fisso -- rinuncio subito senza ritentare
[my-cards-profit]   ⚠️ Prezzo market non trovato
[my-cards-profit] Analizzando (1980/2003): william-paul-yarbrough-story-2026-limited-188
[2026-08-10 14:59:41] [rate limit] dettaglio risposta 429 -- headers rilevanti: Retry-After='19', corpo: '{"error":"Too many requests, please retry later."}'
[2026-08-10 14:59:41] [rate limit] Retry-After=19s troppo lungo (soglia 15s), probabile ban a tempo fisso -- rinuncio subito senza ritentare
[my-cards-profit]   ⚠️ Prezzo acquisto E prezzo market non trovati
[my-cards-profit] Analizzando (1981/2003): kerim-sam-alajbegovic-2025-limited-689
[2026-08-10 14:59:42] [rate limit] dettaglio risposta 429 -- headers rilevanti: Retry-After='18', corpo: '{"error":"Too many requests, please retry later."}'
[2026-08-10 14:59:42] [rate limit] Retry-After=18s troppo lungo (soglia 15s), probabile ban a tempo fisso -- rinuncio subito senza ritentare
[my-cards-profit]   ⚠️ Prezzo market non trovato
[my-cards-profit] Analizzando (1982/2003): artem-smolyakov-2026-limited-221
[2026-08-10 14:59:42] [rate limit] dettaglio risposta 429 -- headers rilevanti: Retry-After='18', corpo: '{"error":"Too many requests, please retry later."}'
[2026-08-10 14:59:42] [rate limit] Retry-After=18s troppo lungo (soglia 15s), probabile ban a tempo fisso -- rinuncio subito senza ritentare
[my-cards-profit]   ⚠️ Prezzo market non trovato
[my-cards-profit] Analizzando (1983/2003): myung-sun-kim-2026-limited-23
[2026-08-10 14:59:42] [rate limit] dettaglio risposta 429 -- headers rilevanti: Retry-After='18', corpo: '{"error":"Too many requests, please retry later."}'
[2026-08-10 14:59:42] [rate limit] Retry-After=18s troppo lungo (soglia 15s), probabile ban a tempo fisso -- rinuncio subito senza ritentare
[my-cards-profit]   ⚠️ Prezzo market non trovato
[my-cards-profit] Analizzando (1984/2003): tae-hee-lee-2026-limited-152
[2026-08-10 14:59:43] [rate limit] dettaglio risposta 429 -- headers rilevanti: Retry-After='17', corpo: '{"error":"Too many requests, please retry later."}'
[2026-08-10 14:59:43] [rate limit] Retry-After=17s troppo lungo (soglia 15s), probabile ban a tempo fisso -- rinuncio subito senza ritentare
[my-cards-profit]   ⚠️ Prezzo market non trovato
[my-cards-profit] Analizzando (1985/2003): ranko-veselinovic-2026-limited-204
[2026-08-10 14:59:43] [rate limit] dettaglio risposta 429 -- headers rilevanti: Retry-After='17', corpo: '{"error":"Too many requests, please retry later."}'
[2026-08-10 14:59:43] [rate limit] Retry-After=17s troppo lungo (soglia 15s), probabile ban a tempo fisso -- rinuncio subito senza ritentare
[my-cards-profit]   ⚠️ Prezzo market non trovato
[my-cards-profit] Analizzando (1986/2003): hyeon-mu-kang-2026-limited-111
[2026-08-10 14:59:44] [rate limit] dettaglio risposta 429 -- headers rilevanti: Retry-After='17', corpo: '{"error":"Too many requests, please retry later."}'
[2026-08-10 14:59:44] [rate limit] Retry-After=17s troppo lungo (soglia 15s), probabile ban a tempo fisso -- rinuncio subito senza ritentare
[my-cards-profit]   ⚠️ Prezzo market non trovato
[my-cards-profit] Analizzando (1987/2003): pil-gwan-ko-2026-limited-52
[2026-08-10 14:59:44] [rate limit] dettaglio risposta 429 -- headers rilevanti: Retry-After='16', corpo: '{"error":"Too many requests, please retry later."}'
[2026-08-10 14:59:44] [rate limit] Retry-After=16s troppo lungo (soglia 15s), probabile ban a tempo fisso -- rinuncio subito senza ritentare
[my-cards-profit]   ⚠️ Prezzo market non trovato
[my-cards-profit] Analizzando (1988/2003): joao-pedro-costa-gamboa-2026-limited-174
[2026-08-10 14:59:44] [rate limit] dettaglio risposta 429 -- headers rilevanti: Retry-After='16', corpo: '{"error":"Too many requests, please retry later."}'
[2026-08-10 14:59:44] [rate limit] Retry-After=16s troppo lungo (soglia 15s), probabile ban a tempo fisso -- rinuncio subito senza ritentare
[my-cards-profit]   ⚠️ Prezzo market non trovato
[my-cards-profit] Analizzando (1989/2003): sang-myung-lee-2026-limited-130
[2026-08-10 14:59:45] [rate limit] dettaglio risposta 429 -- headers rilevanti: Retry-After='15', corpo: '{"error":"Too many requests, please retry later."}'
[2026-08-10 14:59:45] [rate limit] HTTP 429 da Sorare (tentativo 1/3), attendo 8.0s prima di ritentare...
[2026-08-10 14:59:53] [rate limit] HTTP 429 da Sorare (tentativo 2/3), attendo 7.0s prima di ritentare...
[my-cards-profit]   ❌ No profit: acquistato 0.61€, market 0.57€ (-6.6%)
[my-cards-profit] Analizzando (1990/2003): ju-hyeong-kim-2007-08-20-2026-limited-142
[my-cards-profit]   ❌ No profit: acquistato 0.99€, market 0.52€ (-47.5%)
[my-cards-profit] Analizzando (1991/2003): chang-geun-lee-2026-limited-199
[my-cards-profit]   ❌ No profit: acquistato 4.91€, market 2.79€ (-43.1%)
[my-cards-profit] Analizzando (1992/2003): moon-hwan-kim-2026-limited-273
[my-cards-profit]   ❌ No profit: acquistato 2.50€, market 1.90€ (-23.8%)
[my-cards-profit] Analizzando (1993/2003): kimito-nono-2025-limited-194
[my-cards-profit]   ❌ No profit: acquistato 1.56€, market 0.48€ (-68.9%)
[my-cards-profit] Analizzando (1994/2003): moon-hwan-kim-2025-limited-59
[my-cards-profit]   ❌ No profit: acquistato 0.50€, market 0.47€ (-6.0%)
[my-cards-profit] Analizzando (1995/2003): adrian-alonso-martinez-batista-2026-limited-225
[my-cards-profit]   ❌ No profit: acquistato 2.06€, market 1.20€ (-41.7%)
[my-cards-profit] Analizzando (1996/2003): antino-lopez-2026-limited-132
[my-cards-profit]   ❌ No profit: acquistato 2.06€, market 0.59€ (-71.4%)
[my-cards-profit] Analizzando (1997/2003): tyler-austin-hall-2026-limited-233
[my-cards-profit]   ❌ No profit: acquistato 2.07€, market 0.89€ (-57.0%)
[my-cards-profit] Analizzando (1998/2003): malachi-jones-2026-limited-146
[my-cards-profit]   ❌ No profit: acquistato 2.06€, market 1.44€ (-30.1%)
[my-cards-profit] Analizzando (1999/2003): xavier-valdez-2026-limited-191
[my-cards-profit]   ❌ No profit: acquistato 3.09€, market 1.94€ (-37.2%)
[my-cards-profit] Analizzando (2000/2003): hassani-dotson-2026-limited-226
[my-cards-profit]   ❌ No profit: acquistato 2.00€, market 0.82€ (-58.9%)
[my-cards-profit] Analizzando (2001/2003): josh-cohen-2026-limited-161
[my-cards-profit]   ❌ No profit: acquistato 2.00€, market 0.87€ (-56.7%)
[my-cards-profit] Analizzando (2002/2003): kenny-nielsen-2026-limited-215
[my-cards-profit]   ❌ No profit: acquistato 2.00€, market 0.84€ (-58.0%)
[my-cards-profit] Analizzando (2003/2003): jamar-ricketts-2026-limited-225
[my-cards-profit]   ❌ No profit: acquistato 2.00€, market 0.80€ (-60.0%)
[my-cards-profit] Cursore aggiornato a 300/2003 (prossimo run riparte da li')
[my-cards-profit] Salvate 209 carte notificate (skip permanente)
[my-cards-profit] Backlog (solo informativo) di questo giro: 166 carte senza prezzo di acquisto ne' di mercato
[my-cards-profit] Totale carte con profit: 42, carte craft/premio di valore: 167
[my-cards-profit] Report HTML scritto in scanners/output/my_cards_profit_report.html
[my-cards-profit] Notifica con link al report inviata
[my-cards-profit] Esecuzione terminata.
