player_slug,league_slug,league_group,tipo_carta,tx_datetime_utc,price_eur,giorni_da_partita
robert-lewandowski,mlspa,mlspa,in season,2026-07-31T22:45:32+00:00,4.03,-1.073
robert-lewandowski,mlspa,mlspa,in season,2026-08-01T00:30:13+00:00,6.13,-1.0
robert-lewandowski,mlspa,mlspa,in season,2026-08-01T09:14:14+00:00,5.99,-0.636
robert-lewandowski,mlspa,mlspa,in season,2026-08-01T16:05:25+00:00,6.15,-0.35
robert-lewandowski,mlspa,mlspa,in season,2026-08-01T22:17:48+00:00,5.11,-0.092
robert-lewandowski,mlspa,mlspa,in season,2026-08-02T01:02:27+00:00,10.07,0.023
robert-lewandowski,mlspa,mlspa,in season,2026-08-02T01:09:19+00:00,11.35,0.027
robert-lewandowski,mlspa,mlspa,in season,2026-08-02T01:09:37+00:00,11.51,0.028
robert-lewandowski,mlspa,mlspa,in season,2026-08-02T01:21:02+00:00,11.19,0.035
robert-lewandowski,mlspa,mlspa,in season,2026-08-02T02:10:09+00:00,12.22,0.07
robert-lewandowski,mlspa,mlspa,in season,2026-08-02T02:11:27+00:00,13.35,0.07
robert-lewandowski,mlspa,mlspa,in season,2026-08-02T05:35:51+00:00,6.35,0.212
robert-lewandowski,mlspa,mlspa,in season,2026-08-02T07:43:51+00:00,10.08,0.301
robert-lewandowski,mlspa,mlspa,in season,2026-08-02T08:41:12+00:00,17.39,0.341
robert-lewandowski,mlspa,mlspa,in season,2026-08-02T08:41:55+00:00,17.88,0.342
robert-lewandowski,mlspa,mlspa,in season,2026-08-02T08:56:53+00:00,6.34,0.352
robert-lewandowski,mlspa,mlspa,in season,2026-08-02T09:33:15+00:00,17.96,0.377
robert-lewandowski,mlspa,mlspa,in season,2026-08-02T12:00:48+00:00,6.74,0.48
robert-lewandowski,mlspa,mlspa,in season,2026-08-02T14:32:52+00:00,6.75,0.585
robert-lewandowski,mlspa,mlspa,in season,2026-08-02T15:29:57+00:00,8.04,0.625
robert-lewandowski,mlspa,mlspa,in season,2026-08-02T15:36:02+00:00,7.39,0.629
robert-lewandowski,mlspa,mlspa,in season,2026-08-02T19:44:04+00:00,14.46,0.801
robert-lewandowski,mlspa,mlspa,in season,2026-08-03T01:09:03+00:00,17.03,1.027
robert-lewandowski,mlspa,mlspa,in season,2026-08-03T07:35:12+00:00,9.29,1.295
robert-lewandowski,mlspa,mlspa,in season,2026-08-03T09:53:34+00:00,9.09,1.391
robert-lewandowski,mlspa,mlspa,in season,2026-08-03T11:25:42+00:00,17.12,1.455
robert-lewandowski,mlspa,mlspa,in season,2026-08-03T14:53:12+00:00,15.15,1.599
robert-lewandowski,mlspa,mlspa,in season,2026-07-28T19:28:18+00:00,18.94,2.832
robert-lewandowski,mlspa,mlspa,in season,2026-07-28T21:18:52+00:00,18.68,2.909
robert-lewandowski,mlspa,mlspa,in season,2026-07-29T09:43:58+00:00,5.54,3.426
robert-lewandowski,mlspa,mlspa,in season,2026-07-29T16:58:02+00:00,6.31,-3.314
robert-lewandowski,mlspa,mlspa,in season,2026-07-29T21:54:58+00:00,6.89,-3.108
robert-lewandowski,mlspa,mlspa,in season,2026-07-30T06:56:56+00:00,13.96,-2.731
robert-lewandowski,mlspa,mlspa,in season,2026-07-30T10:52:36+00:00,10.69,-2.568
robert-lewandowski,mlspa,mlspa,in season,2026-07-30T13:56:21+00:00,13.58,-2.44
robert-lewandowski,mlspa,mlspa,in season,2026-07-30T21:46:50+00:00,5.5,-2.113
robert-lewandowski,mlspa,mlspa,in season,2026-07-31T06:17:17+00:00,4.63,-1.759
robert-lewandowski,mlspa,mlspa,in season,2026-07-31T07:39:09+00:00,4.95,-1.702
robert-lewandowski,mlspa,mlspa,in season,2026-07-31T09:20:00+00:00,13.11,-1.632
robert-lewandowski,mlspa,mlspa,in season,2026-07-31T15:50:53+00:00,5.01,-1.36
robert-lewandowski,mlspa,mlspa,in season,2026-07-31T19:33:27+00:00,3.73,-1.206
robert-lewandowski,mlspa,mlspa,in season,2026-07-31T19:52:53+00:00,4.86,-1.192
robert-lewandowski,mlspa,mlspa,in season,2026-07-31T21:21:50+00:00,13.07,-1.131
robert-lewandowski,mlspa,mlspa,in season,2026-07-31T21:49:38+00:00,13.07,-1.111
robert-lewandowski,mlspa,mlspa,in season,2026-07-28T09:55:06+00:00,10.59,2.434
cole-bassett,mlspa,mlspa,in season,2026-07-28T22:29:27+00:00,4.72,2.833
cole-bassett,mlspa,mlspa,in season,2026-07-29T07:25:19+00:00,5.05,3.205
cole-bassett,mlspa,mlspa,in season,2026-07-29T18:30:43+00:00,4.2,-3.343
cole-bassett,mlspa,mlspa,in season,2026-07-29T22:50:36+00:00,3.64,-3.163
cole-bassett,mlspa,mlspa,in season,2026-07-30T10:19:13+00:00,3.51,-2.685
cole-bassett,mlspa,mlspa,in season,2026-07-30T12:28:31+00:00,2.51,-2.595
cole-bassett,mlspa,mlspa,in season,2026-07-30T16:34:25+00:00,3.16,-2.424
cole-bassett,mlspa,mlspa,in season,2026-07-30T16:45:44+00:00,3.16,-2.416
cole-bassett,mlspa,mlspa,in season,2026-07-31T07:51:40+00:00,3.14,-1.787
cole-bassett,mlspa,mlspa,in season,2026-07-31T09:36:05+00:00,3.11,-1.715
cole-bassett,mlspa,mlspa,in season,2026-07-31T10:33:36+00:00,3.27,-1.675
cole-bassett,mlspa,mlspa,in season,2026-07-31T11:44:16+00:00,3.11,-1.626
cole-bassett,mlspa,mlspa,in season,2026-07-31T13:46:32+00:00,3.11,-1.541
cole-bassett,mlspa,mlspa,in season,2026-07-31T14:06:05+00:00,3.25,-1.527
cole-bassett,mlspa,mlspa,in season,2026-07-31T17:12:00+00:00,4.04,-1.398
cole-bassett,mlspa,mlspa,in season,2026-08-01T00:04:45+00:00,3.87,-1.111
cole-bassett,mlspa,mlspa,in season,2026-08-02T09:48:23+00:00,2.91,0.294
cole-bassett,mlspa,mlspa,in season,2026-08-03T05:44:40+00:00,3.53,1.125
rafael-cabral-barbosa,mlspa,mlspa,in season,2026-07-28T02:46:07+00:00,4.28,2.011
rafael-cabral-barbosa,mlspa,mlspa,in season,2026-07-28T02:54:49+00:00,4.28,2.017
rafael-cabral-barbosa,mlspa,mlspa,in season,2026-07-28T17:05:46+00:00,4.39,2.608
rafael-cabral-barbosa,mlspa,mlspa,in season,2026-07-29T00:24:13+00:00,3.03,2.913
rafael-cabral-barbosa,mlspa,mlspa,in season,2026-07-29T01:59:01+00:00,3.19,2.978
rafael-cabral-barbosa,mlspa,mlspa,in season,2026-07-29T10:41:39+00:00,3.54,3.341
rafael-cabral-barbosa,mlspa,mlspa,in season,2026-07-29T21:01:13+00:00,3.12,-3.145
rafael-cabral-barbosa,mlspa,mlspa,in season,2026-07-29T23:19:20+00:00,3.65,-3.049
rafael-cabral-barbosa,mlspa,mlspa,in season,2026-07-30T00:01:08+00:00,2.0,-3.02
rafael-cabral-barbosa,mlspa,mlspa,in season,2026-07-30T11:38:41+00:00,2.0,-2.536
rafael-cabral-barbosa,mlspa,mlspa,in season,2026-07-30T12:29:25+00:00,1.34,-2.5
rafael-cabral-barbosa,mlspa,mlspa,in season,2026-07-30T13:31:43+00:00,2.85,-2.457
rafael-cabral-barbosa,mlspa,mlspa,in season,2026-07-30T13:48:17+00:00,2.68,-2.446
rafael-cabral-barbosa,mlspa,mlspa,in season,2026-07-30T16:22:06+00:00,3.49,-2.339
rafael-cabral-barbosa,mlspa,mlspa,in season,2026-07-30T18:16:13+00:00,2.66,-2.26
rafael-cabral-barbosa,mlspa,mlspa,in season,2026-07-31T01:55:39+00:00,2.66,-1.941
rafael-cabral-barbosa,mlspa,mlspa,in season,2026-07-31T10:23:22+00:00,2.62,-1.588
rafael-cabral-barbosa,mlspa,mlspa,in season,2026-07-31T11:28:16+00:00,2.95,-1.543
rafael-cabral-barbosa,mlspa,mlspa,in season,2026-07-31T14:23:38+00:00,2.76,-1.421
rafael-cabral-barbosa,mlspa,mlspa,in season,2026-07-31T14:38:45+00:00,3.09,-1.411
rafael-cabral-barbosa,mlspa,mlspa,in season,2026-08-02T11:50:51+00:00,2.91,0.473
rafael-cabral-barbosa,mlspa,mlspa,in season,2026-08-02T20:41:53+00:00,4.07,0.842
rafael-cabral-barbosa,mlspa,mlspa,in season,2026-08-02T22:21:46+00:00,3.76,0.911
rafael-cabral-barbosa,mlspa,mlspa,in season,2026-08-02T23:55:54+00:00,2.93,0.976
rafael-cabral-barbosa,mlspa,mlspa,in season,2026-08-03T11:59:42+00:00,2.72,1.479
rafael-cabral-barbosa,mlspa,mlspa,in season,2026-08-03T12:51:57+00:00,3.66,1.515
angus-gunn,mlspa,mlspa,classic,2026-07-30T22:44:46+00:00,3.33,-2.126
angus-gunn,mlspa,mlspa,classic,2026-07-31T09:47:42+00:00,2.95,-1.665
angus-gunn,mlspa,mlspa,classic,2026-07-31T18:10:43+00:00,3.25,-1.316
angus-gunn,mlspa,mlspa,classic,2026-08-01T23:04:14+00:00,2.72,-0.112
angus-gunn,mlspa,mlspa,classic,2026-08-02T10:42:58+00:00,2.59,0.373
angus-gunn,mlspa,mlspa,classic,2026-07-27T16:18:15+00:00,4.74,1.575
angus-gunn,mlspa,mlspa,classic,2026-07-28T10:35:22+00:00,3.63,2.337
angus-gunn,mlspa,mlspa,classic,2026-07-29T19:47:21+00:00,5.02,-3.249
angus-gunn,mlspa,mlspa,in season,2026-07-30T09:50:21+00:00,4.01,-2.664
angus-gunn,mlspa,mlspa,in season,2026-07-30T10:02:48+00:00,3.84,-2.655
angus-gunn,mlspa,mlspa,in season,2026-07-30T13:56:41+00:00,3.86,-2.493
angus-gunn,mlspa,mlspa,in season,2026-07-30T14:12:11+00:00,4.01,-2.482
angus-gunn,mlspa,mlspa,in season,2026-07-30T16:00:51+00:00,3.83,-2.406
angus-gunn,mlspa,mlspa,in season,2026-07-30T17:35:35+00:00,3.83,-2.341
angus-gunn,mlspa,mlspa,in season,2026-07-30T19:44:04+00:00,3.65,-2.251
angus-gunn,mlspa,mlspa,in season,2026-07-30T23:57:54+00:00,3.84,-2.075
angus-gunn,mlspa,mlspa,in season,2026-07-31T03:14:08+00:00,3.64,-1.939
angus-gunn,mlspa,mlspa,in season,2026-07-31T04:40:45+00:00,3.48,-1.879
angus-gunn,mlspa,mlspa,in season,2026-07-31T06:27:45+00:00,8.44,-1.804
angus-gunn,mlspa,mlspa,in season,2026-07-31T08:39:36+00:00,3.12,-1.713
angus-gunn,mlspa,mlspa,in season,2026-07-31T08:49:58+00:00,4.1,-1.706
angus-gunn,mlspa,mlspa,in season,2026-07-31T09:17:38+00:00,3.93,-1.686
angus-gunn,mlspa,mlspa,in season,2026-07-31T12:33:26+00:00,4.1,-1.55
angus-gunn,mlspa,mlspa,in season,2026-07-31T12:52:09+00:00,5.08,-1.537
angus-gunn,mlspa,mlspa,in season,2026-07-31T14:17:27+00:00,5.85,-1.478
angus-gunn,mlspa,mlspa,in season,2026-07-31T14:26:47+00:00,4.55,-1.472
angus-gunn,mlspa,mlspa,in season,2026-07-31T19:53:52+00:00,4.05,-1.245
angus-gunn,mlspa,mlspa,in season,2026-07-31T22:03:13+00:00,8.38,-1.155
angus-gunn,mlspa,mlspa,in season,2026-08-01T09:19:19+00:00,4.54,-0.685
angus-gunn,mlspa,mlspa,in season,2026-08-01T14:41:12+00:00,4.86,-0.462
angus-gunn,mlspa,mlspa,in season,2026-08-01T19:56:32+00:00,4.93,-0.243
angus-gunn,mlspa,mlspa,in season,2026-08-01T22:18:21+00:00,4.63,-0.144
angus-gunn,mlspa,mlspa,in season,2026-08-02T07:43:46+00:00,3.58,0.248
angus-gunn,mlspa,mlspa,in season,2026-08-02T07:47:10+00:00,7.16,0.251
angus-gunn,mlspa,mlspa,in season,2026-08-02T11:26:55+00:00,4.53,0.403
angus-gunn,mlspa,mlspa,in season,2026-08-02T16:50:42+00:00,3.06,0.628
angus-gunn,mlspa,mlspa,in season,2026-08-02T17:29:17+00:00,10.17,0.655
angus-gunn,mlspa,mlspa,in season,2026-08-03T03:52:41+00:00,5.98,1.088
angus-gunn,mlspa,mlspa,in season,2026-08-03T03:52:56+00:00,5.81,1.088
angus-gunn,mlspa,mlspa,in season,2026-08-03T15:35:13+00:00,8.06,1.576
angus-gunn,mlspa,mlspa,in season,2026-07-27T19:07:42+00:00,6.82,1.693
angus-gunn,mlspa,mlspa,in season,2026-07-27T22:44:33+00:00,11.6,1.843
angus-gunn,mlspa,mlspa,in season,2026-07-28T08:32:05+00:00,5.13,2.251
angus-gunn,mlspa,mlspa,in season,2026-07-28T10:54:50+00:00,10.07,2.351
angus-gunn,mlspa,mlspa,in season,2026-07-28T15:04:06+00:00,8.62,2.524
angus-gunn,mlspa,mlspa,in season,2026-07-28T15:21:19+00:00,5.63,2.536
angus-gunn,mlspa,mlspa,in season,2026-07-28T15:26:02+00:00,5.14,2.539
angus-gunn,mlspa,mlspa,in season,2026-07-28T19:17:53+00:00,6.04,2.7
angus-gunn,mlspa,mlspa,in season,2026-07-28T20:29:59+00:00,4.21,2.75
angus-gunn,mlspa,mlspa,in season,2026-07-28T21:12:19+00:00,10.94,2.779
angus-gunn,mlspa,mlspa,in season,2026-07-28T21:20:34+00:00,11.27,2.785
angus-gunn,mlspa,mlspa,in season,2026-07-29T07:26:59+00:00,4.55,3.206
angus-gunn,mlspa,mlspa,in season,2026-07-29T10:11:51+00:00,3.2,3.321
angus-gunn,mlspa,mlspa,in season,2026-07-29T15:18:30+00:00,7.82,-3.436
angus-gunn,mlspa,mlspa,in season,2026-07-29T17:09:16+00:00,4.16,-3.359
angus-gunn,mlspa,mlspa,in season,2026-07-29T18:58:07+00:00,3.19,-3.283
angus-gunn,mlspa,mlspa,in season,2026-07-29T21:36:36+00:00,8.54,-3.173
angus-gunn,mlspa,mlspa,in season,2026-07-30T01:10:11+00:00,3.31,-3.025
angus-gunn,mlspa,mlspa,in season,2026-07-30T05:16:43+00:00,3.82,-2.854
timo-werner,mlspa,mlspa,in season,2026-07-30T10:34:23+00:00,9.02,-2.633
timo-werner,mlspa,mlspa,in season,2026-07-30T13:55:36+00:00,4.86,-2.493
timo-werner,mlspa,mlspa,in season,2026-07-30T22:15:03+00:00,3.83,-2.146
timo-werner,mlspa,mlspa,in season,2026-07-31T06:38:32+00:00,3.14,-1.797
timo-werner,mlspa,mlspa,in season,2026-07-31T08:22:50+00:00,5.08,-1.724
timo-werner,mlspa,mlspa,in season,2026-07-31T12:48:47+00:00,3.61,-1.54
timo-werner,mlspa,mlspa,in season,2026-07-31T14:22:29+00:00,2.6,-1.475
timo-werner,mlspa,mlspa,in season,2026-07-31T15:01:46+00:00,3.55,-1.447
timo-werner,mlspa,mlspa,in season,2026-07-31T15:24:33+00:00,9.2,-1.432
timo-werner,mlspa,mlspa,in season,2026-07-31T16:08:32+00:00,3.55,-1.401
timo-werner,mlspa,mlspa,in season,2026-07-31T20:56:01+00:00,3.72,-1.201
timo-werner,mlspa,mlspa,in season,2026-07-31T21:19:07+00:00,3.87,-1.185
timo-werner,mlspa,mlspa,in season,2026-07-31T21:36:32+00:00,4.2,-1.173
timo-werner,mlspa,mlspa,in season,2026-08-01T03:10:15+00:00,8.9,-0.941
timo-werner,mlspa,mlspa,in season,2026-08-02T03:01:00+00:00,8.78,0.052
timo-werner,mlspa,mlspa,in season,2026-08-02T03:04:20+00:00,8.13,0.054
timo-werner,mlspa,mlspa,in season,2026-08-02T03:05:18+00:00,8.45,0.055
timo-werner,mlspa,mlspa,in season,2026-08-02T03:06:06+00:00,8.61,0.056
timo-werner,mlspa,mlspa,in season,2026-08-02T03:39:41+00:00,7.8,0.079
timo-werner,mlspa,mlspa,in season,2026-08-02T04:14:49+00:00,7.32,0.103
timo-werner,mlspa,mlspa,in season,2026-08-02T07:48:31+00:00,10.57,0.252
timo-werner,mlspa,mlspa,in season,2026-08-02T08:54:36+00:00,7.64,0.298
timo-werner,mlspa,mlspa,in season,2026-08-02T09:19:51+00:00,8.9,0.315
timo-werner,mlspa,mlspa,in season,2026-08-02T10:11:29+00:00,7.46,0.351
timo-werner,mlspa,mlspa,in season,2026-08-02T11:49:21+00:00,8.58,0.419
timo-werner,mlspa,mlspa,in season,2026-08-02T12:49:51+00:00,10.27,0.461
timo-werner,mlspa,mlspa,in season,2026-08-02T17:11:23+00:00,6.13,0.643
timo-werner,mlspa,mlspa,in season,2026-08-02T18:12:53+00:00,6.48,0.685
timo-werner,mlspa,mlspa,in season,2026-08-02T19:27:25+00:00,9.26,0.737
timo-werner,mlspa,mlspa,in season,2026-08-02T19:44:46+00:00,9.59,0.749
timo-werner,mlspa,mlspa,in season,2026-08-02T19:53:02+00:00,7.15,0.755
timo-werner,mlspa,mlspa,in season,2026-08-02T19:58:19+00:00,7.15,0.759
timo-werner,mlspa,mlspa,in season,2026-08-03T09:25:59+00:00,11.01,1.319
timo-werner,mlspa,mlspa,in season,2026-07-28T07:10:42+00:00,6.47,2.195
timo-werner,mlspa,mlspa,in season,2026-07-28T09:55:45+00:00,6.79,2.31
timo-werner,mlspa,mlspa,in season,2026-07-28T15:17:51+00:00,3.98,2.533
timo-werner,mlspa,mlspa,in season,2026-07-28T15:23:03+00:00,5.97,2.537
timo-werner,mlspa,mlspa,in season,2026-07-28T21:19:26+00:00,8.92,2.784
timo-werner,mlspa,mlspa,in season,2026-07-29T12:58:48+00:00,9.24,3.437
timo-werner,mlspa,mlspa,in season,2026-07-29T17:47:27+00:00,7.98,-3.332
timo-werner,mlspa,mlspa,in season,2026-07-29T19:59:35+00:00,3.01,-3.241
timo-werner,mlspa,mlspa,in season,2026-07-29T20:36:09+00:00,3.79,-3.215
timo-werner,mlspa,mlspa,in season,2026-07-29T21:47:59+00:00,3.94,-3.165
timo-werner,mlspa,mlspa,in season,2026-07-29T22:27:37+00:00,4.3,-3.138
timo-werner,mlspa,mlspa,in season,2026-07-30T07:40:30+00:00,3.81,-2.754
timo-werner,mlspa,mlspa,in season,2026-07-30T09:47:19+00:00,4.18,-2.666
timo-werner,mlspa,mlspa,in season,2026-07-30T09:48:12+00:00,3.17,-2.665
timo-werner,mlspa,mlspa,in season,2026-07-30T10:04:48+00:00,3.01,-2.654
martin-exequiel-ojeda,mlspa,mlspa,in season,2026-07-27T19:26:27+00:00,4.43,1.778
martin-exequiel-ojeda,mlspa,mlspa,in season,2026-07-28T19:18:07+00:00,4.02,2.772
martin-exequiel-ojeda,mlspa,mlspa,in season,2026-07-29T01:17:45+00:00,2.52,3.022
martin-exequiel-ojeda,mlspa,mlspa,in season,2026-07-29T09:31:26+00:00,2.69,3.365
martin-exequiel-ojeda,mlspa,mlspa,in season,2026-07-29T14:33:24+00:00,3.18,-3.373
martin-exequiel-ojeda,mlspa,mlspa,in season,2026-07-29T15:15:31+00:00,3.49,-3.343
martin-exequiel-ojeda,mlspa,mlspa,in season,2026-07-30T19:44:07+00:00,1.49,-2.157
martin-exequiel-ojeda,mlspa,mlspa,in season,2026-07-31T07:23:22+00:00,2.64,-1.671
martin-exequiel-ojeda,mlspa,mlspa,in season,2026-07-31T11:10:38+00:00,2.13,-1.513
martin-exequiel-ojeda,mlspa,mlspa,in season,2026-07-31T15:06:38+00:00,2.42,-1.35
martin-exequiel-ojeda,mlspa,mlspa,in season,2026-07-31T18:41:21+00:00,1.79,-1.2
martin-exequiel-ojeda,mlspa,mlspa,in season,2026-08-01T00:57:07+00:00,2.1,-0.94
martin-exequiel-ojeda,mlspa,mlspa,in season,2026-08-01T07:34:14+00:00,1.78,-0.664
martin-exequiel-ojeda,mlspa,mlspa,in season,2026-08-01T14:56:57+00:00,1.94,-0.356
martin-exequiel-ojeda,mlspa,mlspa,in season,2026-08-01T16:27:38+00:00,1.94,-0.293
martin-exequiel-ojeda,mlspa,mlspa,in season,2026-08-03T05:03:12+00:00,1.93,1.231
martin-exequiel-ojeda,mlspa,mlspa,in season,2026-08-03T15:43:46+00:00,2.9,1.676
jesus-ferreira,mlspa,mlspa,in season,2026-07-28T02:55:34+00:00,4.45,2.143
jesus-ferreira,mlspa,mlspa,in season,2026-07-28T15:15:19+00:00,3.81,2.656
jesus-ferreira,mlspa,mlspa,in season,2026-07-29T11:30:16+00:00,3.86,3.5
jesus-ferreira,mlspa,mlspa,in season,2026-07-29T19:48:32+00:00,4.02,-3.289
jesus-ferreira,mlspa,mlspa,in season,2026-07-30T22:03:05+00:00,2.99,-2.196
jesus-ferreira,mlspa,mlspa,in season,2026-07-31T09:17:52+00:00,3.28,-1.727
jesus-ferreira,mlspa,mlspa,in season,2026-07-31T13:00:10+00:00,3.27,-1.573
jesus-ferreira,mlspa,mlspa,in season,2026-08-01T10:02:04+00:00,3.07,-0.696
jesus-ferreira,mlspa,mlspa,in season,2026-08-02T15:17:06+00:00,1.77,0.522
jesus-ferreira,mlspa,mlspa,in season,2026-08-02T15:32:48+00:00,2.25,0.533
jesus-ferreira,mlspa,mlspa,in season,2026-08-02T15:50:34+00:00,2.41,0.546
sam-surridge,mlspa,mlspa,in season,2026-07-28T19:55:35+00:00,6.37,2.798
sam-surridge,mlspa,mlspa,in season,2026-07-29T08:18:41+00:00,5.9,3.314
sam-surridge,mlspa,mlspa,in season,2026-07-30T07:17:25+00:00,4.15,-2.675
sam-surridge,mlspa,mlspa,in season,2026-07-30T12:59:04+00:00,5.52,-2.438
sam-surridge,mlspa,mlspa,in season,2026-07-30T17:23:26+00:00,5.16,-2.255
sam-surridge,mlspa,mlspa,in season,2026-07-31T10:53:17+00:00,3.76,-1.525
sam-surridge,mlspa,mlspa,in season,2026-07-31T11:58:46+00:00,4.59,-1.48
sam-surridge,mlspa,mlspa,in season,2026-07-31T12:40:28+00:00,4.42,-1.451
sam-surridge,mlspa,mlspa,in season,2026-07-31T15:16:47+00:00,4.52,-1.343
sam-surridge,mlspa,mlspa,in season,2026-07-31T15:48:11+00:00,4.52,-1.321
sam-surridge,mlspa,mlspa,in season,2026-07-31T17:13:35+00:00,4.53,-1.261
sam-surridge,mlspa,mlspa,in season,2026-07-31T21:00:42+00:00,5.49,-1.104
sam-surridge,mlspa,mlspa,in season,2026-08-01T05:58:20+00:00,4.86,-0.73
sam-surridge,mlspa,mlspa,in season,2026-08-02T00:13:41+00:00,5.27,0.03
sam-surridge,mlspa,mlspa,in season,2026-08-02T00:31:47+00:00,6.07,0.043
sam-surridge,mlspa,mlspa,in season,2026-08-02T11:43:23+00:00,5.5,0.509
sam-surridge,mlspa,mlspa,in season,2026-08-02T19:11:58+00:00,5.85,0.821
sam-surridge,mlspa,mlspa,in season,2026-08-03T12:51:29+00:00,5.42,1.557
robert-lewandowski,mlspa,mlspa,classic,2026-08-01T06:35:16+00:00,2.75,-0.746
robert-lewandowski,mlspa,mlspa,classic,2026-08-01T18:51:38+00:00,3.22,-0.235
robert-lewandowski,mlspa,mlspa,classic,2026-08-02T01:51:35+00:00,2.88,0.057
robert-lewandowski,mlspa,mlspa,classic,2026-08-02T01:51:50+00:00,3.2,0.057
robert-lewandowski,mlspa,mlspa,classic,2026-08-02T04:05:00+00:00,3.58,0.149
robert-lewandowski,mlspa,mlspa,classic,2026-08-02T06:12:56+00:00,4.06,0.238
robert-lewandowski,mlspa,mlspa,classic,2026-08-02T10:20:47+00:00,4.38,0.41
robert-lewandowski,mlspa,mlspa,classic,2026-08-02T12:06:13+00:00,4.33,0.483
robert-lewandowski,mlspa,mlspa,classic,2026-08-02T13:56:25+00:00,4.5,0.56
robert-lewandowski,mlspa,mlspa,classic,2026-08-02T14:23:56+00:00,3.38,0.579
robert-lewandowski,mlspa,mlspa,classic,2026-08-02T18:54:08+00:00,4.05,0.767
robert-lewandowski,mlspa,mlspa,classic,2026-08-02T19:53:37+00:00,5.52,0.808
robert-lewandowski,mlspa,mlspa,classic,2026-08-02T20:44:45+00:00,4.56,0.844
robert-lewandowski,mlspa,mlspa,classic,2026-08-02T21:45:06+00:00,3.91,0.885
robert-lewandowski,mlspa,mlspa,classic,2026-08-03T10:10:57+00:00,4.34,1.403
robert-lewandowski,mlspa,mlspa,classic,2026-07-29T09:59:34+00:00,3.69,3.437
robert-lewandowski,mlspa,mlspa,classic,2026-07-29T17:32:32+00:00,4.65,-3.29
robert-lewandowski,mlspa,mlspa,classic,2026-07-29T20:22:57+00:00,3.95,-3.172
robert-lewandowski,mlspa,mlspa,classic,2026-07-30T12:43:16+00:00,4.35,-2.491
robert-lewandowski,mlspa,mlspa,classic,2026-07-31T07:33:00+00:00,3.47,-1.706
robert-lewandowski,mlspa,mlspa,classic,2026-07-31T08:46:44+00:00,3.61,-1.655
robert-lewandowski,mlspa,mlspa,classic,2026-07-31T18:05:56+00:00,3.9,-1.267
robert-lewandowski,mlspa,mlspa,classic,2026-07-31T21:48:23+00:00,3.87,-1.112
daniel-de-sousa-brito,mlspa,mlspa,in season,2026-07-28T08:13:56+00:00,2.65,2.281
daniel-de-sousa-brito,mlspa,mlspa,in season,2026-07-28T09:26:03+00:00,2.65,2.331
daniel-de-sousa-brito,mlspa,mlspa,in season,2026-07-28T09:57:22+00:00,3.14,2.352
daniel-de-sousa-brito,mlspa,mlspa,in season,2026-07-28T12:49:54+00:00,3.13,2.472
daniel-de-sousa-brito,mlspa,mlspa,in season,2026-07-29T03:43:38+00:00,2.51,3.093
daniel-de-sousa-brito,mlspa,mlspa,in season,2026-07-29T05:50:28+00:00,2.84,3.181
daniel-de-sousa-brito,mlspa,mlspa,in season,2026-07-29T14:36:17+00:00,2.01,-3.496
daniel-de-sousa-brito,mlspa,mlspa,in season,2026-07-30T14:57:35+00:00,2.84,-2.481
daniel-de-sousa-brito,mlspa,mlspa,in season,2026-07-31T08:33:40+00:00,2.13,-1.747
daniel-de-sousa-brito,mlspa,mlspa,in season,2026-07-31T15:48:06+00:00,2.58,-1.446
daniel-de-sousa-brito,mlspa,mlspa,in season,2026-07-31T18:46:18+00:00,1.79,-1.322
daniel-de-sousa-brito,mlspa,mlspa,in season,2026-08-01T19:24:25+00:00,1.59,-0.296
daniel-de-sousa-brito,mlspa,mlspa,in season,2026-08-02T01:58:03+00:00,1.92,-0.022
daniel-de-sousa-brito,mlspa,mlspa,in season,2026-08-02T01:59:56+00:00,1.92,-0.021
daniel-de-sousa-brito,mlspa,mlspa,in season,2026-08-02T02:00:47+00:00,2.25,-0.02
daniel-de-sousa-brito,mlspa,mlspa,in season,2026-08-02T02:02:01+00:00,2.41,-0.019
daniel-de-sousa-brito,mlspa,mlspa,in season,2026-08-02T02:33:29+00:00,1.45,0.002
daniel-de-sousa-brito,mlspa,mlspa,in season,2026-08-02T02:33:58+00:00,1.45,0.003
daniel-de-sousa-brito,mlspa,mlspa,in season,2026-08-02T11:09:18+00:00,2.27,0.361
mathias-nicolas-laborda-malsenido,mlspa,mlspa,in season,2026-07-28T09:39:35+00:00,5.3,2.382
mathias-nicolas-laborda-malsenido,mlspa,mlspa,in season,2026-07-29T07:06:33+00:00,4.21,3.275
mathias-nicolas-laborda-malsenido,mlspa,mlspa,in season,2026-07-29T10:30:53+00:00,5.06,3.417
mathias-nicolas-laborda-malsenido,mlspa,mlspa,in season,2026-07-29T18:05:39+00:00,4.2,-3.225
mathias-nicolas-laborda-malsenido,mlspa,mlspa,in season,2026-07-29T20:29:12+00:00,4.94,-3.126
mathias-nicolas-laborda-malsenido,mlspa,mlspa,in season,2026-07-30T04:51:24+00:00,4.66,-2.777
mathias-nicolas-laborda-malsenido,mlspa,mlspa,in season,2026-07-31T17:21:40+00:00,3.56,-1.256
mathias-nicolas-laborda-malsenido,mlspa,mlspa,in season,2026-07-31T17:32:46+00:00,3.88,-1.248
mathias-nicolas-laborda-malsenido,mlspa,mlspa,in season,2026-07-31T21:17:46+00:00,3.87,-1.092
mathias-nicolas-laborda-malsenido,mlspa,mlspa,in season,2026-08-01T15:54:41+00:00,7.63,-0.316
mathias-nicolas-laborda-malsenido,mlspa,mlspa,in season,2026-08-02T08:03:06+00:00,2.76,0.356
mathias-nicolas-laborda-malsenido,mlspa,mlspa,in season,2026-08-02T11:57:16+00:00,3.08,0.519
mathias-nicolas-laborda-malsenido,mlspa,mlspa,in season,2026-08-02T12:56:32+00:00,3.37,0.56
mathias-nicolas-laborda-malsenido,mlspa,mlspa,in season,2026-08-02T17:48:40+00:00,3.55,0.763
mathias-nicolas-laborda-malsenido,mlspa,mlspa,in season,2026-08-02T22:32:04+00:00,3.11,0.96
mathias-nicolas-laborda-malsenido,mlspa,mlspa,in season,2026-08-02T22:34:29+00:00,1.96,0.961
mathias-nicolas-laborda-malsenido,mlspa,mlspa,in season,2026-08-03T11:05:00+00:00,2.88,1.483
zavier-gozo,mlspa,mlspa,in season,2026-07-27T21:56:58+00:00,9.92,1.81
zavier-gozo,mlspa,mlspa,in season,2026-07-28T15:11:06+00:00,7.95,2.529
zavier-gozo,mlspa,mlspa,in season,2026-07-28T23:26:07+00:00,9.06,2.872
zavier-gozo,mlspa,mlspa,in season,2026-07-29T18:12:00+00:00,8.23,-3.263
zavier-gozo,mlspa,mlspa,in season,2026-07-29T21:36:33+00:00,9.03,-3.12
zavier-gozo,mlspa,mlspa,in season,2026-07-30T03:39:44+00:00,10.0,-2.868
zavier-gozo,mlspa,mlspa,in season,2026-07-30T07:20:18+00:00,9.79,-2.715
zavier-gozo,mlspa,mlspa,in season,2026-07-30T11:51:09+00:00,8.35,-2.527
zavier-gozo,mlspa,mlspa,in season,2026-07-30T12:25:01+00:00,10.04,-2.503
zavier-gozo,mlspa,mlspa,in season,2026-07-30T15:12:18+00:00,9.99,-2.387
zavier-gozo,mlspa,mlspa,in season,2026-07-30T21:30:59+00:00,8.83,-2.124
zavier-gozo,mlspa,mlspa,in season,2026-07-31T08:48:07+00:00,8.86,-1.654
zavier-gozo,mlspa,mlspa,in season,2026-07-31T12:42:43+00:00,8.85,-1.491
zavier-gozo,mlspa,mlspa,in season,2026-07-31T13:20:55+00:00,9.0,-1.465
zavier-gozo,mlspa,mlspa,in season,2026-07-31T15:05:11+00:00,8.88,-1.392
zavier-gozo,mlspa,mlspa,in season,2026-08-01T01:50:02+00:00,8.56,-0.944
zavier-gozo,mlspa,mlspa,in season,2026-08-01T18:25:27+00:00,8.06,-0.253
zavier-gozo,mlspa,mlspa,in season,2026-08-02T13:24:16+00:00,7.08,0.538
nouhou-tolo,mlspa,mlspa,in season,2026-07-27T20:33:54+00:00,4.96,1.878
nouhou-tolo,mlspa,mlspa,in season,2026-07-27T21:39:18+00:00,5.99,1.923
nouhou-tolo,mlspa,mlspa,in season,2026-07-27T22:47:15+00:00,5.63,1.97
nouhou-tolo,mlspa,mlspa,in season,2026-07-28T19:33:41+00:00,4.53,2.836
nouhou-tolo,mlspa,mlspa,in season,2026-07-28T23:26:48+00:00,5.03,2.998
nouhou-tolo,mlspa,mlspa,in season,2026-07-29T04:29:42+00:00,4.15,3.208
nouhou-tolo,mlspa,mlspa,in season,2026-07-29T07:27:19+00:00,4.71,3.331
nouhou-tolo,mlspa,mlspa,in season,2026-07-29T11:58:59+00:00,4.19,3.52
nouhou-tolo,mlspa,mlspa,in season,2026-07-29T15:39:07+00:00,4.99,-3.462
nouhou-tolo,mlspa,mlspa,in season,2026-07-29T18:07:27+00:00,3.86,-3.359
nouhou-tolo,mlspa,mlspa,in season,2026-07-29T22:26:06+00:00,5.13,-3.18
nouhou-tolo,mlspa,mlspa,in season,2026-07-30T07:46:01+00:00,4.98,-2.791
nouhou-tolo,mlspa,mlspa,in season,2026-07-30T14:45:14+00:00,5.02,-2.5
nouhou-tolo,mlspa,mlspa,in season,2026-07-31T00:17:08+00:00,5.49,-2.103
nouhou-tolo,mlspa,mlspa,in season,2026-07-31T06:19:24+00:00,4.96,-1.851
nouhou-tolo,mlspa,mlspa,in season,2026-08-02T19:07:52+00:00,4.55,0.683
antoine-griezmann,mlspa,mlspa,in season,2026-07-31T08:56:39+00:00,12.79,-1.606
antoine-griezmann,mlspa,mlspa,in season,2026-07-31T10:06:55+00:00,30.09,-1.558
antoine-griezmann,mlspa,mlspa,in season,2026-07-31T11:01:41+00:00,11.15,-1.52
antoine-griezmann,mlspa,mlspa,in season,2026-07-31T11:58:28+00:00,11.15,-1.48
antoine-griezmann,mlspa,mlspa,in season,2026-07-31T14:14:13+00:00,11.55,-1.386
antoine-griezmann,mlspa,mlspa,in season,2026-07-31T15:58:24+00:00,29.07,-1.314
antoine-griezmann,mlspa,mlspa,in season,2026-07-31T21:42:52+00:00,12.1,-1.074
antoine-griezmann,mlspa,mlspa,in season,2026-07-31T23:29:52+00:00,24.02,-1.0
antoine-griezmann,mlspa,mlspa,in season,2026-08-01T02:13:49+00:00,24.73,-0.886
antoine-griezmann,mlspa,mlspa,in season,2026-08-01T03:05:56+00:00,23.13,-0.85
antoine-griezmann,mlspa,mlspa,in season,2026-08-01T11:25:12+00:00,37.04,-0.503
antoine-griezmann,mlspa,mlspa,in season,2026-08-01T16:48:12+00:00,34.98,-0.279
antoine-griezmann,mlspa,mlspa,in season,2026-08-01T18:34:24+00:00,12.25,-0.205
antoine-griezmann,mlspa,mlspa,in season,2026-08-02T01:02:06+00:00,12.31,0.064
antoine-griezmann,mlspa,mlspa,in season,2026-08-02T04:56:16+00:00,13.66,0.227
antoine-griezmann,mlspa,mlspa,in season,2026-08-02T10:45:14+00:00,10.05,0.469
antoine-griezmann,mlspa,mlspa,in season,2026-08-02T12:14:59+00:00,12.03,0.531
antoine-griezmann,mlspa,mlspa,in season,2026-08-02T12:55:13+00:00,9.95,0.559
antoine-griezmann,mlspa,mlspa,in season,2026-08-02T17:03:04+00:00,11.95,0.731
antoine-griezmann,mlspa,mlspa,in season,2026-08-02T18:10:08+00:00,27.36,0.778
antoine-griezmann,mlspa,mlspa,in season,2026-08-02T18:57:48+00:00,10.69,0.811
antoine-griezmann,mlspa,mlspa,in season,2026-08-02T19:25:55+00:00,31.2,0.83
antoine-griezmann,mlspa,mlspa,in season,2026-08-02T20:00:39+00:00,12.21,0.855
antoine-griezmann,mlspa,mlspa,in season,2026-08-03T00:55:46+00:00,12.07,1.06
antoine-griezmann,mlspa,mlspa,in season,2026-08-03T06:38:05+00:00,12.07,1.297
antoine-griezmann,mlspa,mlspa,in season,2026-08-03T09:26:17+00:00,10.05,1.414
antoine-griezmann,mlspa,mlspa,in season,2026-08-03T15:01:13+00:00,11.6,1.647
antoine-griezmann,mlspa,mlspa,in season,2026-07-28T20:48:48+00:00,9.95,2.835
antoine-griezmann,mlspa,mlspa,in season,2026-07-28T21:11:57+00:00,9.42,2.851
antoine-griezmann,mlspa,mlspa,in season,2026-07-29T06:16:55+00:00,9.89,3.23
antoine-griezmann,mlspa,mlspa,in season,2026-07-29T06:23:43+00:00,35.19,3.235
antoine-griezmann,mlspa,mlspa,in season,2026-07-29T07:20:21+00:00,8.92,3.274
antoine-griezmann,mlspa,mlspa,in season,2026-07-29T08:45:41+00:00,9.78,3.333
antoine-griezmann,mlspa,mlspa,in season,2026-07-29T12:43:01+00:00,9.08,-3.449
antoine-griezmann,mlspa,mlspa,in season,2026-07-29T14:49:50+00:00,37.16,-3.361
antoine-griezmann,mlspa,mlspa,in season,2026-07-29T14:56:47+00:00,8.87,-3.356
antoine-griezmann,mlspa,mlspa,in season,2026-07-29T16:32:35+00:00,37.84,-3.29
antoine-griezmann,mlspa,mlspa,in season,2026-07-29T18:20:16+00:00,9.23,-3.215
antoine-griezmann,mlspa,mlspa,in season,2026-07-29T19:41:06+00:00,8.54,-3.159
antoine-griezmann,mlspa,mlspa,in season,2026-07-29T21:35:15+00:00,9.03,-3.08
antoine-griezmann,mlspa,mlspa,in season,2026-07-29T22:25:46+00:00,33.25,-3.045
antoine-griezmann,mlspa,mlspa,in season,2026-07-29T22:45:12+00:00,10.09,-3.031
antoine-griezmann,mlspa,mlspa,in season,2026-07-29T23:53:55+00:00,10.13,-2.983
antoine-griezmann,mlspa,mlspa,in season,2026-07-30T09:00:29+00:00,9.19,-2.604
antoine-griezmann,mlspa,mlspa,in season,2026-07-30T09:03:43+00:00,10.19,-2.602
antoine-griezmann,mlspa,mlspa,in season,2026-07-30T11:28:04+00:00,9.68,-2.501
antoine-griezmann,mlspa,mlspa,in season,2026-07-30T12:21:58+00:00,9.54,-2.464
antoine-griezmann,mlspa,mlspa,in season,2026-07-30T12:51:57+00:00,10.04,-2.443
antoine-griezmann,mlspa,mlspa,in season,2026-07-30T18:20:13+00:00,27.96,-2.215
antoine-griezmann,mlspa,mlspa,in season,2026-07-30T20:17:04+00:00,20.17,-2.134
antoine-griezmann,mlspa,mlspa,in season,2026-07-30T21:14:50+00:00,10.49,-2.094
antoine-griezmann,mlspa,mlspa,in season,2026-07-31T04:40:05+00:00,11.1,-1.785
antoine-griezmann,mlspa,mlspa,in season,2026-07-31T06:47:28+00:00,11.09,-1.696
antoine-griezmann,mlspa,mlspa,in season,2026-07-27T16:55:42+00:00,6.94,1.673
antoine-griezmann,mlspa,mlspa,in season,2026-07-28T07:08:38+00:00,10.95,2.266
antoine-griezmann,mlspa,mlspa,in season,2026-07-28T16:43:25+00:00,10.26,2.665
yannick-bright,mlspa,mlspa,in season,2026-07-28T07:41:39+00:00,3.98,2.341
yannick-bright,mlspa,mlspa,in season,2026-07-29T03:43:45+00:00,3.18,3.176
yannick-bright,mlspa,mlspa,in season,2026-07-29T08:24:33+00:00,3.54,3.371
yannick-bright,mlspa,mlspa,in season,2026-07-29T10:24:20+00:00,3.03,3.454
yannick-bright,mlspa,mlspa,in season,2026-07-29T17:12:01+00:00,3.16,-3.29
yannick-bright,mlspa,mlspa,in season,2026-07-30T14:03:47+00:00,3.18,-2.421
yannick-bright,mlspa,mlspa,in season,2026-07-30T14:24:12+00:00,4.01,-2.407
yannick-bright,mlspa,mlspa,in season,2026-07-30T18:27:28+00:00,3.33,-2.238
yannick-bright,mlspa,mlspa,in season,2026-07-31T01:09:38+00:00,3.16,-1.959
yannick-bright,mlspa,mlspa,in season,2026-07-31T05:11:53+00:00,2.48,-1.79
yannick-bright,mlspa,mlspa,in season,2026-07-31T10:13:52+00:00,2.62,-1.581
yannick-bright,mlspa,mlspa,in season,2026-07-31T10:48:12+00:00,3.11,-1.557
yannick-bright,mlspa,mlspa,in season,2026-07-31T18:10:25+00:00,2.76,-1.25
yannick-bright,mlspa,mlspa,in season,2026-08-01T08:12:02+00:00,2.27,-0.665
yannick-bright,mlspa,mlspa,in season,2026-08-01T19:40:48+00:00,2.7,-0.187
yannick-bright,mlspa,mlspa,in season,2026-08-02T00:28:55+00:00,2.56,0.013
yannick-bright,mlspa,mlspa,in season,2026-08-02T00:33:54+00:00,2.88,0.017
yannick-bright,mlspa,mlspa,in season,2026-08-02T11:03:15+00:00,2.1,0.454
yannick-bright,mlspa,mlspa,in season,2026-08-02T12:52:24+00:00,3.37,0.529
yannick-bright,mlspa,mlspa,in season,2026-08-02T21:51:25+00:00,3.59,0.904
yannick-bright,mlspa,mlspa,in season,2026-08-03T14:43:50+00:00,2.9,1.607
preston-judd,mlspa,mlspa,in season,2026-07-28T20:05:41+00:00,4.38,2.733
preston-judd,mlspa,mlspa,in season,2026-07-28T21:22:10+00:00,4.54,2.786
preston-judd,mlspa,mlspa,in season,2026-07-29T20:19:42+00:00,3.79,-3.227
preston-judd,mlspa,mlspa,in season,2026-07-30T05:33:15+00:00,3.82,-2.842
preston-judd,mlspa,mlspa,in season,2026-07-30T08:46:27+00:00,3.82,-2.708
preston-judd,mlspa,mlspa,in season,2026-07-30T09:24:21+00:00,4.18,-2.682
preston-judd,mlspa,mlspa,in season,2026-07-30T16:43:07+00:00,3.99,-2.377
preston-judd,mlspa,mlspa,in season,2026-07-31T14:01:54+00:00,3.74,-1.489
preston-judd,mlspa,mlspa,in season,2026-07-31T16:38:27+00:00,3.88,-1.38
preston-judd,mlspa,mlspa,in season,2026-07-31T23:06:32+00:00,3.71,-1.111
preston-judd,mlspa,mlspa,in season,2026-08-01T15:42:45+00:00,3.73,-0.419
preston-judd,mlspa,mlspa,in season,2026-08-02T17:05:33+00:00,3.55,0.639
preston-judd,mlspa,mlspa,in season,2026-08-02T21:47:10+00:00,4.24,0.834
preston-judd,mlspa,mlspa,in season,2026-08-02T22:43:40+00:00,3.6,0.873
preston-judd,mlspa,mlspa,in season,2026-08-03T15:42:06+00:00,3.38,1.581
alonso-coello-camarero,mlspa,mlspa,in season,2026-07-27T16:50:21+00:00,4.06,1.722
alonso-coello-camarero,mlspa,mlspa,in season,2026-07-28T01:01:26+00:00,5.12,2.063
alonso-coello-camarero,mlspa,mlspa,in season,2026-07-28T16:48:24+00:00,5.22,2.721
alonso-coello-camarero,mlspa,mlspa,in season,2026-07-28T22:12:01+00:00,5.23,2.946
alonso-coello-camarero,mlspa,mlspa,in season,2026-07-29T07:23:23+00:00,5.05,-2.671
alonso-coello-camarero,mlspa,mlspa,in season,2026-07-29T10:41:59+00:00,5.39,-2.533
alonso-coello-camarero,mlspa,mlspa,in season,2026-07-30T02:52:14+00:00,4.51,-1.86
alonso-coello-camarero,mlspa,mlspa,in season,2026-07-30T19:14:46+00:00,3.65,-1.177
alonso-coello-camarero,mlspa,mlspa,in season,2026-07-31T07:59:32+00:00,5.12,-0.646
alonso-coello-camarero,mlspa,mlspa,in season,2026-07-31T11:50:22+00:00,4.1,-0.486
alonso-coello-camarero,mlspa,mlspa,in season,2026-08-01T17:40:41+00:00,3.07,0.757
alonso-coello-camarero,mlspa,mlspa,in season,2026-08-01T20:34:18+00:00,3.82,0.878
alonso-coello-camarero,mlspa,mlspa,in season,2026-08-02T19:47:06+00:00,3.57,1.845
alonso-coello-camarero,mlspa,mlspa,in season,2026-08-02T19:54:44+00:00,2.92,1.851
alonso-coello-camarero,mlspa,mlspa,in season,2026-08-03T05:45:09+00:00,3.53,2.261
manuel-garcia-alonso,mlspa,mlspa,in season,2026-07-28T22:57:53+00:00,2.53,2.853
manuel-garcia-alonso,mlspa,mlspa,in season,2026-07-29T08:58:56+00:00,2.02,3.27
manuel-garcia-alonso,mlspa,mlspa,in season,2026-07-29T12:17:24+00:00,2.35,3.408
manuel-garcia-alonso,mlspa,mlspa,in season,2026-07-29T12:22:16+00:00,2.52,3.411
manuel-garcia-alonso,mlspa,mlspa,in season,2026-07-30T10:08:08+00:00,3.01,-2.599
manuel-garcia-alonso,mlspa,mlspa,in season,2026-07-30T11:32:56+00:00,2.84,-2.54
manuel-garcia-alonso,mlspa,mlspa,in season,2026-07-30T15:04:19+00:00,3.0,-2.393
manuel-garcia-alonso,mlspa,mlspa,in season,2026-07-30T22:34:18+00:00,2.99,-2.08
manuel-garcia-alonso,mlspa,mlspa,in season,2026-07-31T06:45:58+00:00,2.15,-1.739
manuel-garcia-alonso,mlspa,mlspa,in season,2026-07-31T15:40:23+00:00,2.42,-1.368
manuel-garcia-alonso,mlspa,mlspa,in season,2026-07-31T19:25:32+00:00,2.27,-1.211
manuel-garcia-alonso,mlspa,mlspa,in season,2026-08-01T03:08:35+00:00,2.59,-0.89
manuel-garcia-alonso,mlspa,mlspa,in season,2026-08-02T19:31:05+00:00,2.11,0.792
manuel-garcia-alonso,mlspa,mlspa,in season,2026-08-03T13:00:53+00:00,2.08,1.521
jack-mcglynn,mlspa,mlspa,classic,2026-07-30T06:36:40+00:00,3.49,-2.745
jack-mcglynn,mlspa,mlspa,classic,2026-07-30T06:40:05+00:00,3.66,-2.743
jack-mcglynn,mlspa,mlspa,classic,2026-07-30T07:25:16+00:00,3.48,-2.712
jack-mcglynn,mlspa,mlspa,classic,2026-07-30T16:20:03+00:00,2.66,-2.34
jack-mcglynn,mlspa,mlspa,classic,2026-07-30T17:30:49+00:00,3.33,-2.291
jack-mcglynn,mlspa,mlspa,classic,2026-07-30T19:06:40+00:00,3.49,-2.225
jack-mcglynn,mlspa,mlspa,classic,2026-07-30T21:37:29+00:00,3.33,-2.12
jack-mcglynn,mlspa,mlspa,classic,2026-07-31T10:00:45+00:00,3.11,-1.604
jack-mcglynn,mlspa,mlspa,classic,2026-07-31T11:43:22+00:00,3.28,-1.532
jack-mcglynn,mlspa,mlspa,classic,2026-07-31T13:12:58+00:00,3.44,-1.47
jack-mcglynn,mlspa,mlspa,classic,2026-07-31T13:14:52+00:00,2.95,-1.469
jack-mcglynn,mlspa,mlspa,classic,2026-07-31T17:55:06+00:00,3.24,-1.274
jack-mcglynn,mlspa,mlspa,classic,2026-07-31T17:59:40+00:00,3.24,-1.271
jack-mcglynn,mlspa,mlspa,classic,2026-07-31T18:14:13+00:00,3.41,-1.261
jack-mcglynn,mlspa,mlspa,classic,2026-07-31T19:26:34+00:00,3.41,-1.211
jack-mcglynn,mlspa,mlspa,classic,2026-08-01T16:11:07+00:00,4.05,-0.346
jack-mcglynn,mlspa,mlspa,classic,2026-08-01T16:50:01+00:00,2.92,-0.319
jack-mcglynn,mlspa,mlspa,classic,2026-08-01T17:13:55+00:00,3.4,-0.303
jack-mcglynn,mlspa,mlspa,classic,2026-08-01T19:53:05+00:00,4.93,-0.192
jack-mcglynn,mlspa,mlspa,classic,2026-08-01T23:11:01+00:00,3.68,-0.055
jack-mcglynn,mlspa,mlspa,classic,2026-08-02T05:16:42+00:00,3.91,0.199
jack-mcglynn,mlspa,mlspa,classic,2026-08-02T06:12:38+00:00,3.74,0.238
jack-mcglynn,mlspa,mlspa,classic,2026-08-02T17:25:21+00:00,4.04,0.705
jack-mcglynn,mlspa,mlspa,classic,2026-08-02T17:29:08+00:00,2.91,0.708
jack-mcglynn,mlspa,mlspa,classic,2026-08-02T18:45:12+00:00,4.05,0.761
jack-mcglynn,mlspa,mlspa,classic,2026-08-02T20:30:27+00:00,3.74,0.834
jack-mcglynn,mlspa,mlspa,classic,2026-08-03T10:37:01+00:00,4.01,1.422
jack-mcglynn,mlspa,mlspa,classic,2026-07-27T16:00:13+00:00,3.56,1.646
jack-mcglynn,mlspa,mlspa,classic,2026-07-27T22:24:39+00:00,3.07,1.913
jack-mcglynn,mlspa,mlspa,classic,2026-07-28T16:17:12+00:00,3.7,2.658
jack-mcglynn,mlspa,mlspa,classic,2026-07-28T18:55:15+00:00,4.0,2.768
jack-mcglynn,mlspa,mlspa,classic,2026-07-28T19:27:57+00:00,3.52,2.79
jack-mcglynn,mlspa,mlspa,classic,2026-07-28T22:54:33+00:00,4.22,2.934
jack-mcglynn,mlspa,mlspa,classic,2026-07-29T11:26:29+00:00,3.02,3.456
jack-mcglynn,mlspa,mlspa,classic,2026-07-29T14:14:22+00:00,3.18,-3.428
jack-mcglynn,mlspa,mlspa,classic,2026-07-29T16:32:53+00:00,4.15,-3.331
jack-mcglynn,mlspa,mlspa,classic,2026-07-29T17:59:50+00:00,3.66,-3.271
jack-mcglynn,mlspa,mlspa,classic,2026-07-29T21:23:36+00:00,3.61,-3.129
jack-mcglynn,mlspa,mlspa,classic,2026-07-29T22:11:29+00:00,4.14,-3.096
jack-mcglynn,mlspa,mlspa,classic,2026-07-30T04:14:35+00:00,4.0,-2.844
kerwin-calderon-vargas,mlspa,mlspa,in season,2026-07-31T17:47:05+00:00,3.07,-1.28
kerwin-calderon-vargas,mlspa,mlspa,in season,2026-07-31T20:01:24+00:00,3.07,-1.187
kerwin-calderon-vargas,mlspa,mlspa,in season,2026-07-31T20:03:42+00:00,3.07,-1.185
kerwin-calderon-vargas,mlspa,mlspa,in season,2026-07-31T20:06:01+00:00,3.24,-1.183
kerwin-calderon-vargas,mlspa,mlspa,in season,2026-07-31T20:44:19+00:00,2.1,-1.157
kerwin-calderon-vargas,mlspa,mlspa,in season,2026-07-31T21:01:33+00:00,3.07,-1.145
kerwin-calderon-vargas,mlspa,mlspa,in season,2026-07-31T21:40:54+00:00,2.74,-1.117
kerwin-calderon-vargas,mlspa,mlspa,in season,2026-07-31T21:58:58+00:00,3.23,-1.105
kerwin-calderon-vargas,mlspa,mlspa,in season,2026-07-31T21:59:32+00:00,3.23,-1.104
kerwin-calderon-vargas,mlspa,mlspa,in season,2026-08-01T06:49:04+00:00,3.4,-0.737
kerwin-calderon-vargas,mlspa,mlspa,in season,2026-08-01T07:37:39+00:00,3.24,-0.703
kerwin-calderon-vargas,mlspa,mlspa,in season,2026-08-01T07:37:44+00:00,3.24,-0.703
kerwin-calderon-vargas,mlspa,mlspa,in season,2026-08-01T07:37:51+00:00,3.4,-0.703
kerwin-calderon-vargas,mlspa,mlspa,in season,2026-08-01T07:37:57+00:00,3.56,-0.703
kerwin-calderon-vargas,mlspa,mlspa,in season,2026-08-01T07:38:05+00:00,3.56,-0.703
kerwin-calderon-vargas,mlspa,mlspa,in season,2026-08-01T07:38:11+00:00,3.56,-0.703
kerwin-calderon-vargas,mlspa,mlspa,in season,2026-08-01T10:24:40+00:00,3.24,-0.587
kerwin-calderon-vargas,mlspa,mlspa,in season,2026-08-01T12:05:37+00:00,2.59,-0.517
kerwin-calderon-vargas,mlspa,mlspa,in season,2026-08-01T13:24:25+00:00,2.43,-0.462
kerwin-calderon-vargas,mlspa,mlspa,in season,2026-08-01T15:49:31+00:00,3.25,-0.361
kerwin-calderon-vargas,mlspa,mlspa,in season,2026-08-01T16:29:10+00:00,3.08,-0.334
kerwin-calderon-vargas,mlspa,mlspa,in season,2026-08-01T21:08:06+00:00,3.02,-0.14
kerwin-calderon-vargas,mlspa,mlspa,in season,2026-08-01T21:52:24+00:00,2.55,-0.109
kerwin-calderon-vargas,mlspa,mlspa,in season,2026-08-01T23:41:02+00:00,3.04,-0.034
kerwin-calderon-vargas,mlspa,mlspa,in season,2026-08-02T02:33:03+00:00,2.89,0.085
kerwin-calderon-vargas,mlspa,mlspa,in season,2026-08-02T10:40:52+00:00,3.08,0.424
kerwin-calderon-vargas,mlspa,mlspa,in season,2026-08-02T13:10:38+00:00,3.06,0.528
kerwin-calderon-vargas,mlspa,mlspa,in season,2026-08-02T13:56:12+00:00,3.7,0.56
kerwin-calderon-vargas,mlspa,mlspa,in season,2026-08-02T14:33:02+00:00,3.05,0.585
kerwin-calderon-vargas,mlspa,mlspa,in season,2026-08-02T18:20:34+00:00,2.75,0.743
kerwin-calderon-vargas,mlspa,mlspa,in season,2026-08-02T19:52:55+00:00,3.09,0.808
kerwin-calderon-vargas,mlspa,mlspa,in season,2026-08-02T20:34:55+00:00,3.09,0.837
kerwin-calderon-vargas,mlspa,mlspa,in season,2026-08-02T22:13:53+00:00,3.27,0.905
kerwin-calderon-vargas,mlspa,mlspa,in season,2026-08-02T23:22:48+00:00,4.07,0.953
kerwin-calderon-vargas,mlspa,mlspa,in season,2026-08-02T23:31:31+00:00,4.23,0.959
kerwin-calderon-vargas,mlspa,mlspa,in season,2026-08-02T23:31:48+00:00,4.72,0.96
kerwin-calderon-vargas,mlspa,mlspa,in season,2026-08-02T23:32:08+00:00,4.72,0.96
kerwin-calderon-vargas,mlspa,mlspa,in season,2026-08-03T05:59:39+00:00,4.34,1.229
kerwin-calderon-vargas,mlspa,mlspa,in season,2026-08-03T12:11:29+00:00,4.14,1.487
kerwin-calderon-vargas,mlspa,mlspa,in season,2026-08-03T13:27:46+00:00,3.19,1.54
kerwin-calderon-vargas,mlspa,mlspa,in season,2026-08-03T13:30:44+00:00,4.31,1.542
kerwin-calderon-vargas,mlspa,mlspa,in season,2026-07-27T15:54:11+00:00,5.09,1.725
kerwin-calderon-vargas,mlspa,mlspa,in season,2026-07-28T10:53:50+00:00,4.62,2.517
kerwin-calderon-vargas,mlspa,mlspa,in season,2026-07-28T20:22:57+00:00,4.89,2.912
kerwin-calderon-vargas,mlspa,mlspa,in season,2026-07-29T09:12:43+00:00,4.7,3.446
kerwin-calderon-vargas,mlspa,mlspa,in season,2026-07-29T09:25:56+00:00,4.53,3.456
kerwin-calderon-vargas,mlspa,mlspa,in season,2026-07-29T16:22:39+00:00,3.98,-3.338
kerwin-calderon-vargas,mlspa,mlspa,in season,2026-07-29T18:19:52+00:00,3.86,-3.257
kerwin-calderon-vargas,mlspa,mlspa,in season,2026-07-29T21:13:55+00:00,3.28,-3.136
kerwin-calderon-vargas,mlspa,mlspa,in season,2026-07-30T08:34:24+00:00,3.99,-2.664
kerwin-calderon-vargas,mlspa,mlspa,in season,2026-07-30T11:19:15+00:00,3.67,-2.549
kerwin-calderon-vargas,mlspa,mlspa,in season,2026-07-30T12:43:52+00:00,3.85,-2.49
kerwin-calderon-vargas,mlspa,mlspa,in season,2026-07-30T17:58:48+00:00,3.66,-2.272
kerwin-calderon-vargas,mlspa,mlspa,in season,2026-07-30T19:17:09+00:00,3.65,-2.217
kerwin-calderon-vargas,mlspa,mlspa,in season,2026-07-31T08:15:31+00:00,3.61,-1.677
kerwin-calderon-vargas,mlspa,mlspa,in season,2026-07-31T09:48:05+00:00,3.61,-1.612
kerwin-calderon-vargas,mlspa,mlspa,in season,2026-07-31T13:19:47+00:00,2.62,-1.465
ivan-dario-angulo-cortes,mlspa,mlspa,in season,2026-07-29T13:15:07+00:00,3.68,-3.427
ivan-dario-angulo-cortes,mlspa,mlspa,in season,2026-07-29T13:35:35+00:00,3.68,-3.413
ivan-dario-angulo-cortes,mlspa,mlspa,in season,2026-07-31T21:21:59+00:00,3.39,-1.089
ivan-dario-angulo-cortes,mlspa,mlspa,in season,2026-08-03T15:04:25+00:00,2.9,1.649
pavel-bucha,mlspa,mlspa,in season,2026-07-28T14:54:21+00:00,13.0,2.652
pavel-bucha,mlspa,mlspa,in season,2026-07-28T16:11:53+00:00,12.45,2.706
pavel-bucha,mlspa,mlspa,in season,2026-07-29T08:44:58+00:00,11.8,3.396
pavel-bucha,mlspa,mlspa,in season,2026-07-29T18:37:53+00:00,7.22,-3.297
pavel-bucha,mlspa,mlspa,in season,2026-07-29T20:35:13+00:00,11.37,-3.216
pavel-bucha,mlspa,mlspa,in season,2026-07-30T15:07:27+00:00,9.99,-2.443
pavel-bucha,mlspa,mlspa,in season,2026-07-30T17:06:10+00:00,9.98,-2.361
pavel-bucha,mlspa,mlspa,in season,2026-07-31T04:39:23+00:00,10.1,-1.88
pavel-bucha,mlspa,mlspa,in season,2026-07-31T08:55:21+00:00,10.33,-1.702
pavel-bucha,mlspa,mlspa,in season,2026-07-31T09:32:14+00:00,10.0,-1.676
pavel-bucha,mlspa,mlspa,in season,2026-08-01T23:09:45+00:00,9.12,-0.109
hany-mukhtar,mlspa,mlspa,in season,2026-07-29T07:08:28+00:00,8.59,3.266
hany-mukhtar,mlspa,mlspa,in season,2026-07-29T08:18:31+00:00,11.13,3.314
hany-mukhtar,mlspa,mlspa,in season,2026-07-29T15:37:49+00:00,9.98,-3.328
hany-mukhtar,mlspa,mlspa,in season,2026-07-29T17:14:16+00:00,10.14,-3.261
hany-mukhtar,mlspa,mlspa,in season,2026-07-30T11:02:02+00:00,8.51,-2.519
hany-mukhtar,mlspa,mlspa,in season,2026-07-30T16:21:33+00:00,9.98,-2.298
hany-mukhtar,mlspa,mlspa,in season,2026-07-31T10:13:50+00:00,9.98,-1.553
hany-mukhtar,mlspa,mlspa,in season,2026-07-31T13:52:52+00:00,9.99,-1.401
hany-mukhtar,mlspa,mlspa,in season,2026-07-31T19:33:52+00:00,9.73,-1.164
hany-mukhtar,mlspa,mlspa,in season,2026-07-31T20:19:48+00:00,9.55,-1.132
hany-mukhtar,mlspa,mlspa,in season,2026-08-01T00:28:37+00:00,9.84,-0.959
hany-mukhtar,mlspa,mlspa,in season,2026-08-01T11:52:49+00:00,9.7,-0.484
hany-mukhtar,mlspa,mlspa,in season,2026-08-02T10:53:39+00:00,8.1,0.475
hany-mukhtar,mlspa,mlspa,in season,2026-08-02T20:44:07+00:00,5.05,0.885
hany-mukhtar,mlspa,mlspa,in season,2026-08-02T22:36:20+00:00,3.11,0.963
hany-mukhtar,mlspa,mlspa,in season,2026-08-03T05:43:03+00:00,5.46,1.259
hany-mukhtar,mlspa,mlspa,in season,2026-08-03T05:43:09+00:00,5.46,1.259
hany-mukhtar,mlspa,mlspa,in season,2026-07-28T19:53:08+00:00,11.57,2.797
jack-mcglynn,mlspa,mlspa,in season,2026-07-30T08:59:24+00:00,19.77,-2.646
jack-mcglynn,mlspa,mlspa,in season,2026-07-30T09:00:16+00:00,18.21,-2.646
jack-mcglynn,mlspa,mlspa,in season,2026-07-30T16:21:15+00:00,18.13,-2.339
jack-mcglynn,mlspa,mlspa,in season,2026-07-31T06:30:28+00:00,19.03,-1.75
jack-mcglynn,mlspa,mlspa,in season,2026-07-31T07:27:23+00:00,19.82,-1.71
jack-mcglynn,mlspa,mlspa,in season,2026-07-31T10:31:16+00:00,18.48,-1.582
jack-mcglynn,mlspa,mlspa,in season,2026-07-31T14:57:24+00:00,18.21,-1.398
jack-mcglynn,mlspa,mlspa,in season,2026-07-31T16:08:31+00:00,22.13,-1.348
jack-mcglynn,mlspa,mlspa,in season,2026-08-01T02:35:48+00:00,18.26,-0.913
jack-mcglynn,mlspa,mlspa,in season,2026-08-02T06:59:41+00:00,17.39,0.271
jack-mcglynn,mlspa,mlspa,in season,2026-08-02T12:25:46+00:00,17.97,0.497
jack-mcglynn,mlspa,mlspa,in season,2026-08-02T18:13:09+00:00,17.16,0.738
jack-mcglynn,mlspa,mlspa,in season,2026-08-02T18:20:27+00:00,17.97,0.743
jack-mcglynn,mlspa,mlspa,in season,2026-08-02T21:03:33+00:00,17.93,0.857
jack-mcglynn,mlspa,mlspa,in season,2026-07-27T20:44:21+00:00,20.2,1.843
jack-mcglynn,mlspa,mlspa,in season,2026-07-28T09:15:16+00:00,22.01,2.365
jack-mcglynn,mlspa,mlspa,in season,2026-07-29T09:50:10+00:00,19.13,3.389
jack-mcglynn,mlspa,mlspa,in season,2026-07-29T11:02:11+00:00,22.81,3.439
jack-mcglynn,mlspa,mlspa,in season,2026-07-29T12:53:46+00:00,18.15,-3.483
jack-mcglynn,mlspa,mlspa,in season,2026-07-29T16:17:08+00:00,19.09,-3.342
jack-mcglynn,mlspa,mlspa,in season,2026-07-29T16:43:25+00:00,19.25,-3.324
jack-mcglynn,mlspa,mlspa,in season,2026-07-29T21:24:23+00:00,18.39,-3.129
heung-min-son,mlspa,mlspa,in season,2026-07-28T22:51:59+00:00,26.15,2.849
heung-min-son,mlspa,mlspa,in season,2026-07-29T08:21:06+00:00,26.64,3.244
heung-min-son,mlspa,mlspa,in season,2026-07-29T08:45:34+00:00,22.42,3.261
heung-min-son,mlspa,mlspa,in season,2026-07-29T16:06:55+00:00,25.23,-3.308
heung-min-son,mlspa,mlspa,in season,2026-07-30T00:59:23+00:00,24.46,-2.938
heung-min-son,mlspa,mlspa,in season,2026-07-30T17:35:42+00:00,23.12,-2.246
heung-min-son,mlspa,mlspa,in season,2026-07-30T20:53:19+00:00,24.67,-2.109
heung-min-son,mlspa,mlspa,in season,2026-07-31T15:51:43+00:00,23.74,-1.318
heung-min-son,mlspa,mlspa,in season,2026-07-31T17:44:57+00:00,23.78,-1.24
heung-min-son,mlspa,mlspa,in season,2026-07-31T20:58:38+00:00,21.04,-1.105
heung-min-son,mlspa,mlspa,in season,2026-08-01T23:27:10+00:00,23.52,-0.002
heung-min-son,mlspa,mlspa,in season,2026-08-02T01:03:18+00:00,22.54,0.065
heung-min-son,mlspa,mlspa,in season,2026-08-02T07:46:10+00:00,12.69,0.345
heung-min-son,mlspa,mlspa,in season,2026-08-02T15:27:42+00:00,8.68,0.665
heung-min-son,mlspa,mlspa,in season,2026-08-02T18:18:15+00:00,19.1,0.784
heung-min-son,mlspa,mlspa,in season,2026-08-02T23:23:36+00:00,19.05,0.996
heung-min-son,mlspa,mlspa,in season,2026-08-03T01:01:24+00:00,24.32,1.063
heung-min-son,mlspa,mlspa,in season,2026-08-03T07:46:24+00:00,21.47,1.345
heung-min-son,mlspa,mlspa,in season,2026-08-03T14:31:05+00:00,23.04,1.626
heung-min-son,mlspa,mlspa,in season,2026-07-28T14:50:42+00:00,29.79,2.514
heung-min-son,mlspa,mlspa,in season,2026-07-28T15:20:30+00:00,23.69,2.535
heung-min-son,mlspa,mlspa,in season,2026-07-28T16:51:44+00:00,28.77,2.598
heung-min-son,mlspa,mlspa,in season,2026-07-28T16:58:42+00:00,27.25,2.603
heung-min-son,mlspa,mlspa,in season,2026-07-28T18:09:12+00:00,26.85,2.652
onni-valakari,mlspa,mlspa,in season,2026-07-27T17:25:01+00:00,3.07,1.663
onni-valakari,mlspa,mlspa,in season,2026-07-29T07:27:35+00:00,2.53,3.248
onni-valakari,mlspa,mlspa,in season,2026-07-29T09:51:46+00:00,2.69,3.348
onni-valakari,mlspa,mlspa,in season,2026-07-29T12:22:40+00:00,2.69,3.453
onni-valakari,mlspa,mlspa,in season,2026-07-29T13:41:50+00:00,2.68,-3.45
onni-valakari,mlspa,mlspa,in season,2026-07-29T14:28:01+00:00,3.18,-3.418
onni-valakari,mlspa,mlspa,in season,2026-07-31T05:05:19+00:00,2.65,-1.809
onni-valakari,mlspa,mlspa,in season,2026-07-31T14:09:35+00:00,2.93,-1.431
onni-valakari,mlspa,mlspa,in season,2026-07-31T16:53:31+00:00,2.91,-1.317
mathieu-choiniere,mlspa,mlspa,in season,2026-07-28T14:52:18+00:00,3.79,2.515
mathieu-choiniere,mlspa,mlspa,in season,2026-07-29T10:42:51+00:00,3.71,3.342
mathieu-choiniere,mlspa,mlspa,in season,2026-07-29T11:32:47+00:00,3.02,3.377
mathieu-choiniere,mlspa,mlspa,in season,2026-07-30T15:53:14+00:00,3.0,-2.317
mathieu-choiniere,mlspa,mlspa,in season,2026-07-31T01:56:58+00:00,2.99,-1.898
mathieu-choiniere,mlspa,mlspa,in season,2026-07-31T13:30:40+00:00,2.95,-1.416
mathieu-choiniere,mlspa,mlspa,in season,2026-07-31T17:01:00+00:00,3.07,-1.27
mathieu-choiniere,mlspa,mlspa,in season,2026-07-31T21:03:32+00:00,3.07,-1.102
mathieu-choiniere,mlspa,mlspa,in season,2026-08-01T11:00:02+00:00,2.75,-0.521
mathieu-choiniere,mlspa,mlspa,in season,2026-08-03T11:40:56+00:00,2.4,1.508
mathieu-choiniere,mlspa,mlspa,in season,2026-08-03T15:11:57+00:00,3.06,1.654
anthony-markanich,mlspa,mlspa,in season,2026-07-28T11:31:41+00:00,3.47,2.46
anthony-markanich,mlspa,mlspa,in season,2026-07-28T12:21:07+00:00,3.3,2.494
anthony-markanich,mlspa,mlspa,in season,2026-07-28T18:50:04+00:00,3.5,2.764
anthony-markanich,mlspa,mlspa,in season,2026-07-28T22:07:02+00:00,3.54,2.901
anthony-markanich,mlspa,mlspa,in season,2026-07-29T01:44:42+00:00,4.54,3.052
anthony-markanich,mlspa,mlspa,in season,2026-07-29T08:13:38+00:00,3.54,3.322
anthony-markanich,mlspa,mlspa,in season,2026-07-29T23:13:36+00:00,3.82,-3.053
anthony-markanich,mlspa,mlspa,in season,2026-07-31T02:20:26+00:00,2.98,-1.923
anthony-markanich,mlspa,mlspa,in season,2026-07-31T15:30:45+00:00,4.04,-1.374
anthony-markanich,mlspa,mlspa,in season,2026-08-02T07:59:58+00:00,2.6,0.312
anthony-markanich,mlspa,mlspa,in season,2026-08-03T12:52:28+00:00,3.03,-1.484
hugo-lloris,mlspa,mlspa,in season,2026-07-28T16:05:34+00:00,20.86,2.566
hugo-lloris,mlspa,mlspa,in season,2026-07-28T18:09:11+00:00,14.84,2.652
hugo-lloris,mlspa,mlspa,in season,2026-07-28T18:59:12+00:00,21.68,2.687
hugo-lloris,mlspa,mlspa,in season,2026-07-29T02:43:08+00:00,22.56,3.009
hugo-lloris,mlspa,mlspa,in season,2026-07-29T18:37:44+00:00,14.27,-3.203
hugo-lloris,mlspa,mlspa,in season,2026-07-29T19:02:11+00:00,19.09,-3.186
hugo-lloris,mlspa,mlspa,in season,2026-07-29T21:21:00+00:00,11.98,-3.09
hugo-lloris,mlspa,mlspa,in season,2026-07-30T11:14:39+00:00,13.02,-2.511
hugo-lloris,mlspa,mlspa,in season,2026-07-30T13:05:41+00:00,16.59,-2.434
hugo-lloris,mlspa,mlspa,in season,2026-07-31T07:12:28+00:00,12.72,-1.679
hugo-lloris,mlspa,mlspa,in season,2026-07-31T10:00:59+00:00,16.36,-1.562
hugo-lloris,mlspa,mlspa,in season,2026-07-31T14:00:16+00:00,16.75,-1.396
hugo-lloris,mlspa,mlspa,in season,2026-07-31T14:42:04+00:00,16.59,-1.367
hugo-lloris,mlspa,mlspa,in season,2026-08-01T22:54:25+00:00,16.46,-0.025
hugo-lloris,mlspa,mlspa,in season,2026-08-02T22:52:23+00:00,14.55,0.974
hugo-lloris,mlspa,mlspa,in season,2026-08-03T14:34:54+00:00,15.15,1.628
hugo-lloris,mlspa,mlspa,in season,2026-07-27T16:52:44+00:00,20.99,1.599
hugo-lloris,mlspa,mlspa,in season,2026-07-27T21:57:12+00:00,16.6,1.811
hugo-lloris,mlspa,mlspa,in season,2026-07-28T13:24:01+00:00,21.29,2.454
hugo-lloris,mlspa,mlspa,in season,2026-07-28T14:46:47+00:00,19.09,2.512
philip-zinckernagel,mlspa,mlspa,classic,2026-07-30T11:17:26+00:00,7.01,-2.55
philip-zinckernagel,mlspa,mlspa,classic,2026-07-30T11:40:33+00:00,6.51,-2.534
philip-zinckernagel,mlspa,mlspa,classic,2026-07-30T19:46:16+00:00,11.45,-2.197
philip-zinckernagel,mlspa,mlspa,classic,2026-07-30T20:18:57+00:00,7.17,-2.174
philip-zinckernagel,mlspa,mlspa,classic,2026-07-30T23:56:14+00:00,6.17,-2.023
philip-zinckernagel,mlspa,mlspa,classic,2026-07-31T08:49:50+00:00,6.89,-1.653
philip-zinckernagel,mlspa,mlspa,classic,2026-07-31T09:34:52+00:00,6.39,-1.622
philip-zinckernagel,mlspa,mlspa,classic,2026-07-31T14:00:07+00:00,6.5,-1.437
philip-zinckernagel,mlspa,mlspa,classic,2026-08-01T15:41:18+00:00,6.49,-0.367
philip-zinckernagel,mlspa,mlspa,classic,2026-08-01T21:22:46+00:00,6.53,-0.13
philip-zinckernagel,mlspa,mlspa,classic,2026-08-02T02:32:33+00:00,6.43,0.085
philip-zinckernagel,mlspa,mlspa,classic,2026-08-02T09:02:10+00:00,6.47,0.356
philip-zinckernagel,mlspa,mlspa,classic,2026-08-02T09:05:52+00:00,6.15,0.358
philip-zinckernagel,mlspa,mlspa,classic,2026-08-02T09:51:07+00:00,6.47,0.39
philip-zinckernagel,mlspa,mlspa,classic,2026-08-02T11:00:17+00:00,5.02,0.438
philip-zinckernagel,mlspa,mlspa,classic,2026-08-02T13:12:06+00:00,5.95,0.529
philip-zinckernagel,mlspa,mlspa,classic,2026-08-02T13:12:15+00:00,6.11,0.529
philip-zinckernagel,mlspa,mlspa,classic,2026-08-02T13:12:22+00:00,6.43,0.529
philip-zinckernagel,mlspa,mlspa,classic,2026-08-02T13:12:29+00:00,6.92,0.53
philip-zinckernagel,mlspa,mlspa,classic,2026-08-02T17:40:09+00:00,6.94,0.715
philip-zinckernagel,mlspa,mlspa,classic,2026-08-02T20:35:36+00:00,7.49,0.837
philip-zinckernagel,mlspa,mlspa,classic,2026-08-03T01:39:12+00:00,7.3,1.048
philip-zinckernagel,mlspa,mlspa,classic,2026-08-03T11:35:09+00:00,7.52,1.462
philip-zinckernagel,mlspa,mlspa,classic,2026-07-28T01:03:37+00:00,8.09,2.065
philip-zinckernagel,mlspa,mlspa,classic,2026-07-28T11:03:48+00:00,8.1,2.482
philip-zinckernagel,mlspa,mlspa,classic,2026-07-28T14:03:22+00:00,7.74,2.607
philip-zinckernagel,mlspa,mlspa,classic,2026-07-28T15:12:14+00:00,8.12,2.654
philip-zinckernagel,mlspa,mlspa,classic,2026-07-28T17:28:27+00:00,8.1,2.749
philip-zinckernagel,mlspa,mlspa,classic,2026-07-28T20:58:42+00:00,8.09,2.895
philip-zinckernagel,mlspa,mlspa,classic,2026-07-29T07:12:28+00:00,7.41,3.321
marco-reus,mlspa,mlspa,in season,2026-07-29T21:30:50+00:00,4.43,-3.208
marco-reus,mlspa,mlspa,in season,2026-07-30T13:53:57+00:00,3.35,-2.525
marco-reus,mlspa,mlspa,in season,2026-07-30T14:47:38+00:00,4.18,-2.488
marco-reus,mlspa,mlspa,in season,2026-07-30T16:45:35+00:00,4.16,-2.406
marco-reus,mlspa,mlspa,in season,2026-07-30T17:22:39+00:00,3.83,-2.38
marco-reus,mlspa,mlspa,in season,2026-07-30T19:55:43+00:00,4.15,-2.274
marco-reus,mlspa,mlspa,in season,2026-07-30T20:53:11+00:00,4.17,-2.234
marco-reus,mlspa,mlspa,in season,2026-07-30T21:28:54+00:00,5.0,-2.209
marco-reus,mlspa,mlspa,in season,2026-07-31T10:16:50+00:00,4.91,-1.676
marco-reus,mlspa,mlspa,in season,2026-07-31T12:35:53+00:00,5.08,-1.579
marco-reus,mlspa,mlspa,in season,2026-07-31T12:56:12+00:00,4.26,-1.565
marco-reus,mlspa,mlspa,in season,2026-07-31T15:31:07+00:00,4.52,-1.458
marco-reus,mlspa,mlspa,in season,2026-07-31T18:49:41+00:00,4.55,-1.32
marco-reus,mlspa,mlspa,in season,2026-08-02T08:00:09+00:00,3.41,0.229
marco-reus,mlspa,mlspa,in season,2026-08-02T13:13:04+00:00,3.54,0.447
marco-reus,mlspa,mlspa,in season,2026-08-03T11:51:02+00:00,3.68,1.39
marco-reus,mlspa,mlspa,in season,2026-08-03T12:00:47+00:00,4.14,1.396
marco-reus,mlspa,mlspa,in season,2026-07-27T15:55:37+00:00,4.75,1.559
marco-reus,mlspa,mlspa,in season,2026-07-28T12:04:23+00:00,4.29,2.399
marco-reus,mlspa,mlspa,in season,2026-07-28T21:20:38+00:00,4.71,2.785
marco-reus,mlspa,mlspa,in season,2026-07-29T03:28:00+00:00,3.52,3.04
marco-reus,mlspa,mlspa,in season,2026-07-29T07:06:13+00:00,3.37,3.192
marco-reus,mlspa,mlspa,in season,2026-07-29T08:20:21+00:00,3.03,3.243
marco-reus,mlspa,mlspa,in season,2026-07-29T10:09:50+00:00,3.03,3.319
marco-reus,mlspa,mlspa,in season,2026-07-29T11:37:06+00:00,3.86,3.38
marco-reus,mlspa,mlspa,in season,2026-07-29T14:24:59+00:00,4.18,3.497
philip-zinckernagel,mlspa,mlspa,in season,2026-07-30T10:06:16+00:00,21.55,-2.6
philip-zinckernagel,mlspa,mlspa,in season,2026-07-30T19:23:14+00:00,22.57,-2.213
philip-zinckernagel,mlspa,mlspa,in season,2026-07-30T21:25:18+00:00,23.98,-2.128
philip-zinckernagel,mlspa,mlspa,in season,2026-08-02T08:23:30+00:00,25.03,0.329
philip-zinckernagel,mlspa,mlspa,in season,2026-08-02T16:15:21+00:00,20.93,0.656
philip-zinckernagel,mlspa,mlspa,in season,2026-08-02T16:16:24+00:00,24.15,0.657
philip-zinckernagel,mlspa,mlspa,in season,2026-08-02T19:36:41+00:00,26.16,0.796
philip-zinckernagel,mlspa,mlspa,in season,2026-08-02T19:46:16+00:00,24.21,0.803
philip-zinckernagel,mlspa,mlspa,in season,2026-08-02T20:53:03+00:00,25.07,0.849
philip-zinckernagel,mlspa,mlspa,in season,2026-08-03T01:30:14+00:00,24.97,1.042
philip-zinckernagel,mlspa,mlspa,in season,2026-08-03T05:56:03+00:00,24.74,1.226
philip-zinckernagel,mlspa,mlspa,in season,2026-08-03T08:08:54+00:00,24.92,1.319
philip-zinckernagel,mlspa,mlspa,in season,2026-08-03T13:38:50+00:00,25.88,1.548
philip-zinckernagel,mlspa,mlspa,in season,2026-08-03T14:24:02+00:00,26.26,1.579
philip-zinckernagel,mlspa,mlspa,in season,2026-07-27T20:52:52+00:00,22.77,1.891
philip-zinckernagel,mlspa,mlspa,in season,2026-07-27T22:44:29+00:00,22.69,1.968
philip-zinckernagel,mlspa,mlspa,in season,2026-07-28T08:34:20+00:00,24.34,2.378
philip-zinckernagel,mlspa,mlspa,in season,2026-07-28T16:10:59+00:00,24.39,2.695
philip-zinckernagel,mlspa,mlspa,in season,2026-07-29T14:01:48+00:00,22.93,-3.436
philip-zinckernagel,mlspa,mlspa,in season,2026-07-29T18:38:57+00:00,21.32,-3.244
philip-zinckernagel,mlspa,mlspa,in season,2026-07-29T19:27:57+00:00,22.94,-3.21
facundo-daniel-torres-perez,mlspa,mlspa,in season,2026-07-28T09:08:25+00:00,4.47,2.36
facundo-daniel-torres-perez,mlspa,mlspa,in season,2026-07-28T10:29:28+00:00,5.28,2.416
facundo-daniel-torres-perez,mlspa,mlspa,in season,2026-07-28T11:28:20+00:00,5.12,2.457
facundo-daniel-torres-perez,mlspa,mlspa,in season,2026-07-28T15:20:25+00:00,5.14,2.618
facundo-daniel-torres-perez,mlspa,mlspa,in season,2026-07-28T23:17:09+00:00,4.86,2.949
facundo-daniel-torres-perez,mlspa,mlspa,in season,2026-07-28T23:40:02+00:00,5.03,2.965
facundo-daniel-torres-perez,mlspa,mlspa,in season,2026-07-29T10:37:33+00:00,4.55,3.422
facundo-daniel-torres-perez,mlspa,mlspa,in season,2026-07-29T10:37:39+00:00,4.38,3.422
facundo-daniel-torres-perez,mlspa,mlspa,in season,2026-07-29T10:38:47+00:00,4.89,3.423
facundo-daniel-torres-perez,mlspa,mlspa,in season,2026-07-29T17:28:07+00:00,4.16,-3.335
facundo-daniel-torres-perez,mlspa,mlspa,in season,2026-07-30T00:24:43+00:00,4.66,-3.045
facundo-daniel-torres-perez,mlspa,mlspa,in season,2026-07-30T13:27:32+00:00,4.69,-2.502
facundo-daniel-torres-perez,mlspa,mlspa,in season,2026-07-31T22:01:36+00:00,4.35,-1.145
facundo-daniel-torres-perez,mlspa,mlspa,in season,2026-08-02T20:28:23+00:00,4.4,0.791
evander-da-silva-ferreira,mlspa,mlspa,classic,2026-07-30T19:42:48+00:00,21.74,-2.252
evander-da-silva-ferreira,mlspa,mlspa,classic,2026-07-30T21:06:55+00:00,22.48,-2.194
evander-da-silva-ferreira,mlspa,mlspa,classic,2026-07-30T23:02:57+00:00,22.53,-2.113
evander-da-silva-ferreira,mlspa,mlspa,classic,2026-07-31T01:20:08+00:00,20.78,-2.018
evander-da-silva-ferreira,mlspa,mlspa,classic,2026-07-31T03:44:16+00:00,20.99,-1.918
evander-da-silva-ferreira,mlspa,mlspa,classic,2026-07-31T04:42:35+00:00,23.19,-1.877
evander-da-silva-ferreira,mlspa,mlspa,classic,2026-07-31T08:23:04+00:00,23.29,-1.724
evander-da-silva-ferreira,mlspa,mlspa,classic,2026-07-31T08:40:08+00:00,23.95,-1.712
evander-da-silva-ferreira,mlspa,mlspa,classic,2026-07-31T08:54:04+00:00,24.93,-1.703
evander-da-silva-ferreira,mlspa,mlspa,classic,2026-07-31T10:38:03+00:00,24.04,-1.631
evander-da-silva-ferreira,mlspa,mlspa,classic,2026-07-31T11:41:01+00:00,27.05,-1.587
evander-da-silva-ferreira,mlspa,mlspa,classic,2026-07-31T18:46:01+00:00,22.09,-1.292
evander-da-silva-ferreira,mlspa,mlspa,classic,2026-07-31T19:28:55+00:00,26.92,-1.262
evander-da-silva-ferreira,mlspa,mlspa,classic,2026-07-31T21:41:53+00:00,27.92,-1.17
evander-da-silva-ferreira,mlspa,mlspa,classic,2026-08-01T08:44:53+00:00,31.57,-0.709
evander-da-silva-ferreira,mlspa,mlspa,classic,2026-08-02T03:04:26+00:00,29.42,0.054
evander-da-silva-ferreira,mlspa,mlspa,classic,2026-08-02T08:43:21+00:00,34.13,0.29
evander-da-silva-ferreira,mlspa,mlspa,classic,2026-08-02T12:46:39+00:00,31.12,0.459
evander-da-silva-ferreira,mlspa,mlspa,classic,2026-08-02T13:49:13+00:00,32.17,0.502
evander-da-silva-ferreira,mlspa,mlspa,classic,2026-08-02T18:26:32+00:00,29.14,0.695
evander-da-silva-ferreira,mlspa,mlspa,classic,2026-08-02T19:12:06+00:00,25.51,0.726
evander-da-silva-ferreira,mlspa,mlspa,classic,2026-08-03T08:37:49+00:00,25.56,1.286
evander-da-silva-ferreira,mlspa,mlspa,classic,2026-07-28T07:02:15+00:00,18.09,2.324
evander-da-silva-ferreira,mlspa,mlspa,classic,2026-07-28T07:42:19+00:00,23.73,2.352
evander-da-silva-ferreira,mlspa,mlspa,classic,2026-07-28T13:11:48+00:00,21.95,2.581
evander-da-silva-ferreira,mlspa,mlspa,classic,2026-07-28T14:45:59+00:00,20.9,2.647
evander-da-silva-ferreira,mlspa,mlspa,classic,2026-07-28T15:47:24+00:00,22.04,2.689
evander-da-silva-ferreira,mlspa,mlspa,classic,2026-07-28T16:23:47+00:00,22.88,2.714
evander-da-silva-ferreira,mlspa,mlspa,classic,2026-07-28T19:02:43+00:00,22.13,2.825
evander-da-silva-ferreira,mlspa,mlspa,classic,2026-07-28T21:01:07+00:00,23.39,2.907
evander-da-silva-ferreira,mlspa,mlspa,classic,2026-07-29T05:27:03+00:00,23.2,3.258
evander-da-silva-ferreira,mlspa,mlspa,classic,2026-07-29T09:11:10+00:00,22.49,3.414
evander-da-silva-ferreira,mlspa,mlspa,classic,2026-07-29T14:33:48+00:00,23.1,-3.467
evander-da-silva-ferreira,mlspa,mlspa,classic,2026-07-29T15:57:57+00:00,21.95,-3.408
evander-da-silva-ferreira,mlspa,mlspa,classic,2026-07-29T18:03:24+00:00,21.83,-3.321
evander-da-silva-ferreira,mlspa,mlspa,classic,2026-07-29T18:04:08+00:00,22.0,-3.321
evander-da-silva-ferreira,mlspa,mlspa,classic,2026-07-29T21:22:04+00:00,22.0,-3.183
evander-da-silva-ferreira,mlspa,mlspa,classic,2026-07-29T21:57:35+00:00,22.0,-3.159
evander-da-silva-ferreira,mlspa,mlspa,classic,2026-07-30T02:23:27+00:00,22.4,-2.974
evander-da-silva-ferreira,mlspa,mlspa,classic,2026-07-30T07:33:19+00:00,23.39,-2.759
evander-da-silva-ferreira,mlspa,mlspa,classic,2026-07-30T08:24:38+00:00,21.77,-2.723
evander-da-silva-ferreira,mlspa,mlspa,classic,2026-07-30T16:22:59+00:00,22.13,-2.391
evander-da-silva-ferreira,mlspa,mlspa,classic,2026-07-30T18:06:19+00:00,20.14,-2.319
evander-da-silva-ferreira,mlspa,mlspa,classic,2026-07-30T18:10:59+00:00,25.13,-2.316
milan-iloski,mlspa,mlspa,classic,2026-07-30T12:49:21+00:00,4.02,-2.445
milan-iloski,mlspa,mlspa,classic,2026-07-30T13:48:54+00:00,3.35,-2.404
milan-iloski,mlspa,mlspa,classic,2026-07-30T13:50:20+00:00,3.86,-2.403
milan-iloski,mlspa,mlspa,classic,2026-07-31T04:31:01+00:00,3.98,-1.791
milan-iloski,mlspa,mlspa,classic,2026-07-31T08:35:09+00:00,3.44,-1.621
milan-iloski,mlspa,mlspa,classic,2026-07-31T09:06:37+00:00,4.1,-1.6
milan-iloski,mlspa,mlspa,classic,2026-07-31T15:32:58+00:00,4.2,-1.331
milan-iloski,mlspa,mlspa,classic,2026-07-31T15:52:42+00:00,4.36,-1.318
milan-iloski,mlspa,mlspa,classic,2026-07-31T17:11:29+00:00,3.88,-1.263
milan-iloski,mlspa,mlspa,classic,2026-07-31T23:43:46+00:00,4.19,-0.99
milan-iloski,mlspa,mlspa,classic,2026-08-01T03:58:58+00:00,4.53,-0.813
milan-iloski,mlspa,mlspa,classic,2026-08-01T18:12:52+00:00,4.35,-0.22
milan-iloski,mlspa,mlspa,classic,2026-08-01T23:29:14+00:00,4.48,-0.001
milan-iloski,mlspa,mlspa,classic,2026-08-02T08:26:48+00:00,3.74,0.373
milan-iloski,mlspa,mlspa,classic,2026-08-02T21:11:08+00:00,3.1,0.904
milan-iloski,mlspa,mlspa,classic,2026-08-03T13:33:37+00:00,3.83,1.586
milan-iloski,mlspa,mlspa,classic,2026-07-28T07:39:39+00:00,4.15,2.34
milan-iloski,mlspa,mlspa,classic,2026-07-28T10:42:15+00:00,4.13,2.467
milan-iloski,mlspa,mlspa,classic,2026-07-28T16:29:09+00:00,3.2,2.708
milan-iloski,mlspa,mlspa,classic,2026-07-28T17:47:43+00:00,4.05,2.762
milan-iloski,mlspa,mlspa,classic,2026-07-29T11:10:16+00:00,3.86,3.486
milan-iloski,mlspa,mlspa,classic,2026-07-29T13:37:46+00:00,3.85,-3.411
milan-iloski,mlspa,mlspa,classic,2026-07-29T22:04:40+00:00,4.14,-3.059
milan-iloski,mlspa,mlspa,classic,2026-07-29T22:05:11+00:00,4.14,-3.059
milan-iloski,mlspa,mlspa,classic,2026-07-30T04:59:33+00:00,3.83,-2.771
milan-iloski,mlspa,mlspa,classic,2026-07-30T07:01:35+00:00,3.65,-2.686
milan-iloski,mlspa,mlspa,classic,2026-07-30T08:18:53+00:00,4.15,-2.633
freese-matthew,mlspa,mlspa,classic,2026-07-28T20:30:48+00:00,2.53,2.876
freese-matthew,mlspa,mlspa,classic,2026-07-30T07:45:42+00:00,2.65,-1.656
freese-matthew,mlspa,mlspa,classic,2026-07-30T08:37:41+00:00,2.82,-1.62
freese-matthew,mlspa,mlspa,classic,2026-07-30T09:29:54+00:00,4.18,-1.583
freese-matthew,mlspa,mlspa,classic,2026-07-30T09:46:46+00:00,2.84,-1.572
freese-matthew,mlspa,mlspa,classic,2026-07-30T13:23:03+00:00,2.85,-1.421
freese-matthew,mlspa,mlspa,classic,2026-07-30T13:32:48+00:00,2.85,-1.415
freese-matthew,mlspa,mlspa,classic,2026-07-30T15:54:34+00:00,2.83,-1.316
freese-matthew,mlspa,mlspa,classic,2026-07-31T09:07:17+00:00,2.62,-0.599
freese-matthew,mlspa,mlspa,classic,2026-07-31T11:58:32+00:00,3.11,-0.48
freese-matthew,mlspa,mlspa,classic,2026-07-31T19:39:19+00:00,2.76,-0.16
freese-matthew,mlspa,mlspa,classic,2026-07-31T21:11:29+00:00,2.9,-0.096
freese-matthew,mlspa,mlspa,classic,2026-07-31T21:47:13+00:00,4.03,-0.071
freese-matthew,mlspa,mlspa,classic,2026-07-31T23:03:29+00:00,3.06,-0.018
freese-matthew,mlspa,mlspa,classic,2026-07-31T23:10:18+00:00,3.22,-0.014
freese-matthew,mlspa,mlspa,classic,2026-08-02T11:00:34+00:00,2.75,1.48
freese-matthew,mlspa,mlspa,classic,2026-08-02T17:19:36+00:00,3.39,1.743
freese-matthew,mlspa,mlspa,classic,2026-08-03T09:20:36+00:00,2.39,2.41
freese-matthew,mlspa,mlspa,classic,2026-08-03T12:58:06+00:00,2.71,2.561
freese-matthew,mlspa,mlspa,classic,2026-07-28T09:11:48+00:00,3.48,2.404
freese-matthew,mlspa,mlspa,classic,2026-07-28T16:18:23+00:00,3.36,2.7
denis-bouanga,mlspa,mlspa,classic,2026-07-29T16:37:22+00:00,6.47,-3.287
denis-bouanga,mlspa,mlspa,classic,2026-07-29T18:42:33+00:00,5.88,-3.2
denis-bouanga,mlspa,mlspa,classic,2026-07-29T18:58:35+00:00,6.04,-3.188
denis-bouanga,mlspa,mlspa,classic,2026-07-29T22:39:04+00:00,7.61,-3.035
denis-bouanga,mlspa,mlspa,classic,2026-07-29T23:27:18+00:00,5.48,-3.002
denis-bouanga,mlspa,mlspa,classic,2026-07-30T12:03:05+00:00,7.36,-2.477
denis-bouanga,mlspa,mlspa,classic,2026-07-31T03:50:41+00:00,5.45,-1.819
denis-bouanga,mlspa,mlspa,classic,2026-07-31T08:57:05+00:00,5.58,-1.606
denis-bouanga,mlspa,mlspa,classic,2026-07-31T10:16:18+00:00,5.72,-1.551
denis-bouanga,mlspa,mlspa,classic,2026-07-31T12:03:41+00:00,5.9,-1.477
denis-bouanga,mlspa,mlspa,classic,2026-07-31T15:32:14+00:00,5.33,-1.332
denis-bouanga,mlspa,mlspa,classic,2026-08-01T10:53:53+00:00,4.85,-0.525
denis-bouanga,mlspa,mlspa,classic,2026-08-01T23:07:57+00:00,4.96,-0.015
denis-bouanga,mlspa,mlspa,classic,2026-08-02T11:00:27+00:00,3.72,0.479
denis-bouanga,mlspa,mlspa,classic,2026-08-02T13:33:03+00:00,4.99,0.585
denis-bouanga,mlspa,mlspa,classic,2026-08-02T17:17:03+00:00,4.84,0.741
denis-bouanga,mlspa,mlspa,classic,2026-08-02T20:34:20+00:00,4.07,0.878
denis-bouanga,mlspa,mlspa,classic,2026-08-03T05:12:28+00:00,4.98,1.238
denis-bouanga,mlspa,mlspa,classic,2026-08-03T15:15:12+00:00,4.83,1.656
denis-bouanga,mlspa,mlspa,classic,2026-07-27T16:06:28+00:00,6.43,1.567
denis-bouanga,mlspa,mlspa,classic,2026-07-27T16:13:21+00:00,6.6,1.572
denis-bouanga,mlspa,mlspa,classic,2026-07-28T13:22:07+00:00,6.99,2.453
denis-bouanga,mlspa,mlspa,classic,2026-07-28T14:51:19+00:00,6.91,2.515
denis-bouanga,mlspa,mlspa,classic,2026-07-28T18:07:47+00:00,6.5,2.651
denis-bouanga,mlspa,mlspa,classic,2026-07-29T07:03:48+00:00,6.73,3.19
heung-min-son,mlspa,mlspa,classic,2026-07-29T07:26:32+00:00,8.59,3.206
heung-min-son,mlspa,mlspa,classic,2026-07-29T08:55:51+00:00,8.77,3.268
heung-min-son,mlspa,mlspa,classic,2026-07-29T19:35:21+00:00,8.04,-3.163
heung-min-son,mlspa,mlspa,classic,2026-07-30T08:41:04+00:00,6.65,-2.617
heung-min-son,mlspa,mlspa,classic,2026-07-30T13:23:40+00:00,8.05,-2.421
heung-min-son,mlspa,mlspa,classic,2026-07-30T13:52:11+00:00,7.71,-2.401
heung-min-son,mlspa,mlspa,classic,2026-07-30T15:01:35+00:00,7.99,-2.353
heung-min-son,mlspa,mlspa,classic,2026-07-30T18:18:26+00:00,8.32,-2.216
heung-min-son,mlspa,mlspa,classic,2026-07-30T18:46:51+00:00,9.15,-2.197
heung-min-son,mlspa,mlspa,classic,2026-07-31T11:06:50+00:00,8.52,-1.516
heung-min-son,mlspa,mlspa,classic,2026-07-31T12:05:43+00:00,8.52,-1.475
heung-min-son,mlspa,mlspa,classic,2026-07-31T13:14:07+00:00,8.35,-1.428
heung-min-son,mlspa,mlspa,classic,2026-07-31T13:20:14+00:00,9.33,-1.423
heung-min-son,mlspa,mlspa,classic,2026-07-31T14:17:43+00:00,7.97,-1.384
heung-min-son,mlspa,mlspa,classic,2026-08-01T11:56:05+00:00,7.92,-0.482
heung-min-son,mlspa,mlspa,classic,2026-08-01T22:59:46+00:00,7.99,-0.021
heung-min-son,mlspa,mlspa,classic,2026-08-01T23:39:17+00:00,7.52,0.006
heung-min-son,mlspa,mlspa,classic,2026-08-02T16:35:23+00:00,6.44,0.712
heung-min-son,mlspa,mlspa,classic,2026-08-02T16:46:40+00:00,6.44,0.72
heung-min-son,mlspa,mlspa,classic,2026-08-03T02:22:42+00:00,5.98,1.12
heung-min-son,mlspa,mlspa,classic,2026-07-27T23:17:24+00:00,7.83,1.866
heung-min-son,mlspa,mlspa,classic,2026-07-28T13:22:29+00:00,9.15,2.453
heung-min-son,mlspa,mlspa,classic,2026-07-28T15:30:40+00:00,9.28,2.542
anders-dreyer,mlspa,mlspa,in season,2026-07-29T18:04:34+00:00,26.36,-3.268
anders-dreyer,mlspa,mlspa,in season,2026-07-29T19:32:09+00:00,26.79,-3.207
anders-dreyer,mlspa,mlspa,in season,2026-07-30T01:53:39+00:00,28.61,-2.942
anders-dreyer,mlspa,mlspa,in season,2026-07-30T06:49:50+00:00,24.11,-2.736
anders-dreyer,mlspa,mlspa,in season,2026-07-30T11:55:28+00:00,27.38,-2.524
anders-dreyer,mlspa,mlspa,in season,2026-07-30T13:33:44+00:00,26.65,-2.456
anders-dreyer,mlspa,mlspa,in season,2026-07-30T13:45:55+00:00,23.47,-2.447
anders-dreyer,mlspa,mlspa,in season,2026-07-30T20:47:59+00:00,27.67,-2.154
anders-dreyer,mlspa,mlspa,in season,2026-07-31T10:14:49+00:00,27.31,-1.594
anders-dreyer,mlspa,mlspa,in season,2026-07-31T13:21:09+00:00,27.34,-1.464
anders-dreyer,mlspa,mlspa,in season,2026-07-31T14:38:25+00:00,23.9,-1.411
anders-dreyer,mlspa,mlspa,in season,2026-08-01T01:44:40+00:00,26.97,-0.948
anders-dreyer,mlspa,mlspa,in season,2026-08-02T02:21:49+00:00,24.28,0.078
anders-dreyer,mlspa,mlspa,in season,2026-08-02T20:32:26+00:00,23.44,0.835
anders-dreyer,mlspa,mlspa,in season,2026-08-03T03:46:50+00:00,26.0,1.137
anders-dreyer,mlspa,mlspa,in season,2026-08-03T05:54:36+00:00,24.26,1.225
anders-dreyer,mlspa,mlspa,in season,2026-08-03T12:47:48+00:00,24.21,1.512
anders-dreyer,mlspa,mlspa,in season,2026-07-28T15:11:28+00:00,37.45,2.57
anders-dreyer,mlspa,mlspa,in season,2026-07-28T15:21:40+00:00,31.32,2.578
anders-dreyer,mlspa,mlspa,in season,2026-07-28T18:10:49+00:00,36.35,2.695
anders-dreyer,mlspa,mlspa,in season,2026-07-29T02:11:17+00:00,29.91,3.029
anders-dreyer,mlspa,mlspa,in season,2026-07-29T05:35:45+00:00,31.21,3.171
anders-dreyer,mlspa,mlspa,in season,2026-07-29T06:48:22+00:00,30.67,3.221
anders-dreyer,mlspa,mlspa,in season,2026-07-29T09:43:47+00:00,26.02,3.343
anders-dreyer,mlspa,mlspa,in season,2026-07-29T12:42:04+00:00,24.71,3.467
anders-dreyer,mlspa,mlspa,in season,2026-07-29T13:36:57+00:00,25.09,-3.454
hugo-lloris,mlspa,mlspa,classic,2026-07-28T15:59:51+00:00,4.47,2.562
hugo-lloris,mlspa,mlspa,classic,2026-07-28T19:16:46+00:00,4.53,2.699
hugo-lloris,mlspa,mlspa,classic,2026-07-29T08:56:19+00:00,4.72,3.268
hugo-lloris,mlspa,mlspa,classic,2026-07-29T16:07:50+00:00,4.81,-3.307
hugo-lloris,mlspa,mlspa,classic,2026-07-30T11:19:49+00:00,4.67,-2.507
hugo-lloris,mlspa,mlspa,classic,2026-07-31T18:11:39+00:00,4.55,-1.221
hugo-lloris,mlspa,mlspa,classic,2026-07-31T20:23:52+00:00,4.53,-1.129
hugo-lloris,mlspa,mlspa,classic,2026-08-01T21:35:43+00:00,4.46,-0.079
hugo-lloris,mlspa,mlspa,classic,2026-08-02T09:36:51+00:00,3.56,0.421
hugo-lloris,mlspa,mlspa,classic,2026-08-02T10:21:48+00:00,4.54,0.453
hugo-lloris,mlspa,mlspa,classic,2026-08-02T10:58:42+00:00,3.57,0.478
hugo-lloris,mlspa,mlspa,classic,2026-08-02T11:42:59+00:00,3.24,0.509
hugo-lloris,mlspa,mlspa,classic,2026-08-02T14:36:28+00:00,4.82,0.629
hugo-lloris,mlspa,mlspa,classic,2026-08-02T14:37:14+00:00,5.14,0.63
hugo-lloris,mlspa,mlspa,classic,2026-08-02T14:46:58+00:00,4.34,0.637
hugo-lloris,mlspa,mlspa,classic,2026-08-03T08:02:59+00:00,4.31,1.356
hugo-lloris,mlspa,mlspa,classic,2026-08-03T11:40:14+00:00,3.2,1.507
hugo-lloris,mlspa,mlspa,classic,2026-07-27T21:59:25+00:00,4.11,1.812
hugo-lloris,mlspa,mlspa,classic,2026-07-28T09:44:49+00:00,4.63,2.302
hugo-lloris,mlspa,mlspa,classic,2026-07-28T10:03:13+00:00,4.79,2.315
jeisson-andres-palacios-murillo,mlspa,mlspa,in season,2026-07-28T06:51:48+00:00,21.19,2.254
jeisson-andres-palacios-murillo,mlspa,mlspa,in season,2026-07-28T14:56:21+00:00,20.9,2.591
jeisson-andres-palacios-murillo,mlspa,mlspa,in season,2026-07-28T16:10:23+00:00,25.4,2.642
jeisson-andres-palacios-murillo,mlspa,mlspa,in season,2026-07-29T09:58:52+00:00,17.79,3.384
jeisson-andres-palacios-murillo,mlspa,mlspa,in season,2026-07-29T18:39:50+00:00,15.45,-3.202
jeisson-andres-palacios-murillo,mlspa,mlspa,in season,2026-07-29T19:24:13+00:00,21.1,-3.171
jeisson-andres-palacios-murillo,mlspa,mlspa,in season,2026-07-30T02:26:17+00:00,21.23,-2.878
jeisson-andres-palacios-murillo,mlspa,mlspa,in season,2026-07-30T15:39:12+00:00,17.49,-2.327
jeisson-andres-palacios-murillo,mlspa,mlspa,in season,2026-07-30T16:20:35+00:00,20.13,-2.298
jeisson-andres-palacios-murillo,mlspa,mlspa,in season,2026-07-30T19:30:37+00:00,19.25,-2.166
jeisson-andres-palacios-murillo,mlspa,mlspa,in season,2026-07-31T13:05:18+00:00,19.81,-1.434
jeisson-andres-palacios-murillo,mlspa,mlspa,in season,2026-08-01T23:36:48+00:00,16.64,0.005
jeisson-andres-palacios-murillo,mlspa,mlspa,in season,2026-08-02T00:25:53+00:00,16.62,0.039
jeisson-andres-palacios-murillo,mlspa,mlspa,in season,2026-08-02T10:01:17+00:00,17.18,0.438
jeisson-andres-palacios-murillo,mlspa,mlspa,in season,2026-08-02T10:19:20+00:00,17.99,0.451
jeisson-andres-palacios-murillo,mlspa,mlspa,in season,2026-08-02T17:41:33+00:00,17.11,0.758
jeisson-andres-palacios-murillo,mlspa,mlspa,in season,2026-08-02T19:40:08+00:00,18.04,0.84
jeisson-andres-palacios-murillo,mlspa,mlspa,in season,2026-08-03T08:30:32+00:00,13.1,1.375
jeisson-andres-palacios-murillo,mlspa,mlspa,in season,2026-07-27T17:08:15+00:00,21.29,1.682
jeisson-andres-palacios-murillo,mlspa,mlspa,in season,2026-07-27T18:15:18+00:00,20.66,1.729
jeisson-andres-palacios-murillo,mlspa,mlspa,in season,2026-07-27T21:48:44+00:00,20.87,1.877
denis-bouanga,mlspa,mlspa,in season,2026-07-29T08:21:37+00:00,28.15,3.244
denis-bouanga,mlspa,mlspa,in season,2026-07-29T14:30:58+00:00,29.29,-3.374
denis-bouanga,mlspa,mlspa,in season,2026-07-29T14:35:32+00:00,28.96,-3.371
denis-bouanga,mlspa,mlspa,in season,2026-07-29T21:46:31+00:00,29.38,-3.072
denis-bouanga,mlspa,mlspa,in season,2026-07-29T23:35:21+00:00,26.4,-2.996
denis-bouanga,mlspa,mlspa,in season,2026-07-30T11:14:09+00:00,23.54,-2.511
denis-bouanga,mlspa,mlspa,in season,2026-07-30T12:27:53+00:00,26.11,-2.46
denis-bouanga,mlspa,mlspa,in season,2026-07-31T09:06:21+00:00,27.04,-1.6
denis-bouanga,mlspa,mlspa,in season,2026-07-31T15:48:43+00:00,28.26,-1.32
denis-bouanga,mlspa,mlspa,in season,2026-07-31T19:22:50+00:00,29.03,-1.172
denis-bouanga,mlspa,mlspa,in season,2026-07-31T20:58:38+00:00,28.97,-1.105
denis-bouanga,mlspa,mlspa,in season,2026-08-01T07:40:14+00:00,30.62,-0.66
denis-bouanga,mlspa,mlspa,in season,2026-08-02T16:37:44+00:00,24.31,0.714
denis-bouanga,mlspa,mlspa,in season,2026-08-03T01:29:15+00:00,24.0,1.083
denis-bouanga,mlspa,mlspa,in season,2026-08-03T08:16:54+00:00,22.21,1.366
denis-bouanga,mlspa,mlspa,in season,2026-08-03T10:46:15+00:00,20.88,1.47
denis-bouanga,mlspa,mlspa,in season,2026-08-03T11:10:20+00:00,24.96,1.486
denis-bouanga,mlspa,mlspa,in season,2026-07-28T12:50:55+00:00,32.01,2.431
denis-bouanga,mlspa,mlspa,in season,2026-07-28T16:07:22+00:00,36.51,2.568
denis-bouanga,mlspa,mlspa,in season,2026-07-28T18:07:33+00:00,24.01,2.651
denis-bouanga,mlspa,mlspa,in season,2026-07-28T19:04:43+00:00,30.68,2.691
denis-bouanga,mlspa,mlspa,in season,2026-07-28T19:32:07+00:00,30.51,2.71
denis-bouanga,mlspa,mlspa,in season,2026-07-28T22:50:47+00:00,29.36,2.848
denis-bouanga,mlspa,mlspa,in season,2026-07-29T07:23:51+00:00,28.29,3.204
luka-gavran,mlspa,mlspa,in season,2026-07-28T14:37:25+00:00,6.58,2.63
luka-gavran,mlspa,mlspa,in season,2026-07-28T20:28:30+00:00,7.59,2.874
luka-gavran,mlspa,mlspa,in season,2026-07-28T21:47:59+00:00,6.39,2.929
luka-gavran,mlspa,mlspa,in season,2026-07-28T22:10:55+00:00,7.76,2.945
luka-gavran,mlspa,mlspa,in season,2026-07-29T08:00:49+00:00,7.59,-2.645
luka-gavran,mlspa,mlspa,in season,2026-07-29T10:37:59+00:00,7.59,-2.536
luka-gavran,mlspa,mlspa,in season,2026-07-29T11:29:11+00:00,7.38,-2.501
luka-gavran,mlspa,mlspa,in season,2026-07-29T12:16:59+00:00,7.4,-2.467
luka-gavran,mlspa,mlspa,in season,2026-07-29T14:43:32+00:00,7.53,-2.366
luka-gavran,mlspa,mlspa,in season,2026-07-30T09:04:03+00:00,7.68,-1.601
luka-gavran,mlspa,mlspa,in season,2026-07-30T20:47:37+00:00,7.67,-1.113
luka-gavran,mlspa,mlspa,in season,2026-07-31T13:00:36+00:00,7.2,-0.437
luka-gavran,mlspa,mlspa,in season,2026-07-31T13:21:30+00:00,7.2,-0.423
luka-gavran,mlspa,mlspa,in season,2026-07-31T14:39:19+00:00,7.64,-0.369
luka-gavran,mlspa,mlspa,in season,2026-07-31T15:52:52+00:00,6.94,-0.317
luka-gavran,mlspa,mlspa,in season,2026-07-31T21:18:48+00:00,7.58,-0.091
luka-gavran,mlspa,mlspa,in season,2026-08-01T07:05:13+00:00,7.29,0.316
luka-gavran,mlspa,mlspa,in season,2026-08-01T10:55:20+00:00,7.6,0.476
luka-gavran,mlspa,mlspa,in season,2026-08-01T13:51:38+00:00,6.47,0.598
luka-gavran,mlspa,mlspa,in season,2026-08-02T10:01:22+00:00,6.81,1.438
luka-gavran,mlspa,mlspa,in season,2026-08-02T13:49:10+00:00,7.08,1.597
luka-gavran,mlspa,mlspa,in season,2026-08-02T16:45:47+00:00,7.57,1.719
german-berterame,mlspa,mlspa,in season,2026-07-27T17:40:09+00:00,10.22,1.757
german-berterame,mlspa,mlspa,in season,2026-07-27T20:07:44+00:00,10.61,1.86
german-berterame,mlspa,mlspa,in season,2026-07-28T12:30:53+00:00,10.39,2.542
german-berterame,mlspa,mlspa,in season,2026-07-28T13:18:39+00:00,9.48,2.575
german-berterame,mlspa,mlspa,in season,2026-07-28T17:03:55+00:00,12.49,2.732
german-berterame,mlspa,mlspa,in season,2026-07-28T19:34:16+00:00,12.91,2.836
german-berterame,mlspa,mlspa,in season,2026-07-28T21:02:23+00:00,12.79,2.897
german-berterame,mlspa,mlspa,in season,2026-07-29T01:39:45+00:00,12.61,3.09
german-berterame,mlspa,mlspa,in season,2026-07-29T06:50:29+00:00,10.05,3.306
german-berterame,mlspa,mlspa,in season,2026-07-29T07:39:10+00:00,11.95,3.34
german-berterame,mlspa,mlspa,in season,2026-07-29T11:28:42+00:00,11.07,3.499
german-berterame,mlspa,mlspa,in season,2026-07-29T13:55:18+00:00,14.88,-3.427
german-berterame,mlspa,mlspa,in season,2026-07-29T16:30:20+00:00,11.78,-3.319
german-berterame,mlspa,mlspa,in season,2026-07-29T17:51:27+00:00,11.3,-3.263
german-berterame,mlspa,mlspa,in season,2026-07-30T07:29:10+00:00,9.79,-2.695
german-berterame,mlspa,mlspa,in season,2026-07-30T17:09:46+00:00,13.14,-2.292
german-berterame,mlspa,mlspa,in season,2026-07-31T10:40:07+00:00,8.83,-1.562
german-berterame,mlspa,mlspa,in season,2026-07-31T18:40:28+00:00,5.68,-1.229
german-berterame,mlspa,mlspa,in season,2026-08-01T02:11:15+00:00,8.89,-0.916
german-berterame,mlspa,mlspa,in season,2026-08-01T06:07:50+00:00,6.47,-0.752
german-berterame,mlspa,mlspa,in season,2026-08-01T13:15:19+00:00,7.61,-0.455
german-berterame,mlspa,mlspa,in season,2026-08-02T02:58:25+00:00,8.84,0.117
german-berterame,mlspa,mlspa,in season,2026-08-02T11:05:04+00:00,6.64,0.455
german-berterame,mlspa,mlspa,in season,2026-08-02T14:45:03+00:00,6.11,0.608
german-berterame,mlspa,mlspa,in season,2026-08-02T15:50:56+00:00,6.11,0.653
german-berterame,mlspa,mlspa,in season,2026-08-02T18:02:13+00:00,6.15,0.745
german-berterame,mlspa,mlspa,in season,2026-07-27T15:55:05+00:00,10.69,1.684
lionel-andres-messi-cuccittini,mlspa,mlspa,in season,2026-07-30T10:45:40+00:00,60.81,-2.559
lionel-andres-messi-cuccittini,mlspa,mlspa,in season,2026-07-31T00:25:38+00:00,59.73,-1.989
lionel-andres-messi-cuccittini,mlspa,mlspa,in season,2026-07-31T01:04:37+00:00,70.0,-1.962
lionel-andres-messi-cuccittini,mlspa,mlspa,in season,2026-07-31T15:30:30+00:00,41.82,-1.361
lionel-andres-messi-cuccittini,mlspa,mlspa,in season,2026-07-31T15:35:18+00:00,75.41,-1.357
lionel-andres-messi-cuccittini,mlspa,mlspa,in season,2026-07-31T15:50:52+00:00,68.63,-1.347
lionel-andres-messi-cuccittini,mlspa,mlspa,in season,2026-07-31T16:07:59+00:00,52.34,-1.335
lionel-andres-messi-cuccittini,mlspa,mlspa,in season,2026-07-31T16:27:03+00:00,42.17,-1.321
lionel-andres-messi-cuccittini,mlspa,mlspa,in season,2026-07-31T18:36:52+00:00,42.39,-1.231
lionel-andres-messi-cuccittini,mlspa,mlspa,in season,2026-08-01T00:56:27+00:00,72.09,-0.968
lionel-andres-messi-cuccittini,mlspa,mlspa,in season,2026-08-02T17:17:57+00:00,62.95,0.714
lionel-andres-messi-cuccittini,mlspa,mlspa,in season,2026-08-02T18:16:03+00:00,62.33,0.754
lionel-andres-messi-cuccittini,mlspa,mlspa,in season,2026-08-02T19:45:23+00:00,62.88,0.816
lionel-andres-messi-cuccittini,mlspa,mlspa,in season,2026-08-02T21:05:38+00:00,62.91,0.872
lionel-andres-messi-cuccittini,mlspa,mlspa,in season,2026-08-03T05:06:13+00:00,62.01,1.206
lionel-andres-messi-cuccittini,mlspa,mlspa,in season,2026-08-03T14:09:19+00:00,70.73,1.583
lionel-andres-messi-cuccittini,mlspa,mlspa,in season,2026-07-28T06:49:14+00:00,57.28,2.305
lionel-andres-messi-cuccittini,mlspa,mlspa,in season,2026-07-28T14:47:45+00:00,52.67,2.637
lionel-andres-messi-cuccittini,mlspa,mlspa,in season,2026-07-28T15:25:42+00:00,51.37,2.664
lionel-andres-messi-cuccittini,mlspa,mlspa,in season,2026-07-28T18:46:35+00:00,68.2,2.803
lionel-andres-messi-cuccittini,mlspa,mlspa,in season,2026-07-28T19:01:23+00:00,70.41,2.813
lionel-andres-messi-cuccittini,mlspa,mlspa,in season,2026-07-28T19:03:51+00:00,59.35,2.815
lionel-andres-messi-cuccittini,mlspa,mlspa,in season,2026-07-29T12:58:42+00:00,61.18,-3.466
lionel-andres-messi-cuccittini,mlspa,mlspa,in season,2026-07-29T13:51:55+00:00,59.7,-3.429
lionel-andres-messi-cuccittini,mlspa,mlspa,in season,2026-07-29T22:22:15+00:00,69.64,-3.075
adrian-andres-cubas,mlspa,mlspa,in season,2026-07-28T21:26:51+00:00,6.56,2.873
adrian-andres-cubas,mlspa,mlspa,in season,2026-07-29T10:45:32+00:00,6.57,3.427
adrian-andres-cubas,mlspa,mlspa,in season,2026-07-29T14:22:22+00:00,5.86,-3.38
adrian-andres-cubas,mlspa,mlspa,in season,2026-07-29T18:05:22+00:00,6.04,-3.225
adrian-andres-cubas,mlspa,mlspa,in season,2026-07-29T20:31:57+00:00,5.77,-3.124
adrian-andres-cubas,mlspa,mlspa,in season,2026-07-29T21:37:16+00:00,5.09,-3.078
adrian-andres-cubas,mlspa,mlspa,in season,2026-07-30T02:12:00+00:00,5.52,-2.888
adrian-andres-cubas,mlspa,mlspa,in season,2026-07-30T15:07:28+00:00,5.5,-2.349
adrian-andres-cubas,mlspa,mlspa,in season,2026-07-30T16:21:25+00:00,6.16,-2.298
adrian-andres-cubas,mlspa,mlspa,in season,2026-07-30T18:05:27+00:00,5.83,-2.225
adrian-andres-cubas,mlspa,mlspa,in season,2026-07-30T18:08:18+00:00,6.66,-2.223
adrian-andres-cubas,mlspa,mlspa,in season,2026-07-30T18:17:47+00:00,5.49,-2.217
adrian-andres-cubas,mlspa,mlspa,in season,2026-07-31T10:46:15+00:00,6.87,-1.53
adrian-andres-cubas,mlspa,mlspa,in season,2026-07-31T13:30:31+00:00,4.26,-1.416
adrian-andres-cubas,mlspa,mlspa,in season,2026-07-31T15:22:18+00:00,5.33,-1.339
adrian-andres-cubas,mlspa,mlspa,in season,2026-08-01T03:13:40+00:00,7.93,-0.845
adrian-andres-cubas,mlspa,mlspa,in season,2026-08-01T16:21:29+00:00,5.67,-0.298
adrian-andres-cubas,mlspa,mlspa,in season,2026-08-01T23:48:32+00:00,5.6,0.013
adrian-andres-cubas,mlspa,mlspa,in season,2026-08-02T00:12:22+00:00,6.23,0.029
adrian-andres-cubas,mlspa,mlspa,in season,2026-08-02T01:40:15+00:00,5.59,0.09
adrian-andres-cubas,mlspa,mlspa,in season,2026-08-02T12:56:10+00:00,7.86,0.56
adrian-andres-cubas,mlspa,mlspa,in season,2026-08-02T17:59:23+00:00,8.23,0.77
adrian-andres-cubas,mlspa,mlspa,in season,2026-08-03T11:02:33+00:00,7.04,1.481
adrian-andres-cubas,mlspa,mlspa,in season,2026-07-28T15:24:44+00:00,5.14,2.621
joaquin-nicolas-pereyra,mlspa,mlspa,in season,2026-07-28T22:51:35+00:00,8.61,2.932
joaquin-nicolas-pereyra,mlspa,mlspa,in season,2026-07-29T04:15:45+00:00,7.96,3.157
joaquin-nicolas-pereyra,mlspa,mlspa,in season,2026-07-29T09:49:03+00:00,6.21,3.388
joaquin-nicolas-pereyra,mlspa,mlspa,in season,2026-07-29T13:27:46+00:00,6.52,-3.46
joaquin-nicolas-pereyra,mlspa,mlspa,in season,2026-07-29T22:17:58+00:00,7.11,-3.092
joaquin-nicolas-pereyra,mlspa,mlspa,in season,2026-07-30T01:20:44+00:00,9.43,-2.965
joaquin-nicolas-pereyra,mlspa,mlspa,in season,2026-07-30T14:32:13+00:00,8.03,-2.415
joaquin-nicolas-pereyra,mlspa,mlspa,in season,2026-07-30T20:39:39+00:00,7.17,-2.16
joaquin-nicolas-pereyra,mlspa,mlspa,in season,2026-07-31T05:16:07+00:00,7.94,-1.801
joaquin-nicolas-pereyra,mlspa,mlspa,in season,2026-07-31T13:59:32+00:00,7.86,-1.438
joaquin-nicolas-pereyra,mlspa,mlspa,in season,2026-07-31T17:20:31+00:00,7.93,-1.298
joaquin-nicolas-pereyra,mlspa,mlspa,in season,2026-07-31T18:22:31+00:00,7.63,-1.255
joaquin-nicolas-pereyra,mlspa,mlspa,in season,2026-07-31T20:05:43+00:00,7.93,-1.184
joaquin-nicolas-pereyra,mlspa,mlspa,in season,2026-08-02T02:00:49+00:00,8.68,0.063
joaquin-nicolas-pereyra,mlspa,mlspa,in season,2026-08-02T16:10:55+00:00,8.05,0.653
joaquin-nicolas-pereyra,mlspa,mlspa,in season,2026-08-02T16:47:05+00:00,5.96,0.679
joaquin-nicolas-pereyra,mlspa,mlspa,in season,2026-08-03T00:19:02+00:00,7.67,0.992
joaquin-nicolas-pereyra,mlspa,mlspa,in season,2026-08-03T10:06:22+00:00,8.19,1.4
joaquin-nicolas-pereyra,mlspa,mlspa,in season,2026-07-27T18:23:24+00:00,8.54,1.745
joaquin-nicolas-pereyra,mlspa,mlspa,in season,2026-07-27T19:39:22+00:00,7.5,1.798
joaquin-nicolas-pereyra,mlspa,mlspa,in season,2026-07-28T05:42:26+00:00,10.07,2.217
joaquin-nicolas-pereyra,mlspa,mlspa,in season,2026-07-28T17:17:41+00:00,8.27,2.7
joaquin-nicolas-pereyra,mlspa,mlspa,in season,2026-07-28T18:39:37+00:00,7.0,2.757
joaquin-nicolas-pereyra,mlspa,mlspa,in season,2026-07-28T20:11:26+00:00,7.42,2.82
joaquin-nicolas-pereyra,mlspa,mlspa,in season,2026-07-28T20:16:58+00:00,9.1,2.824
anders-dreyer,mlspa,mlspa,classic,2026-07-29T19:19:23+00:00,8.88,-3.216
anders-dreyer,mlspa,mlspa,classic,2026-07-31T00:41:24+00:00,7.65,-1.992
anders-dreyer,mlspa,mlspa,classic,2026-07-31T03:44:27+00:00,7.93,-1.865
anders-dreyer,mlspa,mlspa,classic,2026-07-31T07:41:29+00:00,8.26,-1.7
anders-dreyer,mlspa,mlspa,classic,2026-07-31T10:07:42+00:00,8.01,-1.599
anders-dreyer,mlspa,mlspa,classic,2026-07-31T10:25:08+00:00,6.87,-1.587
anders-dreyer,mlspa,mlspa,classic,2026-07-31T12:06:45+00:00,8.52,-1.516
anders-dreyer,mlspa,mlspa,classic,2026-07-31T12:50:21+00:00,7.05,-1.486
anders-dreyer,mlspa,mlspa,classic,2026-07-31T12:52:40+00:00,8.69,-1.484
anders-dreyer,mlspa,mlspa,classic,2026-07-31T19:04:00+00:00,8.76,-1.226
anders-dreyer,mlspa,mlspa,classic,2026-08-01T12:37:41+00:00,11.0,-0.495
anders-dreyer,mlspa,mlspa,classic,2026-08-01T15:26:55+00:00,8.44,-0.377
anders-dreyer,mlspa,mlspa,classic,2026-08-01T22:05:08+00:00,7.03,-0.101
anders-dreyer,mlspa,mlspa,classic,2026-08-02T11:22:46+00:00,8.26,0.453
anders-dreyer,mlspa,mlspa,classic,2026-08-02T19:40:42+00:00,6.99,0.799
anders-dreyer,mlspa,mlspa,classic,2026-08-02T20:36:38+00:00,8.3,0.838
anders-dreyer,mlspa,mlspa,classic,2026-08-02T22:33:35+00:00,5.23,0.919
anders-dreyer,mlspa,mlspa,classic,2026-08-03T05:02:52+00:00,6.59,1.189
anders-dreyer,mlspa,mlspa,classic,2026-08-03T07:27:45+00:00,8.01,1.29
anders-dreyer,mlspa,mlspa,classic,2026-08-03T08:59:28+00:00,8.31,1.354
anders-dreyer,mlspa,mlspa,classic,2026-07-27T18:12:41+00:00,8.37,1.696
anders-dreyer,mlspa,mlspa,classic,2026-07-27T20:45:05+00:00,8.05,1.802
anders-dreyer,mlspa,mlspa,classic,2026-07-27T20:47:52+00:00,8.22,1.804
anders-dreyer,mlspa,mlspa,classic,2026-07-28T12:58:51+00:00,7.92,2.478
anders-dreyer,mlspa,mlspa,classic,2026-07-28T15:15:20+00:00,8.12,2.573
anders-dreyer,mlspa,mlspa,classic,2026-07-28T15:15:35+00:00,8.62,2.573
anders-dreyer,mlspa,mlspa,classic,2026-07-28T16:37:11+00:00,7.4,2.63
anders-dreyer,mlspa,mlspa,classic,2026-07-28T21:45:08+00:00,9.25,2.844
anders-dreyer,mlspa,mlspa,classic,2026-07-29T01:13:58+00:00,9.25,2.989
anders-dreyer,mlspa,mlspa,classic,2026-07-29T01:37:28+00:00,6.89,3.005
anders-dreyer,mlspa,mlspa,classic,2026-07-29T05:25:23+00:00,8.85,3.163
brian-schwake,mlspa,mlspa,in season,2026-07-28T14:55:23+00:00,39.17,2.59
brian-schwake,mlspa,mlspa,in season,2026-07-29T04:55:28+00:00,36.15,3.173
brian-schwake,mlspa,mlspa,in season,2026-07-29T14:34:37+00:00,37.49,-3.372
brian-schwake,mlspa,mlspa,in season,2026-07-30T10:01:39+00:00,40.1,-2.561
brian-schwake,mlspa,mlspa,in season,2026-07-30T17:13:19+00:00,37.92,-2.262
brian-schwake,mlspa,mlspa,in season,2026-07-30T19:30:11+00:00,37.84,-2.167
brian-schwake,mlspa,mlspa,in season,2026-07-30T19:41:24+00:00,36.51,-2.159
brian-schwake,mlspa,mlspa,in season,2026-07-31T13:18:40+00:00,40.27,-1.425
brian-schwake,mlspa,mlspa,in season,2026-07-31T17:14:44+00:00,37.04,-1.261
brian-schwake,mlspa,mlspa,in season,2026-07-31T18:41:47+00:00,32.16,-1.2
brian-schwake,mlspa,mlspa,in season,2026-07-31T20:29:40+00:00,39.48,-1.125
brian-schwake,mlspa,mlspa,in season,2026-08-01T11:59:33+00:00,29.43,-0.479
brian-schwake,mlspa,mlspa,in season,2026-08-02T00:26:31+00:00,34.2,0.039
brian-schwake,mlspa,mlspa,in season,2026-08-02T10:00:08+00:00,34.69,0.438
brian-schwake,mlspa,mlspa,in season,2026-08-02T17:22:30+00:00,34.38,0.745
brian-schwake,mlspa,mlspa,in season,2026-08-02T19:39:17+00:00,34.93,0.84
brian-schwake,mlspa,mlspa,in season,2026-08-03T09:44:27+00:00,29.03,1.427
matheus-oliveira-santos,k-league-1,k-league-1,in season,2026-07-29T08:07:48+00:00,11.13,2.901
matheus-oliveira-santos,k-league-1,k-league-1,in season,2026-07-29T14:33:56+00:00,7.87,3.169
matheus-oliveira-santos,k-league-1,k-league-1,in season,2026-07-29T21:32:27+00:00,10.51,3.46
matheus-oliveira-santos,k-league-1,k-league-1,in season,2026-07-30T04:45:53+00:00,10.5,-3.239
matheus-oliveira-santos,k-league-1,k-league-1,in season,2026-07-30T15:33:41+00:00,9.49,-2.789
matheus-oliveira-santos,k-league-1,k-league-1,in season,2026-07-30T17:45:23+00:00,9.31,-2.698
matheus-oliveira-santos,k-league-1,k-league-1,in season,2026-07-30T18:42:36+00:00,9.32,-2.658
matheus-oliveira-santos,k-league-1,k-league-1,in season,2026-07-30T20:56:01+00:00,9.5,-2.565
matheus-oliveira-santos,k-league-1,k-league-1,in season,2026-07-31T03:42:45+00:00,9.58,-2.283
matheus-oliveira-santos,k-league-1,k-league-1,in season,2026-07-31T06:13:42+00:00,9.27,-2.178
matheus-oliveira-santos,k-league-1,k-league-1,in season,2026-07-31T09:58:41+00:00,9.34,-2.022
matheus-oliveira-santos,k-league-1,k-league-1,in season,2026-07-31T10:04:42+00:00,10.14,-2.018
matheus-oliveira-santos,k-league-1,k-league-1,in season,2026-07-31T11:04:25+00:00,9.67,-1.976
matheus-oliveira-santos,k-league-1,k-league-1,in season,2026-07-31T23:40:57+00:00,12.41,-1.451
matheus-oliveira-santos,k-league-1,k-league-1,in season,2026-08-01T16:42:16+00:00,10.53,-0.741
matheus-oliveira-santos,k-league-1,k-league-1,in season,2026-08-02T10:24:50+00:00,9.4,-0.004
matheus-oliveira-santos,k-league-1,k-league-1,in season,2026-08-02T11:50:42+00:00,9.39,0.056
matheus-oliveira-santos,k-league-1,k-league-1,in season,2026-08-02T12:14:05+00:00,12.51,0.072
matheus-oliveira-santos,k-league-1,k-league-1,in season,2026-08-02T15:03:10+00:00,10.12,0.19
matheus-oliveira-santos,k-league-1,k-league-1,in season,2026-08-03T15:33:52+00:00,8.38,1.211
matheus-oliveira-santos,k-league-1,k-league-1,in season,2026-07-28T15:41:45+00:00,10.6,2.216
matheus-oliveira-santos,k-league-1,k-league-1,in season,2026-07-28T15:51:53+00:00,11.1,2.224
juan-fernandez-blanco,k-league-1,k-league-1,in season,2026-07-28T21:13:46+00:00,4.04,2.447
juan-fernandez-blanco,k-league-1,k-league-1,in season,2026-07-30T07:59:31+00:00,2.32,-3.105
juan-fernandez-blanco,k-league-1,k-league-1,in season,2026-07-31T19:36:09+00:00,2.27,-1.621
juan-fernandez-blanco,k-league-1,k-league-1,in season,2026-07-31T21:25:41+00:00,0.81,-1.545
juan-fernandez-blanco,k-league-1,k-league-1,in season,2026-08-01T00:22:06+00:00,1.94,-1.422
juan-fernandez-blanco,k-league-1,k-league-1,in season,2026-08-01T06:49:31+00:00,1.94,-1.153
juan-fernandez-blanco,k-league-1,k-league-1,in season,2026-08-02T10:27:46+00:00,1.95,-0.002
juan-fernandez-blanco,k-league-1,k-league-1,in season,2026-08-03T07:22:47+00:00,1.12,0.87
seung-won-jung,k-league-1,k-league-1,in season,2026-07-29T17:05:57+00:00,5.49,-2.725
seung-won-jung,k-league-1,k-league-1,in season,2026-07-30T02:15:32+00:00,5.18,-2.343
seung-won-jung,k-league-1,k-league-1,in season,2026-07-30T15:23:11+00:00,5.33,-1.796
seung-won-jung,k-league-1,k-league-1,in season,2026-07-31T09:33:40+00:00,4.26,-1.039
seung-won-jung,k-league-1,k-league-1,in season,2026-07-31T11:05:26+00:00,5.08,-0.975
seung-won-jung,k-league-1,k-league-1,in season,2026-07-31T11:38:33+00:00,5.08,-0.952
seung-won-jung,k-league-1,k-league-1,in season,2026-07-31T11:52:19+00:00,5.08,-0.943
seung-won-jung,k-league-1,k-league-1,in season,2026-07-31T14:38:44+00:00,4.72,-0.827
seung-won-jung,k-league-1,k-league-1,in season,2026-07-31T16:32:01+00:00,4.2,-0.749
seung-won-jung,k-league-1,k-league-1,in season,2026-07-31T16:35:32+00:00,5.01,-0.746
seung-won-jung,k-league-1,k-league-1,in season,2026-07-31T17:25:10+00:00,3.4,-0.712
seung-won-jung,k-league-1,k-league-1,in season,2026-07-31T20:28:34+00:00,5.02,-0.584
seung-won-jung,k-league-1,k-league-1,in season,2026-07-31T23:09:44+00:00,5.16,-0.472
seung-won-jung,k-league-1,k-league-1,in season,2026-08-01T05:37:06+00:00,5.83,-0.203
seung-won-jung,k-league-1,k-league-1,in season,2026-08-02T10:48:49+00:00,6.97,1.013
seung-won-jung,k-league-1,k-league-1,in season,2026-07-27T17:49:31+00:00,10.73,1.305
seung-won-jung,k-league-1,k-league-1,in season,2026-07-27T18:24:31+00:00,7.0,1.33
seung-won-jung,k-league-1,k-league-1,in season,2026-07-27T19:26:29+00:00,8.18,1.373
seung-won-jung,k-league-1,k-league-1,in season,2026-07-27T20:16:00+00:00,7.53,1.407
seung-won-jung,k-league-1,k-league-1,in season,2026-07-28T15:43:09+00:00,7.12,2.217
seung-won-jung,k-league-1,k-league-1,in season,2026-07-28T19:59:42+00:00,5.03,2.396
seung-won-jung,k-league-1,k-league-1,in season,2026-07-28T21:15:41+00:00,4.88,2.448
seung-won-jung,k-league-1,k-league-1,in season,2026-07-29T07:49:05+00:00,5.56,2.888
seung-won-jung,k-league-1,k-league-1,in season,2026-07-29T08:09:29+00:00,6.07,2.902
seung-won-jung,k-league-1,k-league-1,in season,2026-07-29T10:48:48+00:00,5.9,-2.987
seung-won-jung,k-league-1,k-league-1,in season,2026-07-29T16:27:17+00:00,4.15,-2.752
seo-jae-min,k-league-1,k-league-1,in season,2026-07-28T07:02:31+00:00,6.3,1.856
seo-jae-min,k-league-1,k-league-1,in season,2026-07-28T13:26:25+00:00,6.65,2.123
seo-jae-min,k-league-1,k-league-1,in season,2026-07-28T22:24:29+00:00,5.4,2.496
seo-jae-min,k-league-1,k-league-1,in season,2026-07-29T22:51:01+00:00,4.3,-3.485
seo-jae-min,k-league-1,k-league-1,in season,2026-07-30T08:14:11+00:00,5.32,-3.094
seo-jae-min,k-league-1,k-league-1,in season,2026-07-30T13:10:29+00:00,5.36,-2.889
seo-jae-min,k-league-1,k-league-1,in season,2026-07-30T16:36:03+00:00,4.99,-2.746
seo-jae-min,k-league-1,k-league-1,in season,2026-07-30T18:36:56+00:00,5.16,-2.662
seo-jae-min,k-league-1,k-league-1,in season,2026-07-31T09:52:48+00:00,5.9,-2.026
seo-jae-min,k-league-1,k-league-1,in season,2026-07-31T19:04:17+00:00,4.86,-1.643
seo-jae-min,k-league-1,k-league-1,in season,2026-08-01T00:20:16+00:00,5.81,-1.423
seo-jae-min,k-league-1,k-league-1,in season,2026-08-02T11:19:33+00:00,4.86,0.034
seo-jae-min,k-league-1,k-league-1,in season,2026-08-02T16:24:34+00:00,4.83,0.246
seo-jae-min,k-league-1,k-league-1,in season,2026-08-02T16:48:23+00:00,4.83,0.263
kim-gun-hee,k-league-1,k-league-1,in season,2026-07-30T11:04:43+00:00,6.84,-2.976
kim-gun-hee,k-league-1,k-league-1,in season,2026-07-30T14:44:40+00:00,5.52,-2.823
kim-gun-hee,k-league-1,k-league-1,in season,2026-07-30T16:24:46+00:00,6.82,-2.754
kim-gun-hee,k-league-1,k-league-1,in season,2026-07-31T00:40:11+00:00,5.99,-2.41
kim-gun-hee,k-league-1,k-league-1,in season,2026-07-31T01:08:52+00:00,6.15,-2.39
kim-gun-hee,k-league-1,k-league-1,in season,2026-07-31T09:41:40+00:00,5.9,-2.034
kim-gun-hee,k-league-1,k-league-1,in season,2026-07-31T17:56:33+00:00,5.98,-1.69
kim-gun-hee,k-league-1,k-league-1,in season,2026-07-31T17:56:51+00:00,6.15,-1.69
kim-gun-hee,k-league-1,k-league-1,in season,2026-08-01T06:12:52+00:00,5.02,-1.179
kim-gun-hee,k-league-1,k-league-1,in season,2026-08-02T08:32:01+00:00,4.55,-0.082
kim-gun-hee,k-league-1,k-league-1,in season,2026-08-02T10:24:50+00:00,4.86,-0.004
kim-gun-hee,k-league-1,k-league-1,in season,2026-08-02T10:25:38+00:00,4.86,-0.003
kim-gun-hee,k-league-1,k-league-1,in season,2026-08-02T11:08:08+00:00,5.34,0.026
kim-gun-hee,k-league-1,k-league-1,in season,2026-08-02T11:15:35+00:00,5.83,0.032
kim-gun-hee,k-league-1,k-league-1,in season,2026-08-02T13:16:39+00:00,6.11,0.116
kim-gun-hee,k-league-1,k-league-1,in season,2026-08-02T16:23:49+00:00,5.31,0.246
kim-gun-hee,k-league-1,k-league-1,in season,2026-08-03T00:24:38+00:00,5.55,0.58
kim-gun-hee,k-league-1,k-league-1,in season,2026-08-03T10:49:53+00:00,7.07,1.014
kim-gun-hee,k-league-1,k-league-1,in season,2026-07-28T04:43:27+00:00,8.26,1.759
kim-gun-hee,k-league-1,k-league-1,in season,2026-07-28T09:39:35+00:00,8.61,1.965
kim-gun-hee,k-league-1,k-league-1,in season,2026-07-28T15:40:43+00:00,9.28,2.216
kim-gun-hee,k-league-1,k-league-1,in season,2026-07-29T16:30:28+00:00,10.12,3.25
kim-gun-hee,k-league-1,k-league-1,in season,2026-07-29T16:37:51+00:00,6.31,3.255
kim-gun-hee,k-league-1,k-league-1,in season,2026-07-30T06:31:14+00:00,8.48,-3.166
kim-gun-hee,k-league-1,k-league-1,in season,2026-07-30T07:24:19+00:00,4.64,-3.129
joon-hyuck-kang,k-league-1,k-league-1,in season,2026-07-28T14:57:19+00:00,11.69,2.186
joon-hyuck-kang,k-league-1,k-league-1,in season,2026-07-29T02:55:51+00:00,10.53,2.685
joon-hyuck-kang,k-league-1,k-league-1,in season,2026-07-29T14:33:01+00:00,6.53,-2.831
joon-hyuck-kang,k-league-1,k-league-1,in season,2026-07-29T19:44:51+00:00,10.05,-2.615
joon-hyuck-kang,k-league-1,k-league-1,in season,2026-07-29T21:31:54+00:00,9.19,-2.54
joon-hyuck-kang,k-league-1,k-league-1,in season,2026-07-30T05:56:54+00:00,6.97,-2.19
joon-hyuck-kang,k-league-1,k-league-1,in season,2026-07-30T07:14:15+00:00,8.96,-2.136
joon-hyuck-kang,k-league-1,k-league-1,in season,2026-07-30T09:43:23+00:00,8.69,-2.032
joon-hyuck-kang,k-league-1,k-league-1,in season,2026-07-30T11:05:54+00:00,8.85,-1.975
joon-hyuck-kang,k-league-1,k-league-1,in season,2026-07-30T17:34:14+00:00,6.65,-1.705
joon-hyuck-kang,k-league-1,k-league-1,in season,2026-07-30T20:57:24+00:00,8.33,-1.564
joon-hyuck-kang,k-league-1,k-league-1,in season,2026-07-31T13:47:24+00:00,7.2,-0.863
joon-hyuck-kang,k-league-1,k-league-1,in season,2026-07-31T13:53:15+00:00,7.2,-0.859
joon-hyuck-kang,k-league-1,k-league-1,in season,2026-07-31T19:43:54+00:00,7.14,-0.615
joon-hyuck-kang,k-league-1,k-league-1,in season,2026-08-01T03:20:27+00:00,7.93,-0.298
joon-hyuck-kang,k-league-1,k-league-1,in season,2026-08-01T03:36:06+00:00,7.28,-0.287
joon-hyuck-kang,k-league-1,k-league-1,in season,2026-08-02T07:37:32+00:00,6.02,0.88
joon-hyuck-kang,k-league-1,k-league-1,in season,2026-08-02T10:24:32+00:00,6.81,0.996
joon-hyuck-kang,k-league-1,k-league-1,in season,2026-08-02T16:51:21+00:00,4.03,1.265
joon-hyuck-kang,k-league-1,k-league-1,in season,2026-08-03T13:52:55+00:00,6.39,2.141
joon-hyuck-kang,k-league-1,k-league-1,in season,2026-07-27T16:40:40+00:00,8.63,1.257
joon-hyuck-kang,k-league-1,k-league-1,in season,2026-07-28T07:24:15+00:00,12.11,1.871
chang-geun-lee,k-league-1,k-league-1,in season,2026-07-28T15:48:48+00:00,5.63,3.221
chang-geun-lee,k-league-1,k-league-1,in season,2026-07-28T19:55:17+00:00,4.02,3.393
chang-geun-lee,k-league-1,k-league-1,in season,2026-07-29T16:09:22+00:00,3.65,-3.764
chang-geun-lee,k-league-1,k-league-1,in season,2026-07-29T17:07:37+00:00,3.82,-3.724
chang-geun-lee,k-league-1,k-league-1,in season,2026-07-29T18:32:12+00:00,2.85,-3.665
chang-geun-lee,k-league-1,k-league-1,in season,2026-07-30T09:53:04+00:00,3.67,-3.026
chang-geun-lee,k-league-1,k-league-1,in season,2026-07-30T09:54:15+00:00,4.18,-3.025
chang-geun-lee,k-league-1,k-league-1,in season,2026-07-30T12:30:32+00:00,6.19,-2.916
chang-geun-lee,k-league-1,k-league-1,in season,2026-07-30T12:45:18+00:00,3.01,-2.906
chang-geun-lee,k-league-1,k-league-1,in season,2026-07-30T20:31:03+00:00,3.5,-2.583
chang-geun-lee,k-league-1,k-league-1,in season,2026-07-31T09:34:21+00:00,4.1,-2.039
chang-geun-lee,k-league-1,k-league-1,in season,2026-07-31T14:03:51+00:00,3.9,-1.851
chang-geun-lee,k-league-1,k-league-1,in season,2026-07-31T23:02:00+00:00,5.0,-1.478
chang-geun-lee,k-league-1,k-league-1,in season,2026-08-01T23:25:36+00:00,4.8,-0.461
chang-geun-lee,k-league-1,k-league-1,in season,2026-08-02T12:09:45+00:00,5.29,0.069
chang-geun-lee,k-league-1,k-league-1,in season,2026-08-03T15:45:23+00:00,3.87,1.219
chang-geun-lee,k-league-1,k-league-1,in season,2026-07-27T18:01:23+00:00,4.78,2.313
matheus-oliveira-santos,k-league-1,k-league-1,classic,2026-07-29T09:43:09+00:00,4.36,2.967
matheus-oliveira-santos,k-league-1,k-league-1,classic,2026-07-29T16:11:34+00:00,5.64,3.237
matheus-oliveira-santos,k-league-1,k-league-1,classic,2026-07-30T12:36:04+00:00,4.18,-2.912
matheus-oliveira-santos,k-league-1,k-league-1,classic,2026-07-30T19:03:11+00:00,4.81,-2.644
matheus-oliveira-santos,k-league-1,k-league-1,classic,2026-07-31T06:42:39+00:00,4.14,-2.158
matheus-oliveira-santos,k-league-1,k-league-1,classic,2026-07-31T15:27:42+00:00,4.52,-1.793
matheus-oliveira-santos,k-league-1,k-league-1,classic,2026-07-31T21:11:23+00:00,4.84,-1.555
matheus-oliveira-santos,k-league-1,k-league-1,classic,2026-08-01T07:34:29+00:00,5.02,-1.122
matheus-oliveira-santos,k-league-1,k-league-1,classic,2026-08-01T07:37:10+00:00,4.54,-1.12
matheus-oliveira-santos,k-league-1,k-league-1,classic,2026-08-02T16:42:58+00:00,3.38,0.259
matheus-oliveira-santos,k-league-1,k-league-1,classic,2026-07-28T10:30:39+00:00,5.94,2.0
dong-kyung-lee,k-league-1,k-league-1,in season,2026-07-29T19:41:13+00:00,10.55,3.383
dong-kyung-lee,k-league-1,k-league-1,in season,2026-07-30T09:54:28+00:00,8.19,-3.025
dong-kyung-lee,k-league-1,k-league-1,in season,2026-07-30T14:02:17+00:00,14.05,-2.853
dong-kyung-lee,k-league-1,k-league-1,in season,2026-07-30T14:12:58+00:00,10.04,-2.845
dong-kyung-lee,k-league-1,k-league-1,in season,2026-07-30T15:26:48+00:00,10.16,-2.794
dong-kyung-lee,k-league-1,k-league-1,in season,2026-07-30T16:21:15+00:00,13.48,-2.756
dong-kyung-lee,k-league-1,k-league-1,in season,2026-07-30T20:18:41+00:00,11.17,-2.591
dong-kyung-lee,k-league-1,k-league-1,in season,2026-07-30T21:03:03+00:00,11.32,-2.56
dong-kyung-lee,k-league-1,k-league-1,in season,2026-07-30T21:57:38+00:00,11.49,-2.522
dong-kyung-lee,k-league-1,k-league-1,in season,2026-07-31T01:08:39+00:00,11.64,-2.39
dong-kyung-lee,k-league-1,k-league-1,in season,2026-07-31T03:42:03+00:00,14.05,-2.283
dong-kyung-lee,k-league-1,k-league-1,in season,2026-07-31T10:42:33+00:00,11.61,-1.991
dong-kyung-lee,k-league-1,k-league-1,in season,2026-07-31T11:02:02+00:00,15.08,-1.978
dong-kyung-lee,k-league-1,k-league-1,in season,2026-07-31T21:10:25+00:00,11.78,-1.555
dong-kyung-lee,k-league-1,k-league-1,in season,2026-08-01T06:45:35+00:00,11.97,-1.156
dong-kyung-lee,k-league-1,k-league-1,in season,2026-08-01T18:21:25+00:00,10.48,-0.673
dong-kyung-lee,k-league-1,k-league-1,in season,2026-08-02T09:17:11+00:00,11.0,-0.051
dong-kyung-lee,k-league-1,k-league-1,in season,2026-08-02T12:10:59+00:00,12.51,0.07
dong-kyung-lee,k-league-1,k-league-1,in season,2026-08-02T12:55:09+00:00,11.23,0.101
dong-kyung-lee,k-league-1,k-league-1,in season,2026-08-02T18:37:27+00:00,14.09,0.339
dong-kyung-lee,k-league-1,k-league-1,in season,2026-08-03T10:49:00+00:00,11.4,1.013
dong-kyung-lee,k-league-1,k-league-1,in season,2026-08-03T13:28:24+00:00,12.14,1.124
dong-kyung-lee,k-league-1,k-league-1,in season,2026-08-03T13:28:53+00:00,11.5,1.124
dong-kyung-lee,k-league-1,k-league-1,in season,2026-07-27T18:19:05+00:00,10.76,1.326
dong-kyung-lee,k-league-1,k-league-1,in season,2026-07-27T20:45:35+00:00,13.52,1.427
dong-kyung-lee,k-league-1,k-league-1,in season,2026-07-28T04:37:28+00:00,12.06,1.755
dong-kyung-lee,k-league-1,k-league-1,in season,2026-07-28T09:01:59+00:00,13.41,1.939
dong-kyung-lee,k-league-1,k-league-1,in season,2026-07-28T15:41:10+00:00,13.09,2.216
dong-kyung-lee,k-league-1,k-league-1,in season,2026-07-28T15:52:13+00:00,12.1,2.224
dong-kyung-lee,k-league-1,k-league-1,in season,2026-07-28T20:26:56+00:00,12.14,2.415
dong-kyung-lee,k-league-1,k-league-1,in season,2026-07-28T22:32:43+00:00,11.81,2.502
dong-kyung-lee,k-league-1,k-league-1,in season,2026-07-29T07:32:27+00:00,9.77,2.877
dong-kyung-lee,k-league-1,k-league-1,in season,2026-07-29T07:32:36+00:00,12.46,2.877
dong-kyung-lee,k-league-1,k-league-1,in season,2026-07-29T09:16:44+00:00,11.08,2.949
dong-kyung-lee,k-league-1,k-league-1,in season,2026-07-29T13:42:35+00:00,13.21,3.134
dong-kyung-lee,k-league-1,k-league-1,in season,2026-07-29T17:12:04+00:00,13.8,3.279
dong-kyung-lee,k-league-1,k-league-1,in season,2026-07-29T17:18:35+00:00,11.64,3.284
sung-yun-gu,k-league-1,k-league-1,classic,2026-07-28T15:04:31+00:00,3.15,2.191
sung-yun-gu,k-league-1,k-league-1,classic,2026-07-31T13:39:34+00:00,3.11,-0.868
sung-yun-gu,k-league-1,k-league-1,classic,2026-07-31T15:36:40+00:00,3.07,-0.787
sung-yun-gu,k-league-1,k-league-1,in season,2026-07-27T17:11:39+00:00,7.32,1.279
sung-yun-gu,k-league-1,k-league-1,in season,2026-07-28T15:15:54+00:00,5.97,2.199
sung-yun-gu,k-league-1,k-league-1,in season,2026-07-28T17:51:42+00:00,4.73,2.307
sung-yun-gu,k-league-1,k-league-1,in season,2026-07-29T08:43:05+00:00,5.9,2.926
sung-yun-gu,k-league-1,k-league-1,in season,2026-07-29T11:08:40+00:00,5.54,-2.973
sung-yun-gu,k-league-1,k-league-1,in season,2026-07-29T12:05:27+00:00,5.88,-2.934
sung-yun-gu,k-league-1,k-league-1,in season,2026-07-29T15:02:37+00:00,5.16,-2.811
sung-yun-gu,k-league-1,k-league-1,in season,2026-07-29T16:08:39+00:00,5.81,-2.765
sung-yun-gu,k-league-1,k-league-1,in season,2026-07-29T21:02:16+00:00,6.07,-2.561
sung-yun-gu,k-league-1,k-league-1,in season,2026-07-29T22:55:54+00:00,6.12,-2.482
sung-yun-gu,k-league-1,k-league-1,in season,2026-07-30T16:26:31+00:00,4.99,-1.752
sung-yun-gu,k-league-1,k-league-1,in season,2026-07-30T18:16:05+00:00,5.66,-1.676
sung-yun-gu,k-league-1,k-league-1,in season,2026-07-30T23:16:44+00:00,5.84,-1.468
sung-yun-gu,k-league-1,k-league-1,in season,2026-07-31T11:36:09+00:00,7.05,-0.954
sung-yun-gu,k-league-1,k-league-1,in season,2026-07-31T23:14:42+00:00,6.13,-0.469
sung-yun-gu,k-league-1,k-league-1,in season,2026-08-01T00:24:16+00:00,7.1,-0.421
sung-yun-gu,k-league-1,k-league-1,in season,2026-08-01T16:08:26+00:00,7.13,0.235
sung-yun-gu,k-league-1,k-league-1,in season,2026-08-02T10:48:18+00:00,7.62,1.013
sung-yun-gu,k-league-1,k-league-1,in season,2026-08-02T11:56:43+00:00,5.99,1.06
sung-yun-gu,k-league-1,k-league-1,in season,2026-08-02T11:57:13+00:00,8.74,1.061
sung-yun-gu,k-league-1,k-league-1,in season,2026-08-02T16:25:50+00:00,6.6,1.247
oberdan-alionco-de-lima,k-league-1,k-league-1,in season,2026-07-29T08:38:41+00:00,3.71,-3.077
oberdan-alionco-de-lima,k-league-1,k-league-1,in season,2026-07-29T10:45:26+00:00,3.2,-2.989
oberdan-alionco-de-lima,k-league-1,k-league-1,in season,2026-07-29T10:53:05+00:00,2.87,-2.984
oberdan-alionco-de-lima,k-league-1,k-league-1,in season,2026-07-29T12:20:43+00:00,3.36,-2.923
oberdan-alionco-de-lima,k-league-1,k-league-1,in season,2026-07-29T16:02:46+00:00,3.49,-2.769
oberdan-alionco-de-lima,k-league-1,k-league-1,in season,2026-07-29T19:15:40+00:00,3.52,-2.635
oberdan-alionco-de-lima,k-league-1,k-league-1,in season,2026-07-29T19:25:07+00:00,2.18,-2.628
oberdan-alionco-de-lima,k-league-1,k-league-1,in season,2026-07-29T19:45:07+00:00,2.68,-2.615
oberdan-alionco-de-lima,k-league-1,k-league-1,in season,2026-07-30T09:54:43+00:00,3.67,-2.025
oberdan-alionco-de-lima,k-league-1,k-league-1,in season,2026-07-30T13:58:41+00:00,3.86,-1.855
oberdan-alionco-de-lima,k-league-1,k-league-1,in season,2026-07-30T15:21:29+00:00,3.83,-1.798
oberdan-alionco-de-lima,k-league-1,k-league-1,in season,2026-07-30T16:10:23+00:00,2.99,-1.764
oberdan-alionco-de-lima,k-league-1,k-league-1,in season,2026-07-31T01:49:57+00:00,3.82,-1.361
oberdan-alionco-de-lima,k-league-1,k-league-1,in season,2026-07-31T11:32:46+00:00,3.77,-0.956
oberdan-alionco-de-lima,k-league-1,k-league-1,in season,2026-07-31T14:03:23+00:00,4.07,-0.852
oberdan-alionco-de-lima,k-league-1,k-league-1,in season,2026-07-31T15:07:20+00:00,4.2,-0.807
oberdan-alionco-de-lima,k-league-1,k-league-1,in season,2026-07-31T23:11:47+00:00,4.35,-0.471
oberdan-alionco-de-lima,k-league-1,k-league-1,in season,2026-08-01T00:39:00+00:00,4.19,-0.41
oberdan-alionco-de-lima,k-league-1,k-league-1,in season,2026-08-02T12:57:26+00:00,4.01,1.102
oberdan-alionco-de-lima,k-league-1,k-league-1,in season,2026-08-02T17:02:16+00:00,2.42,1.272
oberdan-alionco-de-lima,k-league-1,k-league-1,in season,2026-08-03T00:26:22+00:00,4.4,1.581
oberdan-alionco-de-lima,k-league-1,k-league-1,in season,2026-08-03T11:30:19+00:00,2.56,2.042
oberdan-alionco-de-lima,k-league-1,k-league-1,in season,2026-07-27T18:50:25+00:00,4.1,2.348
oberdan-alionco-de-lima,k-league-1,k-league-1,in season,2026-07-28T15:50:24+00:00,4.14,3.223
morgan-ferrier,k-league-1,k-league-1,in season,2026-07-28T10:15:18+00:00,3.47,1.99
morgan-ferrier,k-league-1,k-league-1,in season,2026-07-28T16:00:31+00:00,3.7,2.23
morgan-ferrier,k-league-1,k-league-1,in season,2026-07-28T22:20:38+00:00,3.54,2.493
morgan-ferrier,k-league-1,k-league-1,in season,2026-07-28T23:19:59+00:00,3.52,2.535
morgan-ferrier,k-league-1,k-league-1,in season,2026-07-29T11:39:05+00:00,3.69,3.048
morgan-ferrier,k-league-1,k-league-1,in season,2026-07-29T16:06:47+00:00,3.15,3.234
morgan-ferrier,k-league-1,k-league-1,in season,2026-07-29T17:23:02+00:00,3.66,3.287
morgan-ferrier,k-league-1,k-league-1,in season,2026-07-30T08:19:14+00:00,1.0,-3.091
morgan-ferrier,k-league-1,k-league-1,in season,2026-07-30T09:08:53+00:00,2.67,-3.056
morgan-ferrier,k-league-1,k-league-1,in season,2026-07-30T16:12:00+00:00,2.66,-2.763
morgan-ferrier,k-league-1,k-league-1,in season,2026-07-30T17:38:33+00:00,2.83,-2.702
morgan-ferrier,k-league-1,k-league-1,in season,2026-07-31T14:12:00+00:00,2.93,-1.846
morgan-ferrier,k-league-1,k-league-1,in season,2026-07-31T18:49:42+00:00,1.95,-1.653
morgan-ferrier,k-league-1,k-league-1,in season,2026-08-02T20:02:35+00:00,1.47,0.398
jin-gyu-kim,k-league-1,k-league-1,in season,2026-07-27T18:26:44+00:00,4.44,2.331
jin-gyu-kim,k-league-1,k-league-1,in season,2026-07-27T18:48:26+00:00,5.12,2.346
jin-gyu-kim,k-league-1,k-league-1,in season,2026-07-29T11:04:51+00:00,5.37,-2.976
jin-gyu-kim,k-league-1,k-league-1,in season,2026-07-29T22:35:10+00:00,5.13,-2.496
jin-gyu-kim,k-league-1,k-league-1,in season,2026-07-30T09:31:06+00:00,4.84,-2.041
jin-gyu-kim,k-league-1,k-league-1,in season,2026-07-30T13:28:12+00:00,5.03,-1.876
jin-gyu-kim,k-league-1,k-league-1,in season,2026-07-30T13:59:18+00:00,5.36,-1.855
jin-gyu-kim,k-league-1,k-league-1,in season,2026-07-30T20:20:05+00:00,5.0,-1.59
jin-gyu-kim,k-league-1,k-league-1,in season,2026-08-01T00:20:53+00:00,4.35,-0.423
jin-gyu-kim,k-league-1,k-league-1,in season,2026-08-02T11:23:15+00:00,3.89,1.037
jin-gyu-kim,k-league-1,k-league-1,in season,2026-08-02T17:12:06+00:00,3.23,1.279
jin-gyu-kim,k-league-1,k-league-1,in season,2026-08-02T19:33:03+00:00,1.79,1.377
jin-gyu-kim,k-league-1,k-league-1,in season,2026-08-03T12:49:26+00:00,2.39,2.097
dae-won-kim,k-league-1,k-league-1,in season,2026-07-30T16:54:10+00:00,10.98,-1.733
dae-won-kim,k-league-1,k-league-1,in season,2026-07-30T17:42:10+00:00,11.14,-1.7
dae-won-kim,k-league-1,k-league-1,in season,2026-07-30T18:52:17+00:00,11.15,-1.651
dae-won-kim,k-league-1,k-league-1,in season,2026-07-30T19:44:10+00:00,11.62,-1.615
dae-won-kim,k-league-1,k-league-1,in season,2026-07-30T20:19:41+00:00,12.0,-1.59
dae-won-kim,k-league-1,k-league-1,in season,2026-07-30T20:53:36+00:00,12.83,-1.567
dae-won-kim,k-league-1,k-league-1,in season,2026-07-31T01:08:25+00:00,12.64,-1.39
dae-won-kim,k-league-1,k-league-1,in season,2026-07-31T03:41:48+00:00,12.89,-1.283
dae-won-kim,k-league-1,k-league-1,in season,2026-07-31T09:51:41+00:00,13.6,-1.027
dae-won-kim,k-league-1,k-league-1,in season,2026-07-31T11:40:16+00:00,12.79,-0.951
dae-won-kim,k-league-1,k-league-1,in season,2026-07-31T13:11:19+00:00,14.08,-0.888
dae-won-kim,k-league-1,k-league-1,in season,2026-07-31T13:39:54+00:00,12.11,-0.868
dae-won-kim,k-league-1,k-league-1,in season,2026-07-31T19:44:38+00:00,12.16,-0.615
dae-won-kim,k-league-1,k-league-1,in season,2026-08-01T06:31:11+00:00,13.11,-0.166
dae-won-kim,k-league-1,k-league-1,in season,2026-08-01T09:02:38+00:00,10.04,-0.061
dae-won-kim,k-league-1,k-league-1,in season,2026-08-01T12:35:55+00:00,9.54,0.087
dae-won-kim,k-league-1,k-league-1,in season,2026-08-02T12:28:45+00:00,7.54,1.082
dae-won-kim,k-league-1,k-league-1,in season,2026-08-02T16:49:50+00:00,10.14,1.264
dae-won-kim,k-league-1,k-league-1,in season,2026-08-03T10:43:03+00:00,8.19,2.009
dae-won-kim,k-league-1,k-league-1,in season,2026-08-03T11:51:29+00:00,6.24,2.057
dae-won-kim,k-league-1,k-league-1,in season,2026-07-27T20:46:26+00:00,14.04,1.428
dae-won-kim,k-league-1,k-league-1,in season,2026-07-28T04:48:53+00:00,13.05,1.763
dae-won-kim,k-league-1,k-league-1,in season,2026-07-28T07:29:44+00:00,14.1,1.875
dae-won-kim,k-league-1,k-league-1,in season,2026-07-28T15:42:13+00:00,12.59,2.217
dae-won-kim,k-league-1,k-league-1,in season,2026-07-28T18:34:41+00:00,11.01,2.337
dae-won-kim,k-league-1,k-league-1,in season,2026-07-28T20:59:21+00:00,10.28,2.437
dae-won-kim,k-league-1,k-league-1,in season,2026-07-29T17:00:38+00:00,10.81,-2.729
dae-won-kim,k-league-1,k-league-1,in season,2026-07-29T17:10:43+00:00,10.97,-2.722
dae-won-kim,k-league-1,k-league-1,in season,2026-07-29T18:57:20+00:00,10.75,-2.648
dae-won-kim,k-league-1,k-league-1,in season,2026-07-29T19:04:39+00:00,10.55,-2.643
dae-won-kim,k-league-1,k-league-1,in season,2026-07-29T21:31:09+00:00,11.0,-2.541
dae-won-kim,k-league-1,k-league-1,in season,2026-07-29T21:31:26+00:00,11.0,-2.541
dae-won-kim,k-league-1,k-league-1,in season,2026-07-29T22:29:15+00:00,9.1,-2.501
dae-won-kim,k-league-1,k-league-1,in season,2026-07-30T08:15:00+00:00,10.3,-2.094
dae-won-kim,k-league-1,k-league-1,in season,2026-07-30T11:07:22+00:00,9.52,-1.974
dae-won-kim,k-league-1,k-league-1,in season,2026-07-30T14:35:22+00:00,9.54,-1.83
dae-won-kim,k-league-1,k-league-1,in season,2026-07-30T16:10:50+00:00,9.15,-1.763
dae-won-kim,k-league-1,k-league-1,in season,2026-07-30T16:40:16+00:00,9.15,-1.743
jakob-tranziska,k-league-1,k-league-1,in season,2026-07-28T16:01:28+00:00,3.87,3.23
jakob-tranziska,k-league-1,k-league-1,in season,2026-07-29T15:11:00+00:00,3.99,-2.805
jakob-tranziska,k-league-1,k-league-1,in season,2026-07-29T16:06:22+00:00,3.82,-2.766
jakob-tranziska,k-league-1,k-league-1,in season,2026-07-29T17:31:17+00:00,4.32,-2.707
jakob-tranziska,k-league-1,k-league-1,in season,2026-07-30T05:18:09+00:00,3.82,-2.217
jakob-tranziska,k-league-1,k-league-1,in season,2026-07-30T07:43:16+00:00,2.99,-2.116
jakob-tranziska,k-league-1,k-league-1,in season,2026-07-30T10:50:23+00:00,2.84,-1.986
jakob-tranziska,k-league-1,k-league-1,in season,2026-07-30T12:36:05+00:00,4.02,-1.912
jakob-tranziska,k-league-1,k-league-1,in season,2026-07-30T21:58:02+00:00,3.83,-1.522
jakob-tranziska,k-league-1,k-league-1,in season,2026-07-31T05:40:47+00:00,3.97,-1.201
jakob-tranziska,k-league-1,k-league-1,in season,2026-07-31T11:17:56+00:00,4.43,-0.967
jakob-tranziska,k-league-1,k-league-1,in season,2026-07-31T13:40:37+00:00,4.26,-0.868
jakob-tranziska,k-league-1,k-league-1,in season,2026-08-01T05:37:34+00:00,4.05,-0.203
jakob-tranziska,k-league-1,k-league-1,in season,2026-08-01T07:49:21+00:00,4.21,-0.112
jakob-tranziska,k-league-1,k-league-1,in season,2026-08-01T16:02:47+00:00,4.21,0.231
jakob-tranziska,k-league-1,k-league-1,in season,2026-08-02T13:21:21+00:00,3.06,1.119
jakob-tranziska,k-league-1,k-league-1,in season,2026-08-02T16:33:50+00:00,2.74,1.253
bong-soo-kim,k-league-1,k-league-1,in season,2026-07-28T15:55:09+00:00,4.47,3.226
bong-soo-kim,k-league-1,k-league-1,in season,2026-07-29T10:34:47+00:00,4.21,-3.997
bong-soo-kim,k-league-1,k-league-1,in season,2026-07-29T17:36:31+00:00,3.66,-3.704
bong-soo-kim,k-league-1,k-league-1,in season,2026-07-30T07:05:35+00:00,2.99,-3.142
bong-soo-kim,k-league-1,k-league-1,in season,2026-07-30T12:28:34+00:00,3.85,-2.918
bong-soo-kim,k-league-1,k-league-1,in season,2026-07-30T15:52:17+00:00,3.83,-2.776
bong-soo-kim,k-league-1,k-league-1,in season,2026-07-31T05:52:02+00:00,3.97,-2.193
bong-soo-kim,k-league-1,k-league-1,in season,2026-07-31T14:08:54+00:00,4.07,-1.848
bong-soo-kim,k-league-1,k-league-1,in season,2026-07-31T16:53:31+00:00,4.36,-1.734
bong-soo-kim,k-league-1,k-league-1,in season,2026-07-31T22:32:39+00:00,4.51,-1.498
bong-soo-kim,k-league-1,k-league-1,in season,2026-08-02T12:57:02+00:00,3.21,0.102
bong-soo-kim,k-league-1,k-league-1,in season,2026-08-03T00:26:51+00:00,4.89,0.581
bong-soo-kim,k-league-1,k-league-1,in season,2026-08-03T07:47:10+00:00,2.08,0.887
bong-soo-kim,k-league-1,k-league-1,in season,2026-07-27T19:57:57+00:00,4.43,2.394
chang-min-lee,k-league-1,k-league-1,in season,2026-07-29T06:36:06+00:00,2.85,2.838
chang-min-lee,k-league-1,k-league-1,in season,2026-07-29T13:11:00+00:00,2.34,3.112
chang-min-lee,k-league-1,k-league-1,in season,2026-07-29T14:17:20+00:00,2.85,3.158
chang-min-lee,k-league-1,k-league-1,in season,2026-07-29T17:21:46+00:00,2.66,3.286
dae-won-kim,k-league-1,k-league-1,classic,2026-07-30T18:49:29+00:00,4.83,-1.653
dae-won-kim,k-league-1,k-league-1,classic,2026-07-30T21:43:01+00:00,4.16,-1.533
dae-won-kim,k-league-1,k-league-1,classic,2026-07-30T21:53:57+00:00,4.33,-1.525
dae-won-kim,k-league-1,k-league-1,classic,2026-07-30T22:11:38+00:00,4.82,-1.513
dae-won-kim,k-league-1,k-league-1,classic,2026-07-31T01:27:10+00:00,3.82,-1.377
dae-won-kim,k-league-1,k-league-1,classic,2026-07-31T05:12:19+00:00,5.29,-1.221
dae-won-kim,k-league-1,k-league-1,classic,2026-07-31T07:26:54+00:00,6.44,-1.127
dae-won-kim,k-league-1,k-league-1,classic,2026-07-31T11:29:49+00:00,4.26,-0.958
dae-won-kim,k-league-1,k-league-1,classic,2026-07-31T11:54:25+00:00,3.77,-0.941
dae-won-kim,k-league-1,k-league-1,classic,2026-07-31T12:02:42+00:00,3.93,-0.936
dae-won-kim,k-league-1,k-league-1,classic,2026-07-31T14:07:23+00:00,4.23,-0.849
dae-won-kim,k-league-1,k-league-1,classic,2026-07-31T15:08:08+00:00,4.68,-0.807
dae-won-kim,k-league-1,k-league-1,classic,2026-07-31T15:26:06+00:00,5.01,-0.794
dae-won-kim,k-league-1,k-league-1,classic,2026-07-31T20:00:36+00:00,4.05,-0.604
dae-won-kim,k-league-1,k-league-1,classic,2026-07-31T22:08:55+00:00,4.03,-0.515
dae-won-kim,k-league-1,k-league-1,classic,2026-07-31T23:18:21+00:00,4.51,-0.466
dae-won-kim,k-league-1,k-league-1,classic,2026-07-31T23:34:30+00:00,5.96,-0.455
dae-won-kim,k-league-1,k-league-1,classic,2026-08-01T00:20:43+00:00,4.19,-0.423
dae-won-kim,k-league-1,k-league-1,classic,2026-08-01T07:41:53+00:00,5.02,-0.117
dae-won-kim,k-league-1,k-league-1,classic,2026-08-01T08:35:13+00:00,4.86,-0.08
dae-won-kim,k-league-1,k-league-1,classic,2026-08-01T21:02:08+00:00,4.14,0.439
dae-won-kim,k-league-1,k-league-1,classic,2026-08-02T12:57:10+00:00,3.37,1.102
dae-won-kim,k-league-1,k-league-1,classic,2026-07-27T17:52:03+00:00,5.11,1.307
dae-won-kim,k-league-1,k-league-1,classic,2026-07-28T15:48:09+00:00,6.3,2.221
dae-won-kim,k-league-1,k-league-1,classic,2026-07-28T17:17:03+00:00,5.4,2.283
dae-won-kim,k-league-1,k-league-1,classic,2026-07-28T17:47:03+00:00,4.9,2.304
dae-won-kim,k-league-1,k-league-1,classic,2026-07-29T04:30:58+00:00,4.81,2.751
dae-won-kim,k-league-1,k-league-1,classic,2026-07-29T10:35:02+00:00,4.72,-2.997
dae-won-kim,k-league-1,k-league-1,classic,2026-07-29T13:26:44+00:00,4.52,-2.877
dae-won-kim,k-league-1,k-league-1,classic,2026-07-29T15:28:42+00:00,3.49,-2.793
dae-won-kim,k-league-1,k-league-1,classic,2026-07-29T16:11:09+00:00,4.48,-2.763
dae-won-kim,k-league-1,k-league-1,classic,2026-07-30T09:50:58+00:00,4.18,-2.027
dae-won-kim,k-league-1,k-league-1,classic,2026-07-30T11:48:23+00:00,4.51,-1.946
dae-won-kim,k-league-1,k-league-1,classic,2026-07-30T14:18:23+00:00,4.52,-1.841
dae-won-kim,k-league-1,k-league-1,classic,2026-07-30T14:24:27+00:00,4.18,-1.837
dong-kyung-lee,k-league-1,k-league-1,classic,2026-07-29T22:17:01+00:00,4.63,3.491
dong-kyung-lee,k-league-1,k-league-1,classic,2026-07-30T12:05:35+00:00,3.85,-2.934
dong-kyung-lee,k-league-1,k-league-1,classic,2026-07-30T13:11:12+00:00,3.52,-2.888
dong-kyung-lee,k-league-1,k-league-1,classic,2026-07-30T14:11:42+00:00,3.85,-2.846
dong-kyung-lee,k-league-1,k-league-1,classic,2026-07-30T15:30:38+00:00,3.83,-2.791
dong-kyung-lee,k-league-1,k-league-1,classic,2026-07-30T17:53:08+00:00,4.49,-2.692
dong-kyung-lee,k-league-1,k-league-1,classic,2026-07-31T01:20:25+00:00,3.66,-2.382
dong-kyung-lee,k-league-1,k-league-1,classic,2026-07-31T07:48:38+00:00,3.8,-2.112
dong-kyung-lee,k-league-1,k-league-1,classic,2026-07-31T10:05:33+00:00,4.58,-2.017
dong-kyung-lee,k-league-1,k-league-1,classic,2026-07-31T11:34:28+00:00,3.77,-1.955
dong-kyung-lee,k-league-1,k-league-1,classic,2026-07-31T18:38:07+00:00,4.55,-1.661
dong-kyung-lee,k-league-1,k-league-1,classic,2026-08-01T00:33:16+00:00,8.06,-1.414
dong-kyung-lee,k-league-1,k-league-1,classic,2026-08-02T16:27:03+00:00,6.6,0.248
dong-kyung-lee,k-league-1,k-league-1,classic,2026-08-02T16:49:38+00:00,6.6,0.264
dong-kyung-lee,k-league-1,k-league-1,classic,2026-08-02T20:45:02+00:00,4.07,0.427
dong-kyung-lee,k-league-1,k-league-1,classic,2026-07-27T16:23:53+00:00,5.93,1.246
dong-kyung-lee,k-league-1,k-league-1,classic,2026-07-27T16:56:58+00:00,3.72,1.269
dong-kyung-lee,k-league-1,k-league-1,classic,2026-07-29T14:40:03+00:00,3.35,3.174
hyun-woo-cho,k-league-1,k-league-1,in season,2026-07-27T16:02:34+00:00,4.06,1.231
hyun-woo-cho,k-league-1,k-league-1,in season,2026-07-28T10:27:31+00:00,4.13,1.998
hyun-woo-cho,k-league-1,k-league-1,in season,2026-07-28T15:58:00+00:00,4.31,2.228
hyun-woo-cho,k-league-1,k-league-1,in season,2026-07-29T10:40:11+00:00,4.05,3.007
hyun-woo-cho,k-league-1,k-league-1,in season,2026-07-29T11:12:26+00:00,4.86,3.029
hyun-woo-cho,k-league-1,k-league-1,in season,2026-07-30T09:50:53+00:00,4.01,-3.027
hyun-woo-cho,k-league-1,k-league-1,in season,2026-07-31T05:50:41+00:00,3.64,-2.194
hyun-woo-cho,k-league-1,k-league-1,in season,2026-07-31T06:44:25+00:00,3.64,-2.157
hyun-woo-cho,k-league-1,k-league-1,in season,2026-07-31T06:44:32+00:00,3.81,-2.157
hyun-woo-cho,k-league-1,k-league-1,in season,2026-07-31T07:44:36+00:00,4.62,-2.115
hyun-woo-cho,k-league-1,k-league-1,in season,2026-07-31T08:40:15+00:00,4.1,-2.076
hyun-woo-cho,k-league-1,k-league-1,in season,2026-07-31T19:36:34+00:00,3.89,-1.62
hyun-woo-cho,k-league-1,k-league-1,in season,2026-07-31T20:41:06+00:00,3.24,-1.576
hyun-woo-cho,k-league-1,k-league-1,in season,2026-08-01T08:37:48+00:00,3.89,-1.078
hyun-woo-cho,k-league-1,k-league-1,in season,2026-08-03T12:07:37+00:00,3.03,1.068
gi-hyuk-lee,k-league-1,k-league-1,in season,2026-07-29T06:51:54+00:00,11.73,2.849
gi-hyuk-lee,k-league-1,k-league-1,in season,2026-07-29T10:34:06+00:00,11.63,-2.997
gi-hyuk-lee,k-league-1,k-league-1,in season,2026-07-29T12:01:50+00:00,13.11,-2.936
gi-hyuk-lee,k-league-1,k-league-1,in season,2026-07-29T16:41:01+00:00,11.78,-2.742
gi-hyuk-lee,k-league-1,k-league-1,in season,2026-07-29T17:16:48+00:00,12.14,-2.717
gi-hyuk-lee,k-league-1,k-league-1,in season,2026-07-29T18:30:24+00:00,12.26,-2.666
gi-hyuk-lee,k-league-1,k-league-1,in season,2026-07-29T21:08:28+00:00,11.49,-2.557
gi-hyuk-lee,k-league-1,k-league-1,in season,2026-07-29T21:30:29+00:00,11.65,-2.541
gi-hyuk-lee,k-league-1,k-league-1,in season,2026-07-30T08:13:03+00:00,10.64,-2.095
gi-hyuk-lee,k-league-1,k-league-1,in season,2026-07-30T09:07:40+00:00,9.69,-2.057
gi-hyuk-lee,k-league-1,k-league-1,in season,2026-07-30T09:54:14+00:00,11.53,-2.025
gi-hyuk-lee,k-league-1,k-league-1,in season,2026-07-30T10:06:41+00:00,12.53,-2.016
gi-hyuk-lee,k-league-1,k-league-1,in season,2026-07-30T13:57:48+00:00,11.57,-1.856
gi-hyuk-lee,k-league-1,k-league-1,in season,2026-07-30T17:42:44+00:00,11.64,-1.699
gi-hyuk-lee,k-league-1,k-league-1,in season,2026-07-30T23:34:17+00:00,12.18,-1.455
gi-hyuk-lee,k-league-1,k-league-1,in season,2026-07-31T01:06:19+00:00,12.14,-1.391
gi-hyuk-lee,k-league-1,k-league-1,in season,2026-07-31T03:40:37+00:00,13.88,-1.284
gi-hyuk-lee,k-league-1,k-league-1,in season,2026-07-31T13:10:01+00:00,12.61,-0.889
gi-hyuk-lee,k-league-1,k-league-1,in season,2026-07-31T13:44:33+00:00,14.08,-0.865
gi-hyuk-lee,k-league-1,k-league-1,in season,2026-07-31T18:13:40+00:00,13.97,-0.678
gi-hyuk-lee,k-league-1,k-league-1,in season,2026-07-31T18:41:20+00:00,9.09,-0.659
gi-hyuk-lee,k-league-1,k-league-1,in season,2026-07-31T23:30:54+00:00,11.12,-0.458
gi-hyuk-lee,k-league-1,k-league-1,in season,2026-07-31T23:48:05+00:00,11.61,-0.446
gi-hyuk-lee,k-league-1,k-league-1,in season,2026-08-01T06:00:11+00:00,12.78,-0.187
gi-hyuk-lee,k-league-1,k-league-1,in season,2026-08-01T06:23:39+00:00,12.95,-0.171
gi-hyuk-lee,k-league-1,k-league-1,in season,2026-08-03T13:43:05+00:00,11.18,2.134
gi-hyuk-lee,k-league-1,k-league-1,in season,2026-07-27T19:50:05+00:00,12.1,1.389
gi-hyuk-lee,k-league-1,k-league-1,in season,2026-07-27T20:43:51+00:00,12.15,1.426
gi-hyuk-lee,k-league-1,k-league-1,in season,2026-07-28T10:49:10+00:00,12.38,2.013
gi-hyuk-lee,k-league-1,k-league-1,in season,2026-07-28T15:40:19+00:00,12.43,2.215
gi-hyuk-lee,k-league-1,k-league-1,classic,2026-07-28T19:19:14+00:00,5.2,2.368
gi-hyuk-lee,k-league-1,k-league-1,classic,2026-07-28T21:14:32+00:00,4.37,2.448
gi-hyuk-lee,k-league-1,k-league-1,classic,2026-07-29T16:10:36+00:00,4.98,-2.763
gi-hyuk-lee,k-league-1,k-league-1,classic,2026-07-30T03:40:48+00:00,4.83,-2.284
gi-hyuk-lee,k-league-1,k-league-1,classic,2026-07-30T12:38:32+00:00,4.85,-1.911
gi-hyuk-lee,k-league-1,k-league-1,classic,2026-07-30T21:05:19+00:00,5.0,-1.559
gi-hyuk-lee,k-league-1,k-league-1,classic,2026-07-31T05:11:56+00:00,4.96,-1.221
gi-hyuk-lee,k-league-1,k-league-1,classic,2026-07-31T09:11:11+00:00,5.08,-1.055
gi-hyuk-lee,k-league-1,k-league-1,classic,2026-07-31T09:55:21+00:00,6.39,-1.024
gi-hyuk-lee,k-league-1,k-league-1,classic,2026-07-31T15:15:43+00:00,5.01,-0.802
gi-hyuk-lee,k-league-1,k-league-1,classic,2026-07-31T21:43:58+00:00,4.52,-0.532
gi-hyuk-lee,k-league-1,k-league-1,classic,2026-08-01T21:02:15+00:00,4.46,0.439
gi-hyuk-lee,k-league-1,k-league-1,classic,2026-08-03T05:53:31+00:00,5.14,1.808
gi-hyuk-lee,k-league-1,k-league-1,classic,2026-07-28T10:51:17+00:00,3.14,2.015
bum-keun-song,k-league-1,k-league-1,classic,2026-07-29T17:06:36+00:00,3.49,-2.725
bum-keun-song,k-league-1,k-league-1,classic,2026-07-29T17:07:49+00:00,4.82,-2.724
bum-keun-song,k-league-1,k-league-1,classic,2026-07-29T19:12:50+00:00,4.52,-2.637
bum-keun-song,k-league-1,k-league-1,classic,2026-07-29T19:36:40+00:00,4.52,-2.62
bum-keun-song,k-league-1,k-league-1,classic,2026-07-30T08:31:48+00:00,6.15,-2.082
bum-keun-song,k-league-1,k-league-1,classic,2026-07-30T09:35:29+00:00,3.67,-2.038
bum-keun-song,k-league-1,k-league-1,classic,2026-07-30T21:47:32+00:00,4.5,-1.529
bum-keun-song,k-league-1,k-league-1,classic,2026-07-31T12:45:34+00:00,4.75,-0.906
bum-keun-song,k-league-1,k-league-1,classic,2026-08-01T05:45:31+00:00,4.53,-0.198
bum-keun-song,k-league-1,k-league-1,classic,2026-08-01T09:49:35+00:00,4.54,-0.028
bum-keun-song,k-league-1,k-league-1,classic,2026-08-02T08:58:50+00:00,4.23,0.937
bum-keun-song,k-league-1,k-league-1,classic,2026-08-02T16:41:42+00:00,3.38,1.258
bum-keun-song,k-league-1,k-league-1,classic,2026-08-03T03:08:10+00:00,4.04,1.693
bum-keun-song,k-league-1,k-league-1,classic,2026-07-27T18:16:39+00:00,4.1,2.324
bum-keun-song,k-league-1,k-league-1,classic,2026-07-28T21:09:40+00:00,3.7,3.444
bum-keun-song,k-league-1,k-league-1,classic,2026-07-29T12:55:12+00:00,4.71,-2.899
bum-keun-song,k-league-1,k-league-1,classic,2026-07-29T13:11:29+00:00,4.68,-2.888
bum-keun-song,k-league-1,k-league-1,classic,2026-07-29T15:28:58+00:00,4.82,-2.792
bum-keun-song,k-league-1,k-league-1,in season,2026-07-29T18:11:20+00:00,9.23,-2.68
bum-keun-song,k-league-1,k-league-1,in season,2026-07-29T21:32:45+00:00,8.7,-2.54
bum-keun-song,k-league-1,k-league-1,in season,2026-07-29T22:47:53+00:00,13.73,-2.488
bum-keun-song,k-league-1,k-league-1,in season,2026-07-30T07:16:44+00:00,8.62,-2.134
bum-keun-song,k-league-1,k-league-1,in season,2026-07-30T12:40:05+00:00,8.87,-1.91
bum-keun-song,k-league-1,k-league-1,in season,2026-07-30T18:28:29+00:00,8.49,-1.668
bum-keun-song,k-league-1,k-league-1,in season,2026-07-30T20:18:02+00:00,8.67,-1.592
bum-keun-song,k-league-1,k-league-1,in season,2026-07-30T21:56:39+00:00,8.49,-1.523
bum-keun-song,k-league-1,k-league-1,in season,2026-07-30T22:12:08+00:00,9.98,-1.512
bum-keun-song,k-league-1,k-league-1,in season,2026-07-31T01:08:05+00:00,9.64,-1.39
bum-keun-song,k-league-1,k-league-1,in season,2026-07-31T03:39:32+00:00,8.76,-1.285
bum-keun-song,k-league-1,k-league-1,in season,2026-07-31T09:31:30+00:00,9.01,-1.041
bum-keun-song,k-league-1,k-league-1,in season,2026-07-31T11:27:25+00:00,11.31,-0.96
bum-keun-song,k-league-1,k-league-1,in season,2026-07-31T17:21:06+00:00,11.97,-0.715
bum-keun-song,k-league-1,k-league-1,in season,2026-07-31T19:05:36+00:00,8.59,-0.642
bum-keun-song,k-league-1,k-league-1,in season,2026-08-01T20:41:44+00:00,8.12,0.425
bum-keun-song,k-league-1,k-league-1,in season,2026-08-02T04:50:05+00:00,8.45,0.764
bum-keun-song,k-league-1,k-league-1,in season,2026-08-02T04:58:48+00:00,9.1,0.77
bum-keun-song,k-league-1,k-league-1,in season,2026-08-02T08:17:31+00:00,8.78,0.908
bum-keun-song,k-league-1,k-league-1,in season,2026-08-02T16:53:25+00:00,6.12,1.266
bum-keun-song,k-league-1,k-league-1,in season,2026-08-02T17:38:10+00:00,8.07,1.297
bum-keun-song,k-league-1,k-league-1,in season,2026-08-02T23:35:39+00:00,9.44,1.546
bum-keun-song,k-league-1,k-league-1,in season,2026-08-03T10:47:41+00:00,9.64,2.012
bum-keun-song,k-league-1,k-league-1,in season,2026-07-27T18:48:34+00:00,8.54,2.346
bum-keun-song,k-league-1,k-league-1,in season,2026-07-27T20:42:56+00:00,8.56,2.426
bum-keun-song,k-league-1,k-league-1,in season,2026-07-28T05:10:59+00:00,7.43,2.778
bum-keun-song,k-league-1,k-league-1,in season,2026-07-28T15:42:42+00:00,8.62,3.217
bum-keun-song,k-league-1,k-league-1,in season,2026-07-28T17:45:16+00:00,9.29,3.302
bum-keun-song,k-league-1,k-league-1,in season,2026-07-28T21:53:43+00:00,8.92,3.475
bum-keun-song,k-league-1,k-league-1,in season,2026-07-29T06:35:04+00:00,8.71,-3.163
bum-keun-song,k-league-1,k-league-1,in season,2026-07-29T09:38:15+00:00,10.07,-3.036
bum-keun-song,k-league-1,k-league-1,in season,2026-07-29T10:33:54+00:00,8.77,-2.997
erick-samuel-correa-farias,k-league-1,k-league-1,in season,2026-07-28T15:56:25+00:00,3.65,2.227
erick-samuel-correa-farias,k-league-1,k-league-1,in season,2026-07-28T22:58:08+00:00,3.04,2.52
erick-samuel-correa-farias,k-league-1,k-league-1,in season,2026-07-29T13:18:03+00:00,3.34,3.117
erick-samuel-correa-farias,k-league-1,k-league-1,in season,2026-07-29T13:38:13+00:00,3.85,3.131
erick-samuel-correa-farias,k-league-1,k-league-1,in season,2026-07-30T03:20:33+00:00,2.67,-3.298
erick-samuel-correa-farias,k-league-1,k-league-1,in season,2026-07-30T15:53:55+00:00,2.83,-2.775
erick-samuel-correa-farias,k-league-1,k-league-1,in season,2026-07-30T20:09:36+00:00,3.33,-2.598
erick-samuel-correa-farias,k-league-1,k-league-1,in season,2026-07-31T15:20:29+00:00,3.55,-1.798
erick-samuel-correa-farias,k-league-1,k-league-1,in season,2026-07-31T15:44:35+00:00,4.04,-1.782
erick-samuel-correa-farias,k-league-1,k-league-1,in season,2026-08-01T09:50:47+00:00,2.43,-1.027
erick-samuel-correa-farias,k-league-1,k-league-1,in season,2026-08-01T12:44:28+00:00,2.43,-0.907
erick-samuel-correa-farias,k-league-1,k-league-1,in season,2026-08-02T09:49:16+00:00,2.1,-0.028
erick-samuel-correa-farias,k-league-1,k-league-1,in season,2026-08-02T18:00:20+00:00,1.46,0.313
erick-samuel-correa-farias,k-league-1,k-league-1,in season,2026-08-03T15:49:04+00:00,1.61,1.222
gytis-paulauskas,k-league-1,k-league-1,in season,2026-07-29T10:49:46+00:00,3.03,-2.986
gytis-paulauskas,k-league-1,k-league-1,in season,2026-07-29T14:25:07+00:00,3.01,-2.837
gytis-paulauskas,k-league-1,k-league-1,in season,2026-07-29T14:57:36+00:00,3.01,-2.814
gytis-paulauskas,k-league-1,k-league-1,in season,2026-07-29T19:32:05+00:00,3.35,-2.624
gytis-paulauskas,k-league-1,k-league-1,in season,2026-07-29T22:17:13+00:00,3.31,-2.509
gytis-paulauskas,k-league-1,k-league-1,in season,2026-08-01T12:28:21+00:00,2.91,0.082
cheong-hyo-park,k-league-1,k-league-1,in season,2026-07-28T07:25:11+00:00,9.46,1.872
cheong-hyo-park,k-league-1,k-league-1,in season,2026-07-28T07:40:21+00:00,7.63,1.882
cheong-hyo-park,k-league-1,k-league-1,in season,2026-07-28T08:21:09+00:00,9.11,1.911
cheong-hyo-park,k-league-1,k-league-1,in season,2026-07-28T14:56:11+00:00,9.55,2.185
cheong-hyo-park,k-league-1,k-league-1,in season,2026-07-28T15:54:23+00:00,9.78,2.225
cheong-hyo-park,k-league-1,k-league-1,in season,2026-07-29T07:17:57+00:00,9.77,2.867
cheong-hyo-park,k-league-1,k-league-1,in season,2026-07-29T19:03:28+00:00,9.55,-2.643
cheong-hyo-park,k-league-1,k-league-1,in season,2026-07-29T20:30:58+00:00,9.72,-2.583
cheong-hyo-park,k-league-1,k-league-1,in season,2026-07-30T09:36:10+00:00,9.69,-2.037
cheong-hyo-park,k-league-1,k-league-1,in season,2026-07-30T11:06:56+00:00,9.85,-1.974
cheong-hyo-park,k-league-1,k-league-1,in season,2026-07-30T16:10:30+00:00,10.15,-1.764
cheong-hyo-park,k-league-1,k-league-1,in season,2026-07-30T18:27:52+00:00,10.15,-1.668
cheong-hyo-park,k-league-1,k-league-1,in season,2026-07-30T22:11:24+00:00,10.15,-1.513
cheong-hyo-park,k-league-1,k-league-1,in season,2026-07-31T19:42:37+00:00,10.05,-0.616
cheong-hyo-park,k-league-1,k-league-1,in season,2026-07-31T21:05:42+00:00,13.07,-0.559
cheong-hyo-park,k-league-1,k-league-1,in season,2026-08-01T03:35:02+00:00,9.71,-0.288
cheong-hyo-park,k-league-1,k-league-1,in season,2026-08-01T06:26:27+00:00,14.08,-0.169
juan-antonio-ros-martinez,k-league-1,k-league-1,in season,2026-07-28T12:04:29+00:00,3.46,2.066
juan-antonio-ros-martinez,k-league-1,k-league-1,in season,2026-07-28T15:51:33+00:00,3.48,2.223
juan-antonio-ros-martinez,k-league-1,k-league-1,in season,2026-07-28T21:46:25+00:00,2.52,2.47
juan-antonio-ros-martinez,k-league-1,k-league-1,in season,2026-07-29T07:11:39+00:00,2.53,2.862
juan-antonio-ros-martinez,k-league-1,k-league-1,in season,2026-07-29T08:42:32+00:00,4.05,2.925
juan-antonio-ros-martinez,k-league-1,k-league-1,in season,2026-07-29T14:23:39+00:00,2.85,-2.838
juan-antonio-ros-martinez,k-league-1,k-league-1,in season,2026-07-29T15:52:06+00:00,2.0,-2.776
juan-antonio-ros-martinez,k-league-1,k-league-1,in season,2026-07-30T09:13:54+00:00,2.34,-2.053
juan-antonio-ros-martinez,k-league-1,k-league-1,in season,2026-07-30T15:25:12+00:00,2.5,-1.795
juan-antonio-ros-martinez,k-league-1,k-league-1,in season,2026-07-30T17:13:23+00:00,2.0,-1.72
juan-antonio-ros-martinez,k-league-1,k-league-1,in season,2026-07-31T10:13:17+00:00,2.29,-1.012
juan-antonio-ros-martinez,k-league-1,k-league-1,in season,2026-07-31T11:37:22+00:00,2.29,-0.953
juan-antonio-ros-martinez,k-league-1,k-league-1,in season,2026-07-31T15:22:12+00:00,1.61,-0.797
juan-antonio-ros-martinez,k-league-1,k-league-1,in season,2026-07-31T17:09:12+00:00,2.26,-0.723
juan-antonio-ros-martinez,k-league-1,k-league-1,in season,2026-08-01T00:14:16+00:00,2.42,-0.428
juan-antonio-ros-martinez,k-league-1,k-league-1,in season,2026-08-01T16:07:23+00:00,2.27,0.234
juan-antonio-ros-martinez,k-league-1,k-league-1,in season,2026-08-02T17:08:59+00:00,3.23,1.277
juan-antonio-ros-martinez,k-league-1,k-league-1,in season,2026-08-03T10:54:06+00:00,1.77,2.017
anderson-de-oliveira-da-silva,k-league-1,k-league-1,in season,2026-07-27T18:28:33+00:00,2.56,1.332
anderson-de-oliveira-da-silva,k-league-1,k-league-1,in season,2026-07-28T15:55:50+00:00,3.98,2.226
anderson-de-oliveira-da-silva,k-league-1,k-league-1,in season,2026-07-29T16:06:04+00:00,3.65,-2.767
anderson-de-oliveira-da-silva,k-league-1,k-league-1,in season,2026-07-30T11:13:26+00:00,1.5,-1.97
anderson-de-oliveira-da-silva,k-league-1,k-league-1,in season,2026-07-30T13:04:06+00:00,2.18,-1.893
anderson-de-oliveira-da-silva,k-league-1,k-league-1,in season,2026-07-30T23:19:57+00:00,2.0,-1.465
anderson-de-oliveira-da-silva,k-league-1,k-league-1,in season,2026-07-31T08:02:48+00:00,2.13,-1.102
anderson-de-oliveira-da-silva,k-league-1,k-league-1,in season,2026-07-31T13:56:40+00:00,1.96,-0.856
anderson-de-oliveira-da-silva,k-league-1,k-league-1,in season,2026-07-31T15:59:45+00:00,1.78,-0.771
anderson-de-oliveira-da-silva,k-league-1,k-league-1,in season,2026-07-31T19:49:08+00:00,1.95,-0.612
anderson-de-oliveira-da-silva,k-league-1,k-league-1,in season,2026-08-01T01:17:35+00:00,2.26,-0.384
anderson-de-oliveira-da-silva,k-league-1,k-league-1,in season,2026-08-01T02:03:48+00:00,2.91,-0.352
anderson-de-oliveira-da-silva,k-league-1,k-league-1,in season,2026-08-01T12:56:49+00:00,3.4,0.102
anderson-de-oliveira-da-silva,k-league-1,k-league-1,in season,2026-08-01T16:07:57+00:00,3.08,0.235
anderson-de-oliveira-da-silva,k-league-1,k-league-1,in season,2026-08-02T08:55:35+00:00,2.44,0.934
anderson-de-oliveira-da-silva,k-league-1,k-league-1,in season,2026-08-02T12:47:37+00:00,2.09,1.096
anderson-de-oliveira-da-silva,k-league-1,k-league-1,in season,2026-08-02T16:28:25+00:00,2.58,1.249
anderson-de-oliveira-da-silva,k-league-1,k-league-1,in season,2026-08-03T12:20:02+00:00,2.07,2.076
joo-yong-lee,k-league-1,k-league-1,in season,2026-07-27T16:24:40+00:00,2.03,1.246
joo-yong-lee,k-league-1,k-league-1,in season,2026-07-28T11:40:43+00:00,1.98,2.049
joo-yong-lee,k-league-1,k-league-1,in season,2026-07-28T15:50:33+00:00,2.82,2.223
joo-yong-lee,k-league-1,k-league-1,in season,2026-07-28T23:12:16+00:00,2.68,2.529
joo-yong-lee,k-league-1,k-league-1,in season,2026-08-02T11:12:35+00:00,2.1,0.03
joo-yong-lee,k-league-1,k-league-1,in season,2026-08-02T11:14:08+00:00,2.1,0.031
joo-yong-lee,k-league-1,k-league-1,in season,2026-08-02T11:55:16+00:00,2.75,0.059
joo-yong-lee,k-league-1,k-league-1,in season,2026-08-02T12:09:35+00:00,2.73,0.069
joo-yong-lee,k-league-1,k-league-1,in season,2026-08-02T13:58:55+00:00,4.83,0.145
joo-yong-lee,k-league-1,k-league-1,in season,2026-08-02T16:45:50+00:00,4.51,0.261
joo-yong-lee,k-league-1,k-league-1,in season,2026-08-02T22:20:49+00:00,4.74,0.494
yago-cariello-ribeiro,k-league-1,k-league-1,in season,2026-07-27T23:36:05+00:00,2.17,1.546
yago-cariello-ribeiro,k-league-1,k-league-1,in season,2026-07-28T08:38:07+00:00,2.48,1.922
yago-cariello-ribeiro,k-league-1,k-league-1,in season,2026-07-28T11:01:17+00:00,3.14,2.022
yago-cariello-ribeiro,k-league-1,k-league-1,in season,2026-07-29T06:34:39+00:00,2.85,2.837
yago-cariello-ribeiro,k-league-1,k-league-1,in season,2026-07-29T11:10:21+00:00,2.52,3.028
yago-cariello-ribeiro,k-league-1,k-league-1,in season,2026-07-30T09:33:17+00:00,2.17,-3.039
yago-cariello-ribeiro,k-league-1,k-league-1,in season,2026-07-30T13:00:38+00:00,2.51,-2.895
yago-cariello-ribeiro,k-league-1,k-league-1,in season,2026-07-31T15:19:02+00:00,2.91,-1.799
yago-cariello-ribeiro,k-league-1,k-league-1,in season,2026-08-01T20:31:36+00:00,2.39,-0.582
yago-cariello-ribeiro,k-league-1,k-league-1,in season,2026-08-02T11:28:33+00:00,2.1,0.041
yago-cariello-ribeiro,k-league-1,k-league-1,in season,2026-08-02T13:19:55+00:00,2.09,0.118
yago-cariello-ribeiro,k-league-1,k-league-1,in season,2026-08-02T16:27:58+00:00,2.25,0.249
yago-cariello-ribeiro,k-league-1,k-league-1,in season,2026-08-02T22:28:02+00:00,1.31,0.499
yago-cariello-ribeiro,k-league-1,k-league-1,in season,2026-08-03T10:50:01+00:00,1.61,1.014
yago-cariello-ribeiro,k-league-1,k-league-1,in season,2026-08-03T12:20:36+00:00,1.75,1.077
darijan-bojanic,k-league-1,k-league-1,in season,2026-07-27T19:31:59+00:00,3.24,1.376
darijan-bojanic,k-league-1,k-league-1,in season,2026-07-27T20:04:04+00:00,2.23,1.399
darijan-bojanic,k-league-1,k-league-1,in season,2026-07-27T22:43:31+00:00,3.07,1.509
darijan-bojanic,k-league-1,k-league-1,in season,2026-07-28T08:37:51+00:00,3.15,1.922
darijan-bojanic,k-league-1,k-league-1,in season,2026-07-28T15:12:58+00:00,2.15,2.197
darijan-bojanic,k-league-1,k-league-1,in season,2026-08-01T18:39:38+00:00,1.29,-0.66
darijan-bojanic,k-league-1,k-league-1,in season,2026-08-02T16:12:41+00:00,0.81,0.238
darijan-bojanic,k-league-1,k-league-1,in season,2026-08-03T10:12:44+00:00,0.96,0.988
darijan-bojanic,k-league-1,k-league-1,in season,2026-08-03T10:40:18+00:00,0.8,1.007
darijan-bojanic,k-league-1,k-league-1,in season,2026-08-03T15:38:52+00:00,1.13,1.214
ho-jae-lee,k-league-1,k-league-1,in season,2026-07-28T09:37:52+00:00,2.65,2.964
ho-jae-lee,k-league-1,k-league-1,in season,2026-07-29T09:43:02+00:00,1.68,3.967
ho-jae-lee,k-league-1,k-league-1,in season,2026-07-29T10:43:51+00:00,2.19,4.01
ho-jae-lee,k-league-1,k-league-1,in season,2026-07-29T10:45:02+00:00,2.36,4.01
ho-jae-lee,k-league-1,k-league-1,in season,2026-07-29T10:58:13+00:00,2.53,4.02
ho-jae-lee,k-league-1,k-league-1,in season,2026-07-29T11:00:33+00:00,2.68,4.021
ho-jae-lee,k-league-1,k-league-1,in season,2026-07-29T13:26:48+00:00,2.68,4.123
ho-jae-lee,k-league-1,k-league-1,in season,2026-07-29T13:45:00+00:00,3.01,4.135
ho-jae-lee,k-league-1,k-league-1,in season,2026-07-29T19:36:32+00:00,4.02,4.38
ho-jae-lee,k-league-1,k-league-1,in season,2026-07-30T11:07:58+00:00,3.51,5.026
ho-jae-lee,k-league-1,k-league-1,in season,2026-07-30T13:59:47+00:00,2.01,5.146
ho-jae-lee,k-league-1,k-league-1,in season,2026-07-30T15:06:52+00:00,2.5,5.192
ho-jae-lee,k-league-1,k-league-1,in season,2026-07-30T18:46:39+00:00,3.33,5.345
ho-jae-lee,k-league-1,k-league-1,in season,2026-07-30T21:01:29+00:00,3.0,5.439
ho-jae-lee,k-league-1,k-league-1,in season,2026-07-31T12:41:23+00:00,2.13,6.091
ho-jae-lee,k-league-1,k-league-1,in season,2026-07-31T16:41:45+00:00,2.26,6.258
ho-jae-lee,k-league-1,k-league-1,in season,2026-07-31T20:56:41+00:00,2.59,6.435
ho-jae-lee,k-league-1,k-league-1,in season,2026-08-01T12:46:29+00:00,2.43,-6.926
ho-jae-lee,k-league-1,k-league-1,in season,2026-08-02T09:54:36+00:00,2.27,-6.045
ho-jae-lee,k-league-1,k-league-1,in season,2026-08-02T20:30:36+00:00,2.28,-5.604
ho-jae-lee,k-league-1,k-league-1,in season,2026-08-02T20:43:38+00:00,2.6,-5.595
ho-jae-lee,k-league-1,k-league-1,in season,2026-08-03T06:50:44+00:00,2.25,-5.173
ho-jae-lee,k-league-1,k-league-1,in season,2026-08-03T11:58:38+00:00,1.28,-4.959
ho-jae-lee,k-league-1,k-league-1,in season,2026-07-27T21:02:19+00:00,2.57,2.439
jin-su-kim,k-league-1,k-league-1,in season,2026-07-27T16:03:30+00:00,2.03,1.232
jin-su-kim,k-league-1,k-league-1,in season,2026-07-27T20:34:40+00:00,2.74,1.42
jin-su-kim,k-league-1,k-league-1,in season,2026-07-28T05:23:50+00:00,1.98,1.787
jin-su-kim,k-league-1,k-league-1,in season,2026-07-28T06:21:57+00:00,2.15,1.828
jin-su-kim,k-league-1,k-league-1,in season,2026-07-28T10:50:59+00:00,3.14,2.015
jin-su-kim,k-league-1,k-league-1,in season,2026-07-29T12:15:17+00:00,2.35,-2.927
jin-su-kim,k-league-1,k-league-1,in season,2026-07-29T20:02:08+00:00,1.48,-2.603
jin-su-kim,k-league-1,k-league-1,in season,2026-07-31T11:03:10+00:00,1.97,-0.977
jin-su-kim,k-league-1,k-league-1,in season,2026-07-31T13:55:02+00:00,2.13,-0.858
jin-su-kim,k-league-1,k-league-1,in season,2026-08-01T15:48:42+00:00,1.79,0.221
jin-su-kim,k-league-1,k-league-1,in season,2026-08-02T08:25:39+00:00,1.63,0.914
jin-su-kim,k-league-1,k-league-1,in season,2026-08-02T13:46:05+00:00,1.45,1.136
jin-su-kim,k-league-1,k-league-1,in season,2026-08-02T20:03:55+00:00,1.79,1.399
jin-su-kim,k-league-1,k-league-1,in season,2026-08-03T14:11:57+00:00,1.61,2.154
jin-su-kim,k-league-1,k-league-1,in season,2026-08-03T15:42:32+00:00,2.09,2.217
anis-hadj-moussa,eredivisie,eredivisie_belgio,classic,2026-07-29T10:25:21+00:00,3.37,-10.993
anis-hadj-moussa,eredivisie,eredivisie_belgio,classic,2026-07-29T13:28:42+00:00,4.18,-10.865
anis-hadj-moussa,eredivisie,eredivisie_belgio,classic,2026-07-30T16:45:08+00:00,2.99,-9.729
anis-hadj-moussa,eredivisie,eredivisie_belgio,classic,2026-07-30T22:37:35+00:00,2.5,-9.484
anis-hadj-moussa,eredivisie,eredivisie_belgio,classic,2026-07-31T00:53:48+00:00,2.33,-9.39
anis-hadj-moussa,eredivisie,eredivisie_belgio,classic,2026-08-01T12:36:58+00:00,1.29,-7.901
anis-hadj-moussa,eredivisie,eredivisie_belgio,classic,2026-08-01T13:12:20+00:00,2.59,-7.877
anis-hadj-moussa,eredivisie,eredivisie_belgio,classic,2026-08-02T00:15:01+00:00,2.56,-7.417
anis-hadj-moussa,eredivisie,eredivisie_belgio,classic,2026-08-02T15:35:58+00:00,2.41,-6.777
anis-hadj-moussa,eredivisie,eredivisie_belgio,classic,2026-08-02T15:36:08+00:00,2.57,-6.777
anis-hadj-moussa,eredivisie,eredivisie_belgio,classic,2026-08-02T15:41:12+00:00,2.57,-6.773
anis-hadj-moussa,eredivisie,eredivisie_belgio,classic,2026-08-02T18:19:37+00:00,1.94,-6.663
anis-hadj-moussa,eredivisie,eredivisie_belgio,classic,2026-08-03T11:01:00+00:00,3.04,-5.968
anis-hadj-moussa,eredivisie,eredivisie_belgio,classic,2026-07-27T22:43:15+00:00,3.24,-12.48
anis-hadj-moussa,eredivisie,eredivisie_belgio,classic,2026-07-28T00:22:53+00:00,2.99,-12.411
anis-hadj-moussa,eredivisie,eredivisie_belgio,classic,2026-07-28T20:21:12+00:00,3.2,-11.579
dusan-tadic,eredivisie,eredivisie_belgio,classic,2026-07-30T15:10:25+00:00,2.83,-5.118
dusan-tadic,eredivisie,eredivisie_belgio,classic,2026-07-30T18:02:41+00:00,5.33,-4.998
dusan-tadic,eredivisie,eredivisie_belgio,classic,2026-07-31T10:37:01+00:00,2.45,-4.308
dusan-tadic,eredivisie,eredivisie_belgio,classic,2026-07-31T11:04:29+00:00,2.62,-4.289
dusan-tadic,eredivisie,eredivisie_belgio,classic,2026-07-31T12:15:40+00:00,2.79,-4.239
dusan-tadic,eredivisie,eredivisie_belgio,classic,2026-07-31T16:52:48+00:00,2.75,-4.047
dusan-tadic,eredivisie,eredivisie_belgio,classic,2026-07-31T19:49:18+00:00,3.24,-3.924
dusan-tadic,eredivisie,eredivisie_belgio,classic,2026-08-01T10:57:58+00:00,2.91,-3.293
dusan-tadic,eredivisie,eredivisie_belgio,classic,2026-08-01T13:32:58+00:00,3.24,-3.185
dusan-tadic,eredivisie,eredivisie_belgio,classic,2026-08-01T16:28:07+00:00,3.08,-3.064
dusan-tadic,eredivisie,eredivisie_belgio,classic,2026-08-01T17:44:41+00:00,2.91,-3.011
dusan-tadic,eredivisie,eredivisie_belgio,classic,2026-08-01T20:40:30+00:00,2.71,-2.889
dusan-tadic,eredivisie,eredivisie_belgio,classic,2026-08-02T12:05:42+00:00,3.05,-2.246
dusan-tadic,eredivisie,eredivisie_belgio,classic,2026-08-02T16:21:12+00:00,2.74,-2.069
dusan-tadic,eredivisie,eredivisie_belgio,classic,2026-08-02T19:10:06+00:00,2.76,-1.951
dusan-tadic,eredivisie,eredivisie_belgio,classic,2026-08-02T23:21:41+00:00,3.58,-1.777
dusan-tadic,eredivisie,eredivisie_belgio,classic,2026-08-03T09:18:07+00:00,2.87,-1.362
dusan-tadic,eredivisie,eredivisie_belgio,classic,2026-08-03T14:42:23+00:00,3.06,-1.137
dusan-tadic,eredivisie,eredivisie_belgio,classic,2026-07-27T18:15:15+00:00,3.59,-7.989
dusan-tadic,eredivisie,eredivisie_belgio,classic,2026-07-27T18:29:01+00:00,3.41,-7.98
dusan-tadic,eredivisie,eredivisie_belgio,classic,2026-07-27T18:56:57+00:00,3.76,-7.96
dusan-tadic,eredivisie,eredivisie_belgio,classic,2026-07-27T18:57:17+00:00,3.41,-7.96
dusan-tadic,eredivisie,eredivisie_belgio,classic,2026-07-27T19:23:12+00:00,3.41,-7.942
dusan-tadic,eredivisie,eredivisie_belgio,classic,2026-07-27T23:10:34+00:00,5.5,-7.784
dusan-tadic,eredivisie,eredivisie_belgio,classic,2026-07-27T23:31:58+00:00,3.0,-7.769
dusan-tadic,eredivisie,eredivisie_belgio,classic,2026-07-28T00:02:31+00:00,3.16,-7.748
dusan-tadic,eredivisie,eredivisie_belgio,classic,2026-07-28T00:36:19+00:00,2.83,-7.725
dusan-tadic,eredivisie,eredivisie_belgio,classic,2026-07-28T04:41:38+00:00,6.94,-7.554
dusan-tadic,eredivisie,eredivisie_belgio,classic,2026-07-28T05:11:56+00:00,2.64,-7.533
dusan-tadic,eredivisie,eredivisie_belgio,classic,2026-07-28T07:09:51+00:00,2.99,-7.451
dusan-tadic,eredivisie,eredivisie_belgio,classic,2026-07-28T07:21:00+00:00,3.15,-7.444
dusan-tadic,eredivisie,eredivisie_belgio,classic,2026-07-28T08:27:48+00:00,3.64,-7.397
dusan-tadic,eredivisie,eredivisie_belgio,classic,2026-07-28T11:50:10+00:00,3.3,-7.257
dusan-tadic,eredivisie,eredivisie_belgio,classic,2026-07-28T16:09:34+00:00,3.2,-7.077
dusan-tadic,eredivisie,eredivisie_belgio,classic,2026-07-28T20:30:56+00:00,2.7,-6.895
dusan-tadic,eredivisie,eredivisie_belgio,classic,2026-07-29T01:36:51+00:00,4.03,-6.683
dusan-tadic,eredivisie,eredivisie_belgio,classic,2026-07-29T03:39:21+00:00,3.35,-6.598
dusan-tadic,eredivisie,eredivisie_belgio,classic,2026-07-29T05:50:32+00:00,2.17,-6.507
dusan-tadic,eredivisie,eredivisie_belgio,classic,2026-07-29T09:59:20+00:00,3.02,-6.334
dusan-tadic,eredivisie,eredivisie_belgio,classic,2026-07-29T12:07:15+00:00,6.05,-6.245
dusan-tadic,eredivisie,eredivisie_belgio,classic,2026-07-29T13:05:32+00:00,4.18,-6.204
dusan-tadic,eredivisie,eredivisie_belgio,classic,2026-07-29T13:56:41+00:00,3.01,-6.169
dusan-tadic,eredivisie,eredivisie_belgio,classic,2026-07-29T18:21:51+00:00,4.2,-5.985
dusan-tadic,eredivisie,eredivisie_belgio,classic,2026-07-29T20:01:30+00:00,4.94,-5.916
dusan-tadic,eredivisie,eredivisie_belgio,classic,2026-07-30T02:12:06+00:00,2.84,-5.658
dusan-tadic,eredivisie,eredivisie_belgio,classic,2026-07-30T13:39:36+00:00,2.85,-5.181
dusan-tadic,eredivisie,eredivisie_belgio,classic,2026-07-27T16:24:16+00:00,3.56,-8.066
dusan-tadic,eredivisie,eredivisie_belgio,classic,2026-07-27T16:24:36+00:00,3.56,-8.066
maarten-paes,eredivisie,eredivisie_belgio,classic,2026-07-31T17:29:59+00:00,3.07,0.979
maarten-paes,eredivisie,eredivisie_belgio,classic,2026-07-31T18:00:25+00:00,2.6,1.0
maarten-paes,eredivisie,eredivisie_belgio,classic,2026-07-31T21:09:10+00:00,2.9,1.131
maarten-paes,eredivisie,eredivisie_belgio,classic,2026-07-31T22:44:59+00:00,3.06,1.198
maarten-paes,eredivisie,eredivisie_belgio,classic,2026-07-31T23:17:36+00:00,2.58,1.221
maarten-paes,eredivisie,eredivisie_belgio,classic,2026-08-01T08:52:47+00:00,3.08,1.62
maarten-paes,eredivisie,eredivisie_belgio,classic,2026-08-01T10:05:00+00:00,3.4,1.67
maarten-paes,eredivisie,eredivisie_belgio,classic,2026-08-01T11:49:51+00:00,2.26,1.743
maarten-paes,eredivisie,eredivisie_belgio,classic,2026-08-01T12:18:58+00:00,1.46,1.763
maarten-paes,eredivisie,eredivisie_belgio,classic,2026-08-01T18:06:58+00:00,2.9,2.005
maarten-paes,eredivisie,eredivisie_belgio,classic,2026-08-01T18:07:11+00:00,3.06,2.005
maarten-paes,eredivisie,eredivisie_belgio,classic,2026-08-01T18:07:22+00:00,3.22,2.005
maarten-paes,eredivisie,eredivisie_belgio,classic,2026-08-01T19:05:27+00:00,2.23,2.045
maarten-paes,eredivisie,eredivisie_belgio,classic,2026-08-02T00:09:00+00:00,3.04,2.256
maarten-paes,eredivisie,eredivisie_belgio,classic,2026-08-02T02:11:22+00:00,3.38,2.341
maarten-paes,eredivisie,eredivisie_belgio,classic,2026-08-02T10:21:22+00:00,3.08,2.682
maarten-paes,eredivisie,eredivisie_belgio,classic,2026-08-02T10:42:51+00:00,3.08,2.696
maarten-paes,eredivisie,eredivisie_belgio,classic,2026-08-02T11:20:07+00:00,2.75,2.722
maarten-paes,eredivisie,eredivisie_belgio,classic,2026-08-02T12:23:05+00:00,3.05,2.766
maarten-paes,eredivisie,eredivisie_belgio,classic,2026-08-02T14:04:09+00:00,2.73,2.836
maarten-paes,eredivisie,eredivisie_belgio,classic,2026-08-02T15:11:24+00:00,3.05,2.883
maarten-paes,eredivisie,eredivisie_belgio,classic,2026-08-02T16:25:20+00:00,2.9,2.934
maarten-paes,eredivisie,eredivisie_belgio,classic,2026-08-02T18:24:12+00:00,3.08,3.017
maarten-paes,eredivisie,eredivisie_belgio,classic,2026-08-02T20:16:52+00:00,2.6,3.095
maarten-paes,eredivisie,eredivisie_belgio,classic,2026-08-03T09:01:34+00:00,3.51,-3.374
maarten-paes,eredivisie,eredivisie_belgio,classic,2026-08-03T11:31:27+00:00,2.88,-3.27
maarten-paes,eredivisie,eredivisie_belgio,classic,2026-08-03T11:44:06+00:00,2.4,-3.261
maarten-paes,eredivisie,eredivisie_belgio,classic,2026-08-03T13:11:13+00:00,2.72,-3.201
maarten-paes,eredivisie,eredivisie_belgio,classic,2026-08-03T13:28:45+00:00,3.51,-3.188
maarten-paes,eredivisie,eredivisie_belgio,classic,2026-07-29T09:50:44+00:00,5.04,-1.34
maarten-paes,eredivisie,eredivisie_belgio,classic,2026-07-29T11:55:24+00:00,4.86,-1.253
maarten-paes,eredivisie,eredivisie_belgio,classic,2026-07-29T12:29:16+00:00,4.87,-1.23
maarten-paes,eredivisie,eredivisie_belgio,classic,2026-07-29T14:34:28+00:00,4.85,-1.143
maarten-paes,eredivisie,eredivisie_belgio,classic,2026-07-29T18:25:58+00:00,5.04,-0.982
maarten-paes,eredivisie,eredivisie_belgio,classic,2026-07-29T19:42:00+00:00,5.02,-0.929
maarten-paes,eredivisie,eredivisie_belgio,classic,2026-07-29T20:19:27+00:00,5.44,-0.903
maarten-paes,eredivisie,eredivisie_belgio,classic,2026-07-29T21:29:20+00:00,6.07,-0.855
maarten-paes,eredivisie,eredivisie_belgio,classic,2026-07-29T23:08:30+00:00,5.98,-0.786
maarten-paes,eredivisie,eredivisie_belgio,classic,2026-07-30T07:25:48+00:00,4.48,-0.44
maarten-paes,eredivisie,eredivisie_belgio,classic,2026-07-30T08:27:12+00:00,4.82,-0.398
maarten-paes,eredivisie,eredivisie_belgio,classic,2026-07-30T09:08:15+00:00,5.18,-0.369
maarten-paes,eredivisie,eredivisie_belgio,classic,2026-07-30T09:40:50+00:00,3.51,-0.347
maarten-paes,eredivisie,eredivisie_belgio,classic,2026-07-30T11:55:21+00:00,5.01,-0.253
maarten-paes,eredivisie,eredivisie_belgio,classic,2026-07-30T12:15:00+00:00,5.02,-0.24
maarten-paes,eredivisie,eredivisie_belgio,classic,2026-07-30T12:37:08+00:00,5.02,-0.224
maarten-paes,eredivisie,eredivisie_belgio,classic,2026-07-30T13:35:52+00:00,4.86,-0.183
maarten-paes,eredivisie,eredivisie_belgio,classic,2026-07-30T14:37:10+00:00,4.85,-0.141
maarten-paes,eredivisie,eredivisie_belgio,classic,2026-07-30T17:25:25+00:00,5.16,-0.024
maarten-paes,eredivisie,eredivisie_belgio,classic,2026-07-30T17:46:40+00:00,5.32,-0.009
maarten-paes,eredivisie,eredivisie_belgio,classic,2026-07-30T17:54:20+00:00,4.16,-0.004
maarten-paes,eredivisie,eredivisie_belgio,classic,2026-07-30T20:18:50+00:00,3.67,0.096
maarten-paes,eredivisie,eredivisie_belgio,classic,2026-07-31T05:54:38+00:00,3.14,0.496
maarten-paes,eredivisie,eredivisie_belgio,classic,2026-07-31T11:48:54+00:00,2.79,0.742
maarten-paes,eredivisie,eredivisie_belgio,classic,2026-07-31T12:47:36+00:00,2.95,0.783
maarten-paes,eredivisie,eredivisie_belgio,classic,2026-07-31T13:28:11+00:00,3.44,0.811
maarten-paes,eredivisie,eredivisie_belgio,classic,2026-07-31T13:51:23+00:00,2.95,0.827
maarten-paes,eredivisie,eredivisie_belgio,classic,2026-07-31T14:16:40+00:00,2.93,0.845
maarten-paes,eredivisie,eredivisie_belgio,classic,2026-07-27T16:06:18+00:00,4.57,-3.079
maarten-paes,eredivisie,eredivisie_belgio,classic,2026-07-27T16:48:53+00:00,5.08,-3.049
maarten-paes,eredivisie,eredivisie_belgio,classic,2026-07-27T17:02:54+00:00,5.11,-3.04
maarten-paes,eredivisie,eredivisie_belgio,classic,2026-07-27T17:02:58+00:00,4.6,-3.04
maarten-paes,eredivisie,eredivisie_belgio,classic,2026-07-27T17:34:35+00:00,5.96,-3.018
maarten-paes,eredivisie,eredivisie_belgio,classic,2026-07-27T17:55:11+00:00,4.6,-3.003
maarten-paes,eredivisie,eredivisie_belgio,classic,2026-07-27T18:05:20+00:00,4.27,-2.996
maarten-paes,eredivisie,eredivisie_belgio,classic,2026-07-27T19:54:43+00:00,4.09,-2.92
maarten-paes,eredivisie,eredivisie_belgio,classic,2026-07-27T20:11:55+00:00,4.45,-2.908
maarten-paes,eredivisie,eredivisie_belgio,classic,2026-07-27T20:18:00+00:00,4.45,-2.904
maarten-paes,eredivisie,eredivisie_belgio,classic,2026-07-27T21:01:13+00:00,4.45,-2.874
maarten-paes,eredivisie,eredivisie_belgio,classic,2026-07-27T21:06:53+00:00,4.62,-2.87
maarten-paes,eredivisie,eredivisie_belgio,classic,2026-07-27T21:16:56+00:00,4.62,-2.863
maarten-paes,eredivisie,eredivisie_belgio,classic,2026-07-27T21:54:36+00:00,5.48,-2.837
maarten-paes,eredivisie,eredivisie_belgio,classic,2026-07-28T04:00:15+00:00,4.46,-2.583
maarten-paes,eredivisie,eredivisie_belgio,classic,2026-07-28T04:14:23+00:00,4.79,-2.573
maarten-paes,eredivisie,eredivisie_belgio,classic,2026-07-28T06:28:35+00:00,4.97,-2.48
maarten-paes,eredivisie,eredivisie_belgio,classic,2026-07-28T07:33:26+00:00,4.81,-2.435
maarten-paes,eredivisie,eredivisie_belgio,classic,2026-07-28T08:32:20+00:00,7.95,-2.394
maarten-paes,eredivisie,eredivisie_belgio,classic,2026-07-28T10:36:37+00:00,4.79,-2.308
maarten-paes,eredivisie,eredivisie_belgio,classic,2026-07-28T10:37:54+00:00,4.95,-2.307
maarten-paes,eredivisie,eredivisie_belgio,classic,2026-07-28T10:52:01+00:00,4.79,-2.297
maarten-paes,eredivisie,eredivisie_belgio,classic,2026-07-28T11:30:33+00:00,5.12,-2.27
maarten-paes,eredivisie,eredivisie_belgio,classic,2026-07-28T12:33:32+00:00,4.95,-2.227
maarten-paes,eredivisie,eredivisie_belgio,classic,2026-07-28T12:40:00+00:00,4.78,-2.222
maarten-paes,eredivisie,eredivisie_belgio,classic,2026-07-28T12:45:09+00:00,4.78,-2.219
maarten-paes,eredivisie,eredivisie_belgio,classic,2026-07-28T13:00:26+00:00,5.65,-2.208
maarten-paes,eredivisie,eredivisie_belgio,classic,2026-07-28T13:45:36+00:00,4.66,-2.177
maarten-paes,eredivisie,eredivisie_belgio,classic,2026-07-28T13:54:16+00:00,4.66,-2.171
maarten-paes,eredivisie,eredivisie_belgio,classic,2026-07-28T18:38:32+00:00,4.5,-1.973
maarten-paes,eredivisie,eredivisie_belgio,classic,2026-07-28T20:14:17+00:00,4.72,-1.907
maarten-paes,eredivisie,eredivisie_belgio,classic,2026-07-29T05:18:52+00:00,4.17,-1.529
maarten-paes,eredivisie,eredivisie_belgio,classic,2026-07-29T06:38:20+00:00,4.69,-1.473
maarten-paes,eredivisie,eredivisie_belgio,classic,2026-07-29T08:34:38+00:00,5.06,-1.393
leo-kokubo,jupiler-pro-league,eredivisie_belgio,classic,2026-07-30T13:12:33+00:00,3.02,-9.231
leo-kokubo,jupiler-pro-league,eredivisie_belgio,classic,2026-07-30T19:01:47+00:00,2.82,-8.988
leo-kokubo,jupiler-pro-league,eredivisie_belgio,classic,2026-07-31T06:59:25+00:00,0.83,-8.49
leo-kokubo,jupiler-pro-league,eredivisie_belgio,classic,2026-07-31T17:53:13+00:00,2.91,-8.036
leo-kokubo,jupiler-pro-league,eredivisie_belgio,classic,2026-07-31T20:30:17+00:00,2.91,-7.927
leo-kokubo,jupiler-pro-league,eredivisie_belgio,classic,2026-08-01T06:24:46+00:00,2.75,-7.514
leo-kokubo,jupiler-pro-league,eredivisie_belgio,classic,2026-08-01T09:43:33+00:00,2.75,-7.376
leo-kokubo,jupiler-pro-league,eredivisie_belgio,classic,2026-08-01T11:28:20+00:00,2.91,-7.303
leo-kokubo,jupiler-pro-league,eredivisie_belgio,classic,2026-08-01T18:10:54+00:00,3.06,-7.024
leo-kokubo,jupiler-pro-league,eredivisie_belgio,classic,2026-08-01T21:16:44+00:00,3.02,-6.895
leo-kokubo,jupiler-pro-league,eredivisie_belgio,classic,2026-08-01T21:28:15+00:00,2.87,-6.887
leo-kokubo,jupiler-pro-league,eredivisie_belgio,classic,2026-08-02T08:33:50+00:00,2.93,-6.424
leo-kokubo,jupiler-pro-league,eredivisie_belgio,classic,2026-08-02T10:31:53+00:00,3.57,-6.342
leo-kokubo,jupiler-pro-league,eredivisie_belgio,classic,2026-08-02T18:36:22+00:00,3.56,-6.006
leo-kokubo,jupiler-pro-league,eredivisie_belgio,classic,2026-08-02T20:13:27+00:00,2.44,-5.939
leo-kokubo,jupiler-pro-league,eredivisie_belgio,classic,2026-08-03T06:24:21+00:00,3.06,-5.514
leo-kokubo,jupiler-pro-league,eredivisie_belgio,classic,2026-08-03T07:51:10+00:00,3.2,-5.454
leo-kokubo,jupiler-pro-league,eredivisie_belgio,classic,2026-08-03T12:34:41+00:00,3.5,-5.257
leo-kokubo,jupiler-pro-league,eredivisie_belgio,classic,2026-08-03T15:39:39+00:00,3.54,-5.129
leo-kokubo,jupiler-pro-league,eredivisie_belgio,classic,2026-07-28T13:25:19+00:00,2.16,-11.222
leo-kokubo,jupiler-pro-league,eredivisie_belgio,classic,2026-07-28T13:46:42+00:00,2.33,-11.207
leo-kokubo,jupiler-pro-league,eredivisie_belgio,classic,2026-07-28T16:42:49+00:00,3.03,-11.085
leo-kokubo,jupiler-pro-league,eredivisie_belgio,classic,2026-07-29T06:05:21+00:00,3.02,-10.528
leo-kokubo,jupiler-pro-league,eredivisie_belgio,classic,2026-07-30T01:27:31+00:00,2.98,-9.72
leo-kokubo,jupiler-pro-league,eredivisie_belgio,classic,2026-07-30T07:35:11+00:00,3.81,-9.465
leo-kokubo,jupiler-pro-league,eredivisie_belgio,classic,2026-07-30T08:30:18+00:00,2.66,-9.427
jorthy-mokio,eredivisie,eredivisie_belgio,classic,2026-07-28T20:42:26+00:00,5.73,-1.887
jorthy-mokio,eredivisie,eredivisie_belgio,classic,2026-07-30T03:46:15+00:00,5.5,-0.593
jorthy-mokio,eredivisie,eredivisie_belgio,classic,2026-07-30T12:48:04+00:00,4.02,-0.217
jorthy-mokio,eredivisie,eredivisie_belgio,classic,2026-07-30T16:46:13+00:00,4.99,-0.051
jorthy-mokio,eredivisie,eredivisie_belgio,classic,2026-07-30T18:23:15+00:00,4.66,0.016
jorthy-mokio,eredivisie,eredivisie_belgio,classic,2026-07-31T10:25:50+00:00,3.11,0.685
jorthy-mokio,eredivisie,eredivisie_belgio,classic,2026-08-01T16:36:29+00:00,4.54,1.942
jorthy-mokio,eredivisie,eredivisie_belgio,classic,2026-08-03T15:00:27+00:00,2.42,-3.125
jorthy-mokio,eredivisie,eredivisie_belgio,classic,2026-07-27T16:35:20+00:00,5.25,-3.059
jorthy-mokio,eredivisie,eredivisie_belgio,classic,2026-07-27T17:07:09+00:00,5.28,-3.037
jorthy-mokio,eredivisie,eredivisie_belgio,classic,2026-07-27T18:32:04+00:00,5.63,-2.978
jorthy-mokio,eredivisie,eredivisie_belgio,classic,2026-07-27T18:32:36+00:00,5.63,-2.977
jorthy-mokio,eredivisie,eredivisie_belgio,classic,2026-07-27T23:10:08+00:00,5.33,-2.785
sven-mijnans,eredivisie,eredivisie_belgio,classic,2026-07-30T20:22:43+00:00,4.33,-8.901
sven-mijnans,eredivisie,eredivisie_belgio,classic,2026-07-30T20:46:08+00:00,3.33,-8.885
sven-mijnans,eredivisie,eredivisie_belgio,classic,2026-07-31T13:49:02+00:00,4.58,-8.174
sven-mijnans,eredivisie,eredivisie_belgio,classic,2026-07-31T17:58:14+00:00,4.53,-8.001
sven-mijnans,eredivisie,eredivisie_belgio,classic,2026-08-01T04:07:24+00:00,6.97,-7.578
sven-mijnans,eredivisie,eredivisie_belgio,classic,2026-08-01T09:55:22+00:00,4.05,-7.337
sven-mijnans,eredivisie,eredivisie_belgio,classic,2026-08-01T10:06:39+00:00,4.04,-7.329
sven-mijnans,eredivisie,eredivisie_belgio,classic,2026-08-01T10:37:36+00:00,4.53,-7.307
sven-mijnans,eredivisie,eredivisie_belgio,classic,2026-08-01T11:29:08+00:00,4.69,-7.271
sven-mijnans,eredivisie,eredivisie_belgio,classic,2026-08-02T08:35:00+00:00,4.55,-6.392
sven-mijnans,eredivisie,eredivisie_belgio,classic,2026-08-02T16:58:24+00:00,4.03,-6.043
sven-mijnans,eredivisie,eredivisie_belgio,classic,2026-08-02T17:28:08+00:00,4.52,-6.022
sven-mijnans,eredivisie,eredivisie_belgio,classic,2026-08-02T17:45:42+00:00,4.52,-6.01
sven-mijnans,eredivisie,eredivisie_belgio,classic,2026-08-02T19:07:00+00:00,3.57,-5.953
sven-mijnans,eredivisie,eredivisie_belgio,classic,2026-08-02T20:14:56+00:00,4.07,-5.906
sven-mijnans,eredivisie,eredivisie_belgio,classic,2026-08-03T11:15:45+00:00,4.16,-5.281
sven-mijnans,eredivisie,eredivisie_belgio,classic,2026-08-03T12:25:07+00:00,4.62,-5.233
sven-mijnans,eredivisie,eredivisie_belgio,classic,2026-08-03T12:33:20+00:00,4.78,-5.227
sven-mijnans,eredivisie,eredivisie_belgio,classic,2026-08-03T13:05:04+00:00,4.31,-5.205
sven-mijnans,eredivisie,eredivisie_belgio,classic,2026-07-27T18:31:17+00:00,5.12,-11.978
sven-mijnans,eredivisie,eredivisie_belgio,classic,2026-07-28T23:57:08+00:00,5.03,-10.752
sven-mijnans,eredivisie,eredivisie_belgio,classic,2026-07-29T08:42:24+00:00,5.39,-10.387
sven-mijnans,eredivisie,eredivisie_belgio,classic,2026-07-30T08:49:33+00:00,4.65,-9.382
sven-mijnans,eredivisie,eredivisie_belgio,classic,2026-07-30T15:50:43+00:00,4.83,-9.09
luciano-valente,eredivisie,eredivisie_belgio,classic,2026-07-30T10:16:25+00:00,2.67,-9.999
luciano-valente,eredivisie,eredivisie_belgio,classic,2026-07-30T13:34:06+00:00,2.85,-9.862
luciano-valente,eredivisie,eredivisie_belgio,classic,2026-07-30T16:45:47+00:00,2.83,-9.729
luciano-valente,eredivisie,eredivisie_belgio,classic,2026-07-31T12:18:35+00:00,3.11,-8.914
luciano-valente,eredivisie,eredivisie_belgio,classic,2026-07-31T15:40:50+00:00,2.75,-8.774
luciano-valente,eredivisie,eredivisie_belgio,classic,2026-07-31T19:31:17+00:00,3.41,-8.614
luciano-valente,eredivisie,eredivisie_belgio,classic,2026-08-01T13:09:03+00:00,1.78,-7.879
luciano-valente,eredivisie,eredivisie_belgio,classic,2026-08-01T20:37:07+00:00,2.55,-7.568
luciano-valente,eredivisie,eredivisie_belgio,classic,2026-08-01T22:39:22+00:00,2.88,-7.483
luciano-valente,eredivisie,eredivisie_belgio,classic,2026-08-02T03:57:54+00:00,2.44,-7.262
luciano-valente,eredivisie,eredivisie_belgio,classic,2026-08-02T07:34:27+00:00,3.09,-7.111
luciano-valente,eredivisie,eredivisie_belgio,classic,2026-08-02T08:02:40+00:00,2.93,-7.092
luciano-valente,eredivisie,eredivisie_belgio,classic,2026-08-02T17:01:44+00:00,3.07,-6.718
luciano-valente,eredivisie,eredivisie_belgio,classic,2026-08-02T17:40:27+00:00,2.26,-6.691
luciano-valente,eredivisie,eredivisie_belgio,classic,2026-08-03T07:20:19+00:00,3.2,-6.121
luciano-valente,eredivisie,eredivisie_belgio,classic,2026-07-27T17:44:18+00:00,4.09,-12.688
luciano-valente,eredivisie,eredivisie_belgio,classic,2026-07-28T01:40:01+00:00,2.48,-12.358
luciano-valente,eredivisie,eredivisie_belgio,classic,2026-07-28T11:50:42+00:00,4.13,-11.934
luciano-valente,eredivisie,eredivisie_belgio,classic,2026-07-28T12:23:41+00:00,2.31,-11.911
luciano-valente,eredivisie,eredivisie_belgio,classic,2026-07-28T18:10:29+00:00,2.67,-11.67
luciano-valente,eredivisie,eredivisie_belgio,classic,2026-07-29T12:51:20+00:00,2.86,-10.891
luciano-valente,eredivisie,eredivisie_belgio,classic,2026-07-29T13:17:45+00:00,3.34,-10.873
luciano-valente,eredivisie,eredivisie_belgio,classic,2026-07-29T13:49:31+00:00,2.84,-10.851
luciano-valente,eredivisie,eredivisie_belgio,classic,2026-07-30T10:09:45+00:00,2.67,-10.004
oscar-gluh,eredivisie,eredivisie_belgio,classic,2026-07-30T20:50:12+00:00,6.67,0.118
oscar-gluh,eredivisie,eredivisie_belgio,classic,2026-07-30T21:13:38+00:00,5.99,0.134
oscar-gluh,eredivisie,eredivisie_belgio,classic,2026-07-30T22:23:52+00:00,6.65,0.183
oscar-gluh,eredivisie,eredivisie_belgio,classic,2026-07-31T10:05:24+00:00,6.22,0.67
oscar-gluh,eredivisie,eredivisie_belgio,classic,2026-07-31T11:25:55+00:00,6.07,0.726
oscar-gluh,eredivisie,eredivisie_belgio,classic,2026-07-31T14:27:38+00:00,6.02,0.853
oscar-gluh,eredivisie,eredivisie_belgio,classic,2026-07-31T18:11:43+00:00,7.15,1.008
oscar-gluh,eredivisie,eredivisie_belgio,classic,2026-08-01T10:07:06+00:00,4.69,1.672
oscar-gluh,eredivisie,eredivisie_belgio,classic,2026-08-01T11:23:14+00:00,6.47,1.724
oscar-gluh,eredivisie,eredivisie_belgio,classic,2026-08-01T15:29:11+00:00,4.55,1.895
oscar-gluh,eredivisie,eredivisie_belgio,classic,2026-08-01T21:13:34+00:00,5.89,2.134
oscar-gluh,eredivisie,eredivisie_belgio,classic,2026-08-02T05:03:29+00:00,5.54,2.461
oscar-gluh,eredivisie,eredivisie_belgio,classic,2026-08-02T07:52:22+00:00,5.53,2.578
oscar-gluh,eredivisie,eredivisie_belgio,classic,2026-08-02T13:53:05+00:00,4.02,2.829
oscar-gluh,eredivisie,eredivisie_belgio,classic,2026-08-02T15:05:00+00:00,5.46,2.878
oscar-gluh,eredivisie,eredivisie_belgio,classic,2026-08-02T22:07:43+00:00,5.89,3.172
oscar-gluh,eredivisie,eredivisie_belgio,classic,2026-08-02T22:31:20+00:00,5.23,3.188
oscar-gluh,eredivisie,eredivisie_belgio,classic,2026-08-03T06:30:28+00:00,5.31,-3.479
oscar-gluh,eredivisie,eredivisie_belgio,classic,2026-08-03T07:44:04+00:00,5.29,-3.428
oscar-gluh,eredivisie,eredivisie_belgio,classic,2026-08-03T10:08:12+00:00,4.18,-3.328
oscar-gluh,eredivisie,eredivisie_belgio,classic,2026-08-03T13:33:51+00:00,5.59,-3.185
oscar-gluh,eredivisie,eredivisie_belgio,classic,2026-08-03T14:42:13+00:00,5.48,-3.137
oscar-gluh,eredivisie,eredivisie_belgio,classic,2026-07-27T18:33:16+00:00,4.95,-2.977
oscar-gluh,eredivisie,eredivisie_belgio,classic,2026-07-28T12:34:33+00:00,4.29,-2.226
oscar-gluh,eredivisie,eredivisie_belgio,classic,2026-07-28T13:21:48+00:00,7.82,-2.193
oscar-gluh,eredivisie,eredivisie_belgio,classic,2026-07-28T18:37:11+00:00,4.67,-1.974
oscar-gluh,eredivisie,eredivisie_belgio,classic,2026-07-28T19:02:55+00:00,5.03,-1.956
oscar-gluh,eredivisie,eredivisie_belgio,classic,2026-07-29T13:09:43+00:00,4.01,-1.202
oscar-gluh,eredivisie,eredivisie_belgio,classic,2026-07-29T20:21:07+00:00,4.45,-0.902
oscar-gluh,eredivisie,eredivisie_belgio,classic,2026-07-29T22:52:24+00:00,4.8,-0.797
oscar-gluh,eredivisie,eredivisie_belgio,classic,2026-07-30T07:29:05+00:00,2.65,-0.438
oscar-gluh,eredivisie,eredivisie_belgio,classic,2026-07-30T17:24:20+00:00,4.49,-0.025
oscar-gluh,eredivisie,eredivisie_belgio,classic,2026-07-30T17:49:44+00:00,4.49,-0.007
oscar-gluh,eredivisie,eredivisie_belgio,classic,2026-07-30T19:09:19+00:00,4.48,0.048
oscar-gluh,eredivisie,eredivisie_belgio,classic,2026-07-30T19:12:52+00:00,4.65,0.051
oscar-gluh,eredivisie,eredivisie_belgio,classic,2026-07-30T19:15:53+00:00,4.98,0.053
oscar-gluh,eredivisie,eredivisie_belgio,classic,2026-07-30T19:16:33+00:00,4.48,0.053
oscar-gluh,eredivisie,eredivisie_belgio,classic,2026-07-30T19:16:47+00:00,5.15,0.053
oscar-gluh,eredivisie,eredivisie_belgio,classic,2026-07-30T19:21:18+00:00,4.65,0.056
oscar-gluh,eredivisie,eredivisie_belgio,classic,2026-07-30T19:25:42+00:00,4.98,0.06
oscar-gluh,eredivisie,eredivisie_belgio,classic,2026-07-30T19:27:46+00:00,5.15,0.061
oscar-gluh,eredivisie,eredivisie_belgio,classic,2026-07-30T19:27:47+00:00,5.15,0.061
oscar-gluh,eredivisie,eredivisie_belgio,classic,2026-07-30T19:29:14+00:00,5.15,0.062
oscar-gluh,eredivisie,eredivisie_belgio,classic,2026-07-30T19:29:25+00:00,5.15,0.062
oscar-gluh,eredivisie,eredivisie_belgio,classic,2026-07-30T19:30:29+00:00,5.98,0.063
oscar-gluh,eredivisie,eredivisie_belgio,classic,2026-07-30T19:37:40+00:00,6.47,0.068
oscar-gluh,eredivisie,eredivisie_belgio,classic,2026-07-30T20:33:39+00:00,6.67,0.107
oscar-gluh,eredivisie,eredivisie_belgio,classic,2026-07-27T17:06:19+00:00,4.43,-3.037
gonzalo-alejandro-crettaz,eredivisie,eredivisie_belgio,classic,2026-07-31T13:58:01+00:00,6.55,-4.168
gonzalo-alejandro-crettaz,eredivisie,eredivisie_belgio,classic,2026-07-31T16:32:20+00:00,6.95,-4.061
gonzalo-alejandro-crettaz,eredivisie,eredivisie_belgio,classic,2026-07-31T22:10:31+00:00,6.93,-3.826
gonzalo-alejandro-crettaz,eredivisie,eredivisie_belgio,classic,2026-08-01T02:26:44+00:00,6.63,-3.648
gonzalo-alejandro-crettaz,eredivisie,eredivisie_belgio,classic,2026-08-01T10:38:11+00:00,7.12,-3.307
gonzalo-alejandro-crettaz,eredivisie,eredivisie_belgio,classic,2026-08-01T13:35:43+00:00,6.96,-3.184
gonzalo-alejandro-crettaz,eredivisie,eredivisie_belgio,classic,2026-08-01T14:20:21+00:00,6.96,-3.153
gonzalo-alejandro-crettaz,eredivisie,eredivisie_belgio,classic,2026-08-01T17:04:47+00:00,6.96,-3.038
gonzalo-alejandro-crettaz,eredivisie,eredivisie_belgio,classic,2026-08-01T17:05:45+00:00,6.96,-3.038
gonzalo-alejandro-crettaz,eredivisie,eredivisie_belgio,classic,2026-08-01T17:21:39+00:00,7.12,-3.027
gonzalo-alejandro-crettaz,eredivisie,eredivisie_belgio,classic,2026-08-01T20:07:33+00:00,7.01,-2.911
gonzalo-alejandro-crettaz,eredivisie,eredivisie_belgio,classic,2026-08-02T02:47:23+00:00,7.08,-2.634
gonzalo-alejandro-crettaz,eredivisie,eredivisie_belgio,classic,2026-08-02T06:51:54+00:00,6.99,-2.464
gonzalo-alejandro-crettaz,eredivisie,eredivisie_belgio,classic,2026-08-02T09:28:22+00:00,6.96,-2.355
gonzalo-alejandro-crettaz,eredivisie,eredivisie_belgio,classic,2026-08-02T15:30:51+00:00,7.07,-2.104
gonzalo-alejandro-crettaz,eredivisie,eredivisie_belgio,classic,2026-08-02T15:31:04+00:00,8.04,-2.103
gonzalo-alejandro-crettaz,eredivisie,eredivisie_belgio,classic,2026-08-02T16:06:41+00:00,5.31,-2.079
gonzalo-alejandro-crettaz,eredivisie,eredivisie_belgio,classic,2026-08-02T16:36:14+00:00,7.08,-2.058
gonzalo-alejandro-crettaz,eredivisie,eredivisie_belgio,classic,2026-08-02T18:04:01+00:00,6.96,-1.997
gonzalo-alejandro-crettaz,eredivisie,eredivisie_belgio,classic,2026-08-02T22:05:54+00:00,7.03,-1.829
gonzalo-alejandro-crettaz,eredivisie,eredivisie_belgio,classic,2026-08-03T04:48:44+00:00,7.08,-1.549
gonzalo-alejandro-crettaz,eredivisie,eredivisie_belgio,classic,2026-08-03T07:14:42+00:00,7.05,-1.448
gonzalo-alejandro-crettaz,eredivisie,eredivisie_belgio,classic,2026-08-03T07:24:57+00:00,8.01,-1.441
gonzalo-alejandro-crettaz,eredivisie,eredivisie_belgio,classic,2026-08-03T12:44:34+00:00,7.49,-1.219
gonzalo-alejandro-crettaz,eredivisie,eredivisie_belgio,classic,2026-08-03T14:32:14+00:00,7.9,-1.144
gonzalo-alejandro-crettaz,eredivisie,eredivisie_belgio,classic,2026-07-28T12:58:18+00:00,4.62,-7.21
gonzalo-alejandro-crettaz,eredivisie,eredivisie_belgio,classic,2026-07-28T14:32:46+00:00,3.29,-7.144
gonzalo-alejandro-crettaz,eredivisie,eredivisie_belgio,classic,2026-07-28T18:27:31+00:00,4.5,-6.981
gonzalo-alejandro-crettaz,eredivisie,eredivisie_belgio,classic,2026-07-28T18:37:38+00:00,7.0,-6.974
gonzalo-alejandro-crettaz,eredivisie,eredivisie_belgio,classic,2026-07-29T06:40:02+00:00,4.36,-6.472
gonzalo-alejandro-crettaz,eredivisie,eredivisie_belgio,classic,2026-07-29T07:47:46+00:00,4.88,-6.425
gonzalo-alejandro-crettaz,eredivisie,eredivisie_belgio,classic,2026-07-29T12:35:00+00:00,5.04,-6.226
gonzalo-alejandro-crettaz,eredivisie,eredivisie_belgio,classic,2026-07-29T13:52:26+00:00,5.18,-6.172
gonzalo-alejandro-crettaz,eredivisie,eredivisie_belgio,classic,2026-07-29T16:18:13+00:00,5.98,-6.071
gonzalo-alejandro-crettaz,eredivisie,eredivisie_belgio,classic,2026-07-29T21:07:39+00:00,5.09,-5.87
gonzalo-alejandro-crettaz,eredivisie,eredivisie_belgio,classic,2026-07-29T21:08:26+00:00,5.91,-5.869
gonzalo-alejandro-crettaz,eredivisie,eredivisie_belgio,classic,2026-07-30T07:11:57+00:00,5.14,-5.45
gonzalo-alejandro-crettaz,eredivisie,eredivisie_belgio,classic,2026-07-30T07:22:16+00:00,5.31,-5.443
gonzalo-alejandro-crettaz,eredivisie,eredivisie_belgio,classic,2026-07-30T11:08:40+00:00,5.01,-5.286
gonzalo-alejandro-crettaz,eredivisie,eredivisie_belgio,classic,2026-07-30T13:58:24+00:00,5.36,-5.168
gonzalo-alejandro-crettaz,eredivisie,eredivisie_belgio,classic,2026-07-30T14:56:49+00:00,5.35,-5.127
gonzalo-alejandro-crettaz,eredivisie,eredivisie_belgio,classic,2026-07-30T16:19:48+00:00,5.32,-5.07
gonzalo-alejandro-crettaz,eredivisie,eredivisie_belgio,classic,2026-07-30T17:38:11+00:00,4.49,-5.015
gonzalo-alejandro-crettaz,eredivisie,eredivisie_belgio,classic,2026-07-30T18:48:45+00:00,3.66,-4.966
gonzalo-alejandro-crettaz,eredivisie,eredivisie_belgio,classic,2026-07-30T18:55:24+00:00,5.66,-4.962
gonzalo-alejandro-crettaz,eredivisie,eredivisie_belgio,classic,2026-07-30T19:28:31+00:00,3.98,-4.939
gonzalo-alejandro-crettaz,eredivisie,eredivisie_belgio,classic,2026-07-31T03:29:35+00:00,5.12,-4.604
gonzalo-alejandro-crettaz,eredivisie,eredivisie_belgio,classic,2026-07-31T07:46:07+00:00,5.12,-4.426
gonzalo-alejandro-crettaz,eredivisie,eredivisie_belgio,classic,2026-07-31T08:25:49+00:00,6.56,-4.399
gonzalo-alejandro-crettaz,eredivisie,eredivisie_belgio,classic,2026-07-28T01:40:08+00:00,3.63,-7.68
gonzalo-alejandro-crettaz,eredivisie,eredivisie_belgio,classic,2026-07-28T11:18:31+00:00,6.61,-7.279
bernt-klaverboer,eredivisie,eredivisie_belgio,classic,2026-07-29T23:25:02+00:00,6.14,-10.639
bernt-klaverboer,eredivisie,eredivisie_belgio,classic,2026-07-30T01:59:51+00:00,4.63,-10.531
bernt-klaverboer,eredivisie,eredivisie_belgio,classic,2026-07-30T08:18:56+00:00,6.48,-10.268
bernt-klaverboer,eredivisie,eredivisie_belgio,classic,2026-07-30T08:29:08+00:00,5.32,-10.261
bernt-klaverboer,eredivisie,eredivisie_belgio,classic,2026-07-30T18:26:32+00:00,6.16,-9.846
bernt-klaverboer,eredivisie,eredivisie_belgio,classic,2026-07-31T02:26:42+00:00,5.8,-9.513
bernt-klaverboer,eredivisie,eredivisie_belgio,classic,2026-07-31T07:15:39+00:00,5.12,-9.312
bernt-klaverboer,eredivisie,eredivisie_belgio,classic,2026-07-31T13:13:48+00:00,6.06,-9.063
bernt-klaverboer,eredivisie,eredivisie_belgio,classic,2026-08-01T12:49:09+00:00,6.63,-8.08
bernt-klaverboer,eredivisie,eredivisie_belgio,classic,2026-08-02T11:03:25+00:00,5.99,-7.154
bernt-klaverboer,eredivisie,eredivisie_belgio,classic,2026-08-02T11:20:50+00:00,6.8,-7.142
bernt-klaverboer,eredivisie,eredivisie_belgio,classic,2026-08-02T13:57:35+00:00,6.11,-7.033
bernt-klaverboer,eredivisie,eredivisie_belgio,classic,2026-08-02T16:56:53+00:00,4.03,-6.908
bernt-klaverboer,eredivisie,eredivisie_belgio,classic,2026-08-02T21:46:14+00:00,6.52,-6.707
bernt-klaverboer,eredivisie,eredivisie_belgio,classic,2026-08-02T23:36:45+00:00,6.35,-6.631
bernt-klaverboer,eredivisie,eredivisie_belgio,classic,2026-08-03T07:26:28+00:00,5.13,-6.305
bernt-klaverboer,eredivisie,eredivisie_belgio,classic,2026-08-03T12:03:32+00:00,6.05,-6.112
bernt-klaverboer,eredivisie,eredivisie_belgio,classic,2026-07-27T16:28:50+00:00,6.09,-12.928
bernt-klaverboer,eredivisie,eredivisie_belgio,classic,2026-07-27T16:29:05+00:00,6.09,-12.928
bernt-klaverboer,eredivisie,eredivisie_belgio,classic,2026-07-27T20:22:30+00:00,5.65,-12.766
bernt-klaverboer,eredivisie,eredivisie_belgio,classic,2026-07-28T06:18:47+00:00,6.13,-12.352
bernt-klaverboer,eredivisie,eredivisie_belgio,classic,2026-07-28T15:48:29+00:00,5.97,-11.956
bernt-klaverboer,eredivisie,eredivisie_belgio,classic,2026-07-28T18:39:16+00:00,6.17,-11.837
bernt-klaverboer,eredivisie,eredivisie_belgio,classic,2026-07-29T06:22:34+00:00,5.87,-11.349
bernt-klaverboer,eredivisie,eredivisie_belgio,classic,2026-07-29T06:55:59+00:00,5.87,-11.326
bernt-klaverboer,eredivisie,eredivisie_belgio,classic,2026-07-29T10:23:01+00:00,5.73,-11.182
bernt-klaverboer,eredivisie,eredivisie_belgio,classic,2026-07-29T13:01:46+00:00,6.02,-11.072
bernt-klaverboer,eredivisie,eredivisie_belgio,classic,2026-07-29T17:25:19+00:00,6.15,-10.889
carlos-roberto-forbs-borges,jupiler-pro-league,eredivisie_belgio,classic,2026-07-31T11:19:26+00:00,6.56,-7.309
carlos-roberto-forbs-borges,jupiler-pro-league,eredivisie_belgio,classic,2026-07-31T15:34:18+00:00,6.46,-7.132
carlos-roberto-forbs-borges,jupiler-pro-league,eredivisie_belgio,classic,2026-07-31T17:14:56+00:00,6.96,-7.063
carlos-roberto-forbs-borges,jupiler-pro-league,eredivisie_belgio,classic,2026-07-31T18:18:26+00:00,7.15,-7.018
carlos-roberto-forbs-borges,jupiler-pro-league,eredivisie_belgio,classic,2026-07-31T18:40:02+00:00,7.15,-7.003
carlos-roberto-forbs-borges,jupiler-pro-league,eredivisie_belgio,classic,2026-07-31T19:14:42+00:00,5.03,-6.979
carlos-roberto-forbs-borges,jupiler-pro-league,eredivisie_belgio,classic,2026-07-31T19:58:21+00:00,6.49,-6.949
carlos-roberto-forbs-borges,jupiler-pro-league,eredivisie_belgio,classic,2026-07-31T21:38:20+00:00,5.33,-6.88
carlos-roberto-forbs-borges,jupiler-pro-league,eredivisie_belgio,classic,2026-08-01T01:30:22+00:00,7.11,-6.718
carlos-roberto-forbs-borges,jupiler-pro-league,eredivisie_belgio,classic,2026-08-01T04:06:59+00:00,7.13,-6.61
carlos-roberto-forbs-borges,jupiler-pro-league,eredivisie_belgio,classic,2026-08-01T09:56:49+00:00,5.51,-6.367
carlos-roberto-forbs-borges,jupiler-pro-league,eredivisie_belgio,classic,2026-08-01T10:31:34+00:00,7.28,-6.343
carlos-roberto-forbs-borges,jupiler-pro-league,eredivisie_belgio,classic,2026-08-01T14:11:07+00:00,5.34,-6.19
carlos-roberto-forbs-borges,jupiler-pro-league,eredivisie_belgio,classic,2026-08-01T20:39:18+00:00,7.01,-5.921
carlos-roberto-forbs-borges,jupiler-pro-league,eredivisie_belgio,classic,2026-08-02T08:59:29+00:00,7.15,-5.407
carlos-roberto-forbs-borges,jupiler-pro-league,eredivisie_belgio,classic,2026-08-02T10:29:22+00:00,8.59,-5.344
carlos-roberto-forbs-borges,jupiler-pro-league,eredivisie_belgio,classic,2026-08-02T13:17:44+00:00,7.56,-5.227
carlos-roberto-forbs-borges,jupiler-pro-league,eredivisie_belgio,classic,2026-08-02T13:46:58+00:00,7.08,-5.207
carlos-roberto-forbs-borges,jupiler-pro-league,eredivisie_belgio,classic,2026-08-02T13:55:16+00:00,5.15,-5.201
carlos-roberto-forbs-borges,jupiler-pro-league,eredivisie_belgio,classic,2026-08-02T15:36:38+00:00,6.91,-5.131
carlos-roberto-forbs-borges,jupiler-pro-league,eredivisie_belgio,classic,2026-08-02T18:32:23+00:00,7.12,-5.009
carlos-roberto-forbs-borges,jupiler-pro-league,eredivisie_belgio,classic,2026-08-02T20:24:00+00:00,12.05,-4.931
carlos-roberto-forbs-borges,jupiler-pro-league,eredivisie_belgio,classic,2026-08-02T22:03:26+00:00,7.03,-4.862
carlos-roberto-forbs-borges,jupiler-pro-league,eredivisie_belgio,classic,2026-08-03T08:52:33+00:00,7.51,-4.411
carlos-roberto-forbs-borges,jupiler-pro-league,eredivisie_belgio,classic,2026-08-03T10:44:24+00:00,7.07,-4.334
carlos-roberto-forbs-borges,jupiler-pro-league,eredivisie_belgio,classic,2026-07-27T20:27:44+00:00,5.14,-10.929
carlos-roberto-forbs-borges,jupiler-pro-league,eredivisie_belgio,classic,2026-07-28T13:05:20+00:00,5.32,-10.236
carlos-roberto-forbs-borges,jupiler-pro-league,eredivisie_belgio,classic,2026-07-28T15:43:32+00:00,5.47,-10.126
carlos-roberto-forbs-borges,jupiler-pro-league,eredivisie_belgio,classic,2026-07-28T15:46:26+00:00,5.63,-10.124
carlos-roberto-forbs-borges,jupiler-pro-league,eredivisie_belgio,classic,2026-07-28T20:31:06+00:00,5.9,-9.926
carlos-roberto-forbs-borges,jupiler-pro-league,eredivisie_belgio,classic,2026-07-28T21:22:54+00:00,6.56,-9.89
carlos-roberto-forbs-borges,jupiler-pro-league,eredivisie_belgio,classic,2026-07-29T07:02:48+00:00,7.58,-9.488
carlos-roberto-forbs-borges,jupiler-pro-league,eredivisie_belgio,classic,2026-07-29T10:12:48+00:00,5.06,-9.356
carlos-roberto-forbs-borges,jupiler-pro-league,eredivisie_belgio,classic,2026-07-29T11:06:28+00:00,5.03,-9.318
carlos-roberto-forbs-borges,jupiler-pro-league,eredivisie_belgio,classic,2026-07-29T12:03:04+00:00,4.54,-9.279
carlos-roberto-forbs-borges,jupiler-pro-league,eredivisie_belgio,classic,2026-07-29T21:04:19+00:00,4.92,-8.903
carlos-roberto-forbs-borges,jupiler-pro-league,eredivisie_belgio,classic,2026-07-30T06:03:46+00:00,5.15,-8.529
carlos-roberto-forbs-borges,jupiler-pro-league,eredivisie_belgio,classic,2026-07-30T07:22:30+00:00,5.14,-8.474
carlos-roberto-forbs-borges,jupiler-pro-league,eredivisie_belgio,classic,2026-07-30T07:30:21+00:00,4.81,-8.469
carlos-roberto-forbs-borges,jupiler-pro-league,eredivisie_belgio,classic,2026-07-30T10:17:23+00:00,5.51,-8.353
carlos-roberto-forbs-borges,jupiler-pro-league,eredivisie_belgio,classic,2026-07-30T15:16:38+00:00,5.5,-8.145
carlos-roberto-forbs-borges,jupiler-pro-league,eredivisie_belgio,classic,2026-07-30T23:08:11+00:00,5.51,-7.817
carlos-roberto-forbs-borges,jupiler-pro-league,eredivisie_belgio,classic,2026-07-31T03:00:09+00:00,5.95,-7.656
carlos-roberto-forbs-borges,jupiler-pro-league,eredivisie_belgio,classic,2026-07-31T09:25:50+00:00,6.06,-7.388
carlos-roberto-forbs-borges,jupiler-pro-league,eredivisie_belgio,classic,2026-07-31T11:08:02+00:00,6.07,-7.317
nicolo-tresoldi,jupiler-pro-league,eredivisie_belgio,classic,2026-07-31T10:43:01+00:00,7.69,-7.335
nicolo-tresoldi,jupiler-pro-league,eredivisie_belgio,classic,2026-07-31T10:57:43+00:00,6.22,-7.325
nicolo-tresoldi,jupiler-pro-league,eredivisie_belgio,classic,2026-07-31T11:19:49+00:00,6.72,-7.309
nicolo-tresoldi,jupiler-pro-league,eredivisie_belgio,classic,2026-07-31T13:24:18+00:00,6.55,-7.223
nicolo-tresoldi,jupiler-pro-league,eredivisie_belgio,classic,2026-07-31T14:28:03+00:00,6.5,-7.178
nicolo-tresoldi,jupiler-pro-league,eredivisie_belgio,classic,2026-07-31T14:33:20+00:00,5.85,-7.175
nicolo-tresoldi,jupiler-pro-league,eredivisie_belgio,classic,2026-07-31T17:15:37+00:00,9.06,-7.062
nicolo-tresoldi,jupiler-pro-league,eredivisie_belgio,classic,2026-07-31T20:07:24+00:00,8.25,-6.943
nicolo-tresoldi,jupiler-pro-league,eredivisie_belgio,classic,2026-08-01T07:23:30+00:00,7.13,-6.473
nicolo-tresoldi,jupiler-pro-league,eredivisie_belgio,classic,2026-08-01T12:30:34+00:00,5.66,-6.26
nicolo-tresoldi,jupiler-pro-league,eredivisie_belgio,classic,2026-08-01T15:17:10+00:00,7.3,-6.144
nicolo-tresoldi,jupiler-pro-league,eredivisie_belgio,classic,2026-08-01T17:25:45+00:00,7.12,-6.055
nicolo-tresoldi,jupiler-pro-league,eredivisie_belgio,classic,2026-08-01T20:40:48+00:00,7.48,-5.92
nicolo-tresoldi,jupiler-pro-league,eredivisie_belgio,classic,2026-08-02T10:59:29+00:00,7.78,-5.323
nicolo-tresoldi,jupiler-pro-league,eredivisie_belgio,classic,2026-08-02T11:14:16+00:00,10.04,-5.313
nicolo-tresoldi,jupiler-pro-league,eredivisie_belgio,classic,2026-08-02T11:53:20+00:00,8.26,-5.286
nicolo-tresoldi,jupiler-pro-league,eredivisie_belgio,classic,2026-08-02T12:32:33+00:00,8.98,-5.259
nicolo-tresoldi,jupiler-pro-league,eredivisie_belgio,classic,2026-08-02T12:55:59+00:00,9.95,-5.242
nicolo-tresoldi,jupiler-pro-league,eredivisie_belgio,classic,2026-08-02T15:09:12+00:00,8.04,-5.15
nicolo-tresoldi,jupiler-pro-league,eredivisie_belgio,classic,2026-08-02T16:35:34+00:00,5.64,-5.09
nicolo-tresoldi,jupiler-pro-league,eredivisie_belgio,classic,2026-08-02T17:33:40+00:00,9.04,-5.05
nicolo-tresoldi,jupiler-pro-league,eredivisie_belgio,classic,2026-08-02T18:32:13+00:00,8.42,-5.009
nicolo-tresoldi,jupiler-pro-league,eredivisie_belgio,classic,2026-08-03T08:52:19+00:00,7.99,-4.412
nicolo-tresoldi,jupiler-pro-league,eredivisie_belgio,classic,2026-08-03T11:04:19+00:00,8.64,-4.32
nicolo-tresoldi,jupiler-pro-league,eredivisie_belgio,classic,2026-08-03T13:07:05+00:00,8.47,-4.235
nicolo-tresoldi,jupiler-pro-league,eredivisie_belgio,classic,2026-08-03T14:30:59+00:00,8.38,-4.176
nicolo-tresoldi,jupiler-pro-league,eredivisie_belgio,classic,2026-07-27T20:54:04+00:00,5.99,-10.91
nicolo-tresoldi,jupiler-pro-league,eredivisie_belgio,classic,2026-07-28T08:31:59+00:00,5.8,-10.426
nicolo-tresoldi,jupiler-pro-league,eredivisie_belgio,classic,2026-07-28T10:52:08+00:00,6.27,-10.328
nicolo-tresoldi,jupiler-pro-league,eredivisie_belgio,classic,2026-07-28T11:12:39+00:00,6.11,-10.314
nicolo-tresoldi,jupiler-pro-league,eredivisie_belgio,classic,2026-07-28T13:45:24+00:00,5.99,-10.208
nicolo-tresoldi,jupiler-pro-league,eredivisie_belgio,classic,2026-07-28T13:49:02+00:00,6.15,-10.206
nicolo-tresoldi,jupiler-pro-league,eredivisie_belgio,classic,2026-07-28T20:34:51+00:00,6.07,-9.924
nicolo-tresoldi,jupiler-pro-league,eredivisie_belgio,classic,2026-07-28T21:20:28+00:00,6.23,-9.892
nicolo-tresoldi,jupiler-pro-league,eredivisie_belgio,classic,2026-07-29T07:03:48+00:00,6.23,-9.487
nicolo-tresoldi,jupiler-pro-league,eredivisie_belgio,classic,2026-07-29T08:52:49+00:00,4.72,-9.411
nicolo-tresoldi,jupiler-pro-league,eredivisie_belgio,classic,2026-07-29T09:03:57+00:00,7.05,-9.404
nicolo-tresoldi,jupiler-pro-league,eredivisie_belgio,classic,2026-07-29T13:01:42+00:00,4.85,-9.238
nicolo-tresoldi,jupiler-pro-league,eredivisie_belgio,classic,2026-07-29T19:41:51+00:00,7.03,-8.961
nicolo-tresoldi,jupiler-pro-league,eredivisie_belgio,classic,2026-07-30T03:34:37+00:00,6.0,-8.632
nicolo-tresoldi,jupiler-pro-league,eredivisie_belgio,classic,2026-07-30T05:20:45+00:00,5.81,-8.559
nicolo-tresoldi,jupiler-pro-league,eredivisie_belgio,classic,2026-07-30T06:02:58+00:00,6.15,-8.529
nicolo-tresoldi,jupiler-pro-league,eredivisie_belgio,classic,2026-07-30T06:25:50+00:00,5.15,-8.513
nicolo-tresoldi,jupiler-pro-league,eredivisie_belgio,classic,2026-07-30T07:16:05+00:00,6.14,-8.478
nicolo-tresoldi,jupiler-pro-league,eredivisie_belgio,classic,2026-07-30T10:07:41+00:00,6.35,-8.359
nicolo-tresoldi,jupiler-pro-league,eredivisie_belgio,classic,2026-07-30T12:27:19+00:00,6.36,-8.262
nicolo-tresoldi,jupiler-pro-league,eredivisie_belgio,classic,2026-07-30T12:38:35+00:00,6.69,-8.254
nicolo-tresoldi,jupiler-pro-league,eredivisie_belgio,classic,2026-07-30T22:40:35+00:00,6.15,-7.836
nicolo-tresoldi,jupiler-pro-league,eredivisie_belgio,classic,2026-07-31T10:38:00+00:00,7.03,-7.338
gjivai-zechiel,eredivisie,eredivisie_belgio,classic,2026-07-31T16:48:57+00:00,5.49,-8.726
gjivai-zechiel,eredivisie,eredivisie_belgio,classic,2026-07-31T18:03:29+00:00,6.01,-8.675
gjivai-zechiel,eredivisie,eredivisie_belgio,classic,2026-07-31T23:59:18+00:00,6.13,-8.428
gjivai-zechiel,eredivisie,eredivisie_belgio,classic,2026-08-01T08:30:12+00:00,5.67,-8.073
gjivai-zechiel,eredivisie,eredivisie_belgio,classic,2026-08-01T11:32:09+00:00,5.98,-7.946
gjivai-zechiel,eredivisie,eredivisie_belgio,classic,2026-08-01T11:35:59+00:00,8.09,-7.944
gjivai-zechiel,eredivisie,eredivisie_belgio,classic,2026-08-01T13:55:03+00:00,5.83,-7.847
gjivai-zechiel,eredivisie,eredivisie_belgio,classic,2026-08-01T14:55:01+00:00,5.67,-7.806
gjivai-zechiel,eredivisie,eredivisie_belgio,classic,2026-08-01T15:33:21+00:00,5.52,-7.779
gjivai-zechiel,eredivisie,eredivisie_belgio,classic,2026-08-01T21:57:44+00:00,5.73,-7.512
gjivai-zechiel,eredivisie,eredivisie_belgio,classic,2026-08-02T05:04:31+00:00,6.03,-7.216
gjivai-zechiel,eredivisie,eredivisie_belgio,classic,2026-08-02T09:48:02+00:00,5.99,-7.019
gjivai-zechiel,eredivisie,eredivisie_belgio,classic,2026-08-02T09:50:40+00:00,6.8,-7.017
gjivai-zechiel,eredivisie,eredivisie_belgio,classic,2026-08-02T12:21:53+00:00,4.97,-6.912
gjivai-zechiel,eredivisie,eredivisie_belgio,classic,2026-08-02T13:55:34+00:00,6.11,-6.847
gjivai-zechiel,eredivisie,eredivisie_belgio,classic,2026-08-02T13:56:05+00:00,6.11,-6.846
gjivai-zechiel,eredivisie,eredivisie_belgio,classic,2026-08-02T13:56:17+00:00,6.11,-6.846
gjivai-zechiel,eredivisie,eredivisie_belgio,classic,2026-08-02T16:35:46+00:00,4.03,-6.736
gjivai-zechiel,eredivisie,eredivisie_belgio,classic,2026-08-02T17:34:46+00:00,8.56,-6.695
gjivai-zechiel,eredivisie,eredivisie_belgio,classic,2026-08-02T19:18:40+00:00,10.07,-6.622
gjivai-zechiel,eredivisie,eredivisie_belgio,classic,2026-08-02T22:04:58+00:00,6.54,-6.507
gjivai-zechiel,eredivisie,eredivisie_belgio,classic,2026-08-03T09:30:49+00:00,5.58,-6.031
gjivai-zechiel,eredivisie,eredivisie_belgio,classic,2026-08-03T14:27:22+00:00,6.12,-5.825
gjivai-zechiel,eredivisie,eredivisie_belgio,classic,2026-07-27T19:59:48+00:00,5.79,-12.594
gjivai-zechiel,eredivisie,eredivisie_belgio,classic,2026-07-27T22:00:08+00:00,5.97,-12.51
gjivai-zechiel,eredivisie,eredivisie_belgio,classic,2026-07-27T23:02:33+00:00,6.0,-12.467
gjivai-zechiel,eredivisie,eredivisie_belgio,classic,2026-07-28T15:58:20+00:00,5.63,-11.762
gjivai-zechiel,eredivisie,eredivisie_belgio,classic,2026-07-28T16:32:54+00:00,5.72,-11.738
gjivai-zechiel,eredivisie,eredivisie_belgio,classic,2026-07-28T16:46:02+00:00,4.71,-11.728
gjivai-zechiel,eredivisie,eredivisie_belgio,classic,2026-07-28T20:58:25+00:00,5.06,-11.553
gjivai-zechiel,eredivisie,eredivisie_belgio,classic,2026-07-28T21:04:35+00:00,5.55,-11.549
gjivai-zechiel,eredivisie,eredivisie_belgio,classic,2026-07-28T21:06:30+00:00,5.72,-11.548
gjivai-zechiel,eredivisie,eredivisie_belgio,classic,2026-07-28T23:44:59+00:00,5.7,-11.438
gjivai-zechiel,eredivisie,eredivisie_belgio,classic,2026-07-29T07:17:55+00:00,5.89,-11.123
gjivai-zechiel,eredivisie,eredivisie_belgio,classic,2026-07-29T08:04:32+00:00,5.9,-11.091
gjivai-zechiel,eredivisie,eredivisie_belgio,classic,2026-07-29T12:58:13+00:00,5.55,-10.887
gjivai-zechiel,eredivisie,eredivisie_belgio,classic,2026-07-29T13:32:37+00:00,6.19,-10.863
gjivai-zechiel,eredivisie,eredivisie_belgio,classic,2026-07-30T11:06:13+00:00,7.01,-9.964
gjivai-zechiel,eredivisie,eredivisie_belgio,classic,2026-07-30T18:09:26+00:00,4.49,-9.671
gjivai-zechiel,eredivisie,eredivisie_belgio,classic,2026-07-30T20:55:55+00:00,6.0,-9.555
gjivai-zechiel,eredivisie,eredivisie_belgio,classic,2026-07-30T21:44:31+00:00,5.83,-9.521
gjivai-zechiel,eredivisie,eredivisie_belgio,classic,2026-07-30T21:48:00+00:00,5.99,-9.519
yarek-gasiorowski-hernandis,eredivisie,eredivisie_belgio,classic,2026-07-30T10:21:54+00:00,4.01,-9.318
yarek-gasiorowski-hernandis,eredivisie,eredivisie_belgio,classic,2026-07-30T12:59:31+00:00,4.02,-9.209
yarek-gasiorowski-hernandis,eredivisie,eredivisie_belgio,classic,2026-07-31T08:37:47+00:00,4.1,-8.39
yarek-gasiorowski-hernandis,eredivisie,eredivisie_belgio,classic,2026-07-31T15:23:08+00:00,3.71,-8.109
yarek-gasiorowski-hernandis,eredivisie,eredivisie_belgio,classic,2026-08-01T10:21:34+00:00,3.4,-7.318
yarek-gasiorowski-hernandis,eredivisie,eredivisie_belgio,classic,2026-08-01T15:41:56+00:00,3.57,-7.096
yarek-gasiorowski-hernandis,eredivisie,eredivisie_belgio,classic,2026-08-02T13:04:25+00:00,3.54,-6.205
yarek-gasiorowski-hernandis,eredivisie,eredivisie_belgio,classic,2026-08-02T14:47:55+00:00,4.02,-6.133
yarek-gasiorowski-hernandis,eredivisie,eredivisie_belgio,classic,2026-08-02T16:36:43+00:00,2.25,-6.058
yarek-gasiorowski-hernandis,eredivisie,eredivisie_belgio,classic,2026-08-02T17:30:03+00:00,5.0,-6.021
yarek-gasiorowski-hernandis,eredivisie,eredivisie_belgio,classic,2026-08-02T20:28:38+00:00,3.09,-5.897
yarek-gasiorowski-hernandis,eredivisie,eredivisie_belgio,classic,2026-08-02T22:53:51+00:00,3.43,-5.796
yarek-gasiorowski-hernandis,eredivisie,eredivisie_belgio,classic,2026-08-03T10:47:21+00:00,3.05,-5.3
yarek-gasiorowski-hernandis,eredivisie,eredivisie_belgio,classic,2026-08-03T10:48:40+00:00,3.05,-5.3
yarek-gasiorowski-hernandis,eredivisie,eredivisie_belgio,classic,2026-07-27T21:41:08+00:00,4.11,-11.846
yarek-gasiorowski-hernandis,eredivisie,eredivisie_belgio,classic,2026-07-28T00:16:06+00:00,4.49,-11.739
yarek-gasiorowski-hernandis,eredivisie,eredivisie_belgio,classic,2026-07-29T12:22:28+00:00,4.2,-10.234
yarek-gasiorowski-hernandis,eredivisie,eredivisie_belgio,classic,2026-07-29T18:03:06+00:00,4.2,-9.998
brandon-mechele,jupiler-pro-league,eredivisie_belgio,classic,2026-07-31T15:33:25+00:00,2.58,-7.133
brandon-mechele,jupiler-pro-league,eredivisie_belgio,classic,2026-07-31T18:19:18+00:00,2.44,-7.018
brandon-mechele,jupiler-pro-league,eredivisie_belgio,classic,2026-07-31T21:13:22+00:00,3.55,-6.897
brandon-mechele,jupiler-pro-league,eredivisie_belgio,classic,2026-07-31T21:44:06+00:00,1.45,-6.876
brandon-mechele,jupiler-pro-league,eredivisie_belgio,classic,2026-08-01T10:31:38+00:00,2.43,-6.343
brandon-mechele,jupiler-pro-league,eredivisie_belgio,classic,2026-08-01T10:31:49+00:00,2.43,-6.342
brandon-mechele,jupiler-pro-league,eredivisie_belgio,classic,2026-08-01T14:06:55+00:00,2.59,-6.193
brandon-mechele,jupiler-pro-league,eredivisie_belgio,classic,2026-08-01T19:05:07+00:00,1.91,-5.986
brandon-mechele,jupiler-pro-league,eredivisie_belgio,classic,2026-08-01T20:31:04+00:00,2.23,-5.926
brandon-mechele,jupiler-pro-league,eredivisie_belgio,classic,2026-08-01T22:50:56+00:00,1.6,-5.829
brandon-mechele,jupiler-pro-league,eredivisie_belgio,classic,2026-08-01T23:58:35+00:00,2.4,-5.782
brandon-mechele,jupiler-pro-league,eredivisie_belgio,classic,2026-08-02T02:45:46+00:00,2.09,-5.666
brandon-mechele,jupiler-pro-league,eredivisie_belgio,classic,2026-08-02T03:10:54+00:00,2.11,-5.649
brandon-mechele,jupiler-pro-league,eredivisie_belgio,classic,2026-08-02T13:30:21+00:00,1.13,-5.219
brandon-mechele,jupiler-pro-league,eredivisie_belgio,classic,2026-08-02T14:23:31+00:00,2.25,-5.182
brandon-mechele,jupiler-pro-league,eredivisie_belgio,classic,2026-08-02T17:07:07+00:00,2.1,-5.068
brandon-mechele,jupiler-pro-league,eredivisie_belgio,classic,2026-08-02T17:28:02+00:00,2.26,-5.053
brandon-mechele,jupiler-pro-league,eredivisie_belgio,classic,2026-08-02T18:32:31+00:00,2.91,-5.009
brandon-mechele,jupiler-pro-league,eredivisie_belgio,classic,2026-08-02T20:56:02+00:00,2.44,-4.909
brandon-mechele,jupiler-pro-league,eredivisie_belgio,classic,2026-08-03T00:01:32+00:00,2.77,-4.78
brandon-mechele,jupiler-pro-league,eredivisie_belgio,classic,2026-08-03T08:01:21+00:00,2.56,-4.447
brandon-mechele,jupiler-pro-league,eredivisie_belgio,classic,2026-08-03T09:49:00+00:00,2.55,-4.372
brandon-mechele,jupiler-pro-league,eredivisie_belgio,classic,2026-08-03T10:28:56+00:00,3.05,-4.344
brandon-mechele,jupiler-pro-league,eredivisie_belgio,classic,2026-08-03T13:54:12+00:00,3.04,-4.202
brandon-mechele,jupiler-pro-league,eredivisie_belgio,classic,2026-08-03T15:02:27+00:00,3.22,-4.155
brandon-mechele,jupiler-pro-league,eredivisie_belgio,classic,2026-08-03T15:02:35+00:00,3.38,-4.154
brandon-mechele,jupiler-pro-league,eredivisie_belgio,classic,2026-08-03T15:02:45+00:00,3.54,-4.154
brandon-mechele,jupiler-pro-league,eredivisie_belgio,classic,2026-07-27T17:28:47+00:00,2.56,-11.053
brandon-mechele,jupiler-pro-league,eredivisie_belgio,classic,2026-07-27T20:27:37+00:00,2.05,-10.929
brandon-mechele,jupiler-pro-league,eredivisie_belgio,classic,2026-07-28T09:08:12+00:00,2.65,-10.401
brandon-mechele,jupiler-pro-league,eredivisie_belgio,classic,2026-07-28T12:56:25+00:00,2.47,-10.242
brandon-mechele,jupiler-pro-league,eredivisie_belgio,classic,2026-07-28T12:56:34+00:00,2.64,-10.242
brandon-mechele,jupiler-pro-league,eredivisie_belgio,classic,2026-07-28T12:56:48+00:00,2.64,-10.242
brandon-mechele,jupiler-pro-league,eredivisie_belgio,classic,2026-07-28T14:36:37+00:00,2.14,-10.172
brandon-mechele,jupiler-pro-league,eredivisie_belgio,classic,2026-07-28T21:45:55+00:00,2.52,-9.874
brandon-mechele,jupiler-pro-league,eredivisie_belgio,classic,2026-07-28T21:59:40+00:00,2.52,-9.865
brandon-mechele,jupiler-pro-league,eredivisie_belgio,classic,2026-07-29T04:04:29+00:00,2.49,-9.611
brandon-mechele,jupiler-pro-league,eredivisie_belgio,classic,2026-07-29T06:13:21+00:00,2.51,-9.522
brandon-mechele,jupiler-pro-league,eredivisie_belgio,classic,2026-07-29T10:42:45+00:00,1.69,-9.335
brandon-mechele,jupiler-pro-league,eredivisie_belgio,classic,2026-07-29T10:51:25+00:00,2.53,-9.329
brandon-mechele,jupiler-pro-league,eredivisie_belgio,classic,2026-07-29T11:07:08+00:00,3.02,-9.318
brandon-mechele,jupiler-pro-league,eredivisie_belgio,classic,2026-07-29T11:15:34+00:00,2.85,-9.312
brandon-mechele,jupiler-pro-league,eredivisie_belgio,classic,2026-07-29T11:34:27+00:00,3.02,-9.299
brandon-mechele,jupiler-pro-league,eredivisie_belgio,classic,2026-07-29T14:13:35+00:00,2.01,-9.188
brandon-mechele,jupiler-pro-league,eredivisie_belgio,classic,2026-07-29T14:53:16+00:00,2.85,-9.161
brandon-mechele,jupiler-pro-league,eredivisie_belgio,classic,2026-07-29T20:21:42+00:00,2.64,-8.933
brandon-mechele,jupiler-pro-league,eredivisie_belgio,classic,2026-07-29T21:20:34+00:00,2.63,-8.892
brandon-mechele,jupiler-pro-league,eredivisie_belgio,classic,2026-07-29T21:20:45+00:00,2.63,-8.892
brandon-mechele,jupiler-pro-league,eredivisie_belgio,classic,2026-07-29T21:20:58+00:00,2.63,-8.892
brandon-mechele,jupiler-pro-league,eredivisie_belgio,classic,2026-07-30T01:42:35+00:00,1.98,-8.71
brandon-mechele,jupiler-pro-league,eredivisie_belgio,classic,2026-07-30T05:34:41+00:00,2.65,-8.549
brandon-mechele,jupiler-pro-league,eredivisie_belgio,classic,2026-07-30T07:16:12+00:00,2.82,-8.478
brandon-mechele,jupiler-pro-league,eredivisie_belgio,classic,2026-07-30T21:09:40+00:00,2.66,-7.9
brandon-mechele,jupiler-pro-league,eredivisie_belgio,classic,2026-07-30T22:59:56+00:00,2.99,-7.823
brandon-mechele,jupiler-pro-league,eredivisie_belgio,classic,2026-07-31T08:32:52+00:00,2.62,-7.425
vasileios-barkas,eredivisie,eredivisie_belgio,classic,2026-07-31T09:08:32+00:00,3.44,-9.14
vasileios-barkas,eredivisie,eredivisie_belgio,classic,2026-07-31T10:00:31+00:00,2.45,-9.104
vasileios-barkas,eredivisie,eredivisie_belgio,classic,2026-07-31T11:09:20+00:00,3.11,-9.056
vasileios-barkas,eredivisie,eredivisie_belgio,classic,2026-07-31T11:12:10+00:00,3.11,-9.054
vasileios-barkas,eredivisie,eredivisie_belgio,classic,2026-07-31T13:38:19+00:00,3.44,-8.953
vasileios-barkas,eredivisie,eredivisie_belgio,classic,2026-07-31T14:55:00+00:00,4.07,-8.899
vasileios-barkas,eredivisie,eredivisie_belgio,classic,2026-07-31T15:07:55+00:00,3.39,-8.89
vasileios-barkas,eredivisie,eredivisie_belgio,classic,2026-07-31T20:02:34+00:00,3.24,-8.686
vasileios-barkas,eredivisie,eredivisie_belgio,classic,2026-07-31T20:31:47+00:00,3.07,-8.665
vasileios-barkas,eredivisie,eredivisie_belgio,classic,2026-07-31T23:55:31+00:00,3.55,-8.524
vasileios-barkas,eredivisie,eredivisie_belgio,classic,2026-08-01T08:29:01+00:00,3.24,-8.167
vasileios-barkas,eredivisie,eredivisie_belgio,classic,2026-08-01T12:45:21+00:00,3.24,-7.989
vasileios-barkas,eredivisie,eredivisie_belgio,classic,2026-08-01T15:29:47+00:00,3.41,-7.875
vasileios-barkas,eredivisie,eredivisie_belgio,classic,2026-08-01T16:59:48+00:00,2.92,-7.813
vasileios-barkas,eredivisie,eredivisie_belgio,classic,2026-08-01T19:13:22+00:00,2.86,-7.72
vasileios-barkas,eredivisie,eredivisie_belgio,classic,2026-08-01T19:40:40+00:00,2.86,-7.701
vasileios-barkas,eredivisie,eredivisie_belgio,classic,2026-08-02T02:59:22+00:00,3.06,-7.396
vasileios-barkas,eredivisie,eredivisie_belgio,classic,2026-08-02T09:38:23+00:00,3.07,-7.119
vasileios-barkas,eredivisie,eredivisie_belgio,classic,2026-08-02T11:13:43+00:00,3.08,-7.053
vasileios-barkas,eredivisie,eredivisie_belgio,classic,2026-08-02T13:37:34+00:00,3.38,-6.953
vasileios-barkas,eredivisie,eredivisie_belgio,classic,2026-08-02T13:51:42+00:00,3.38,-6.943
vasileios-barkas,eredivisie,eredivisie_belgio,classic,2026-08-02T15:17:07+00:00,3.37,-6.884
vasileios-barkas,eredivisie,eredivisie_belgio,classic,2026-08-02T16:42:38+00:00,2.09,-6.825
vasileios-barkas,eredivisie,eredivisie_belgio,classic,2026-08-02T17:01:10+00:00,4.04,-6.812
vasileios-barkas,eredivisie,eredivisie_belgio,classic,2026-08-02T20:34:45+00:00,3.91,-6.663
vasileios-barkas,eredivisie,eredivisie_belgio,classic,2026-08-02T23:07:22+00:00,3.74,-6.557
vasileios-barkas,eredivisie,eredivisie_belgio,classic,2026-08-03T08:49:26+00:00,3.67,-6.153
vasileios-barkas,eredivisie,eredivisie_belgio,classic,2026-08-03T09:29:25+00:00,3.67,-6.125
vasileios-barkas,eredivisie,eredivisie_belgio,classic,2026-07-28T17:40:38+00:00,3.04,-11.784
vasileios-barkas,eredivisie,eredivisie_belgio,classic,2026-07-28T19:02:20+00:00,3.02,-11.728
vasileios-barkas,eredivisie,eredivisie_belgio,classic,2026-07-28T19:09:56+00:00,4.02,-11.722
vasileios-barkas,eredivisie,eredivisie_belgio,classic,2026-07-28T20:35:53+00:00,3.2,-11.663
vasileios-barkas,eredivisie,eredivisie_belgio,classic,2026-07-29T02:13:06+00:00,3.17,-11.428
vasileios-barkas,eredivisie,eredivisie_belgio,classic,2026-07-29T02:38:52+00:00,3.01,-11.411
vasileios-barkas,eredivisie,eredivisie_belgio,classic,2026-07-29T08:41:50+00:00,3.2,-11.158
vasileios-barkas,eredivisie,eredivisie_belgio,classic,2026-07-29T09:21:01+00:00,3.02,-11.131
vasileios-barkas,eredivisie,eredivisie_belgio,classic,2026-07-29T12:03:29+00:00,3.36,-11.018
vasileios-barkas,eredivisie,eredivisie_belgio,classic,2026-07-29T12:06:31+00:00,3.19,-11.016
vasileios-barkas,eredivisie,eredivisie_belgio,classic,2026-07-29T12:52:48+00:00,3.53,-10.984
vasileios-barkas,eredivisie,eredivisie_belgio,classic,2026-07-29T13:55:02+00:00,3.51,-10.941
vasileios-barkas,eredivisie,eredivisie_belgio,classic,2026-07-29T20:59:54+00:00,3.95,-10.646
vasileios-barkas,eredivisie,eredivisie_belgio,classic,2026-07-29T23:39:12+00:00,3.65,-10.535
vasileios-barkas,eredivisie,eredivisie_belgio,classic,2026-07-30T06:55:33+00:00,3.49,-10.232
vasileios-barkas,eredivisie,eredivisie_belgio,classic,2026-07-30T08:43:09+00:00,3.49,-10.158
vasileios-barkas,eredivisie,eredivisie_belgio,classic,2026-07-30T08:58:26+00:00,4.15,-10.147
vasileios-barkas,eredivisie,eredivisie_belgio,classic,2026-07-30T09:48:27+00:00,3.51,-10.112
vasileios-barkas,eredivisie,eredivisie_belgio,classic,2026-07-30T11:58:17+00:00,3.51,-10.022
vasileios-barkas,eredivisie,eredivisie_belgio,classic,2026-07-30T12:51:36+00:00,4.35,-9.985
vasileios-barkas,eredivisie,eredivisie_belgio,classic,2026-07-30T13:38:57+00:00,3.69,-9.952
vasileios-barkas,eredivisie,eredivisie_belgio,classic,2026-07-30T17:36:26+00:00,4.99,-9.787
vasileios-barkas,eredivisie,eredivisie_belgio,classic,2026-07-30T18:32:29+00:00,3.16,-9.748
vasileios-barkas,eredivisie,eredivisie_belgio,classic,2026-07-31T00:00:57+00:00,3.16,-9.52
vasileios-barkas,eredivisie,eredivisie_belgio,classic,2026-07-31T07:45:24+00:00,3.63,-9.198
vasileios-barkas,eredivisie,eredivisie_belgio,classic,2026-07-31T08:09:39+00:00,3.12,-9.181
vasileios-barkas,eredivisie,eredivisie_belgio,classic,2026-07-31T08:51:22+00:00,3.44,-9.152
vasileios-barkas,eredivisie,eredivisie_belgio,classic,2026-07-27T16:49:15+00:00,3.22,-12.82
vasileios-barkas,eredivisie,eredivisie_belgio,classic,2026-07-27T20:05:56+00:00,3.25,-12.683
vasileios-barkas,eredivisie,eredivisie_belgio,classic,2026-07-27T21:00:24+00:00,3.42,-12.646
vasileios-barkas,eredivisie,eredivisie_belgio,classic,2026-07-28T08:30:40+00:00,2.98,-12.166
vasileios-barkas,eredivisie,eredivisie_belgio,classic,2026-07-28T13:38:53+00:00,3.16,-11.952
vasileios-barkas,eredivisie,eredivisie_belgio,classic,2026-07-28T15:48:54+00:00,3.15,-11.862
joey-veerman,eredivisie,eredivisie_belgio,classic,2026-07-31T11:25:38+00:00,11.97,-8.274
joey-veerman,eredivisie,eredivisie_belgio,classic,2026-07-31T12:09:11+00:00,11.8,-8.244
joey-veerman,eredivisie,eredivisie_belgio,classic,2026-07-31T14:32:15+00:00,11.87,-8.144
joey-veerman,eredivisie,eredivisie_belgio,classic,2026-07-31T15:34:26+00:00,12.76,-8.101
joey-veerman,eredivisie,eredivisie_belgio,classic,2026-07-31T20:48:18+00:00,13.11,-7.883
joey-veerman,eredivisie,eredivisie_belgio,classic,2026-08-01T08:12:44+00:00,12.95,-7.408
joey-veerman,eredivisie,eredivisie_belgio,classic,2026-08-01T10:17:25+00:00,13.59,-7.321
joey-veerman,eredivisie,eredivisie_belgio,classic,2026-08-01T12:34:21+00:00,14.07,-7.226
joey-veerman,eredivisie,eredivisie_belgio,classic,2026-08-01T17:39:41+00:00,13.11,-7.014
joey-veerman,eredivisie,eredivisie_belgio,classic,2026-08-01T17:45:04+00:00,15.05,-7.01
joey-veerman,eredivisie,eredivisie_belgio,classic,2026-08-01T19:56:18+00:00,12.88,-6.919
joey-veerman,eredivisie,eredivisie_belgio,classic,2026-08-02T09:48:05+00:00,12.95,-6.342
joey-veerman,eredivisie,eredivisie_belgio,classic,2026-08-02T10:22:51+00:00,13.78,-6.317
joey-veerman,eredivisie,eredivisie_belgio,classic,2026-08-02T13:39:33+00:00,13.19,-6.181
joey-veerman,eredivisie,eredivisie_belgio,classic,2026-08-02T14:58:22+00:00,13.66,-6.126
joey-veerman,eredivisie,eredivisie_belgio,classic,2026-08-02T15:31:53+00:00,13.5,-6.103
joey-veerman,eredivisie,eredivisie_belgio,classic,2026-08-02T16:06:23+00:00,13.53,-6.079
joey-veerman,eredivisie,eredivisie_belgio,classic,2026-08-02T16:46:53+00:00,13.36,-6.051
joey-veerman,eredivisie,eredivisie_belgio,classic,2026-08-02T16:53:46+00:00,9.02,-6.046
joey-veerman,eredivisie,eredivisie_belgio,classic,2026-08-02T17:26:49+00:00,13.08,-6.023
joey-veerman,eredivisie,eredivisie_belgio,classic,2026-08-02T20:25:02+00:00,13.02,-5.899
joey-veerman,eredivisie,eredivisie_belgio,classic,2026-08-02T21:20:27+00:00,14.83,-5.861
joey-veerman,eredivisie,eredivisie_belgio,classic,2026-08-02T22:37:34+00:00,14.88,-5.807
joey-veerman,eredivisie,eredivisie_belgio,classic,2026-08-02T23:13:01+00:00,13.19,-5.783
joey-veerman,eredivisie,eredivisie_belgio,classic,2026-08-03T12:32:03+00:00,10.99,-5.228
joey-veerman,eredivisie,eredivisie_belgio,classic,2026-08-03T14:29:26+00:00,10.15,-5.146
joey-veerman,eredivisie,eredivisie_belgio,classic,2026-07-28T12:25:06+00:00,14.35,-11.233
joey-veerman,eredivisie,eredivisie_belgio,classic,2026-07-28T15:26:21+00:00,14.25,-11.107
joey-veerman,eredivisie,eredivisie_belgio,classic,2026-07-28T19:52:00+00:00,12.41,-10.922
joey-veerman,eredivisie,eredivisie_belgio,classic,2026-07-29T08:16:09+00:00,15.17,-10.405
joey-veerman,eredivisie,eredivisie_belgio,classic,2026-07-29T11:45:26+00:00,16.94,-10.26
joey-veerman,eredivisie,eredivisie_belgio,classic,2026-07-29T12:23:56+00:00,14.29,-10.233
joey-veerman,eredivisie,eredivisie_belgio,classic,2026-07-29T14:14:34+00:00,10.21,-10.157
joey-veerman,eredivisie,eredivisie_belgio,classic,2026-07-29T18:03:42+00:00,13.77,-9.997
joey-veerman,eredivisie,eredivisie_belgio,classic,2026-07-29T18:05:07+00:00,15.11,-9.996
joey-veerman,eredivisie,eredivisie_belgio,classic,2026-07-29T18:48:09+00:00,13.26,-9.967
joey-veerman,eredivisie,eredivisie_belgio,classic,2026-07-29T22:01:53+00:00,10.09,-9.832
joey-veerman,eredivisie,eredivisie_belgio,classic,2026-07-30T03:39:29+00:00,12.83,-9.598
joey-veerman,eredivisie,eredivisie_belgio,classic,2026-07-30T06:22:30+00:00,13.13,-9.484
joey-veerman,eredivisie,eredivisie_belgio,classic,2026-07-30T11:44:28+00:00,12.02,-9.261
joey-veerman,eredivisie,eredivisie_belgio,classic,2026-07-30T11:58:46+00:00,9.52,-9.251
joey-veerman,eredivisie,eredivisie_belgio,classic,2026-07-30T14:32:36+00:00,10.04,-9.144
joey-veerman,eredivisie,eredivisie_belgio,classic,2026-07-30T16:24:29+00:00,12.15,-9.066
joey-veerman,eredivisie,eredivisie_belgio,classic,2026-07-30T16:47:27+00:00,9.15,-9.05
joey-veerman,eredivisie,eredivisie_belgio,classic,2026-07-30T20:25:04+00:00,10.17,-8.899
joey-veerman,eredivisie,eredivisie_belgio,classic,2026-07-30T23:18:14+00:00,13.02,-8.779
joey-veerman,eredivisie,eredivisie_belgio,classic,2026-07-31T10:07:05+00:00,11.94,-8.328
joey-veerman,eredivisie,eredivisie_belgio,classic,2026-07-31T11:02:23+00:00,11.97,-8.29
joey-veerman,eredivisie,eredivisie_belgio,classic,2026-07-27T16:04:53+00:00,13.04,-12.08
joey-veerman,eredivisie,eredivisie_belgio,classic,2026-07-27T16:43:50+00:00,13.04,-12.053
joey-veerman,eredivisie,eredivisie_belgio,classic,2026-07-27T17:12:02+00:00,13.63,-12.033
joey-veerman,eredivisie,eredivisie_belgio,classic,2026-07-27T18:31:58+00:00,14.17,-11.978
joey-veerman,eredivisie,eredivisie_belgio,classic,2026-07-27T21:46:37+00:00,13.69,-11.843
joey-veerman,eredivisie,eredivisie_belgio,classic,2026-07-28T01:08:06+00:00,14.19,-11.703
joey-veerman,eredivisie,eredivisie_belgio,classic,2026-07-28T04:08:26+00:00,17.18,-11.577
joey-veerman,eredivisie,eredivisie_belgio,classic,2026-07-28T04:13:44+00:00,14.37,-11.574
joey-veerman,eredivisie,eredivisie_belgio,classic,2026-07-28T04:19:55+00:00,10.74,-11.57
joey-veerman,eredivisie,eredivisie_belgio,classic,2026-07-28T04:21:18+00:00,16.36,-11.569
joey-veerman,eredivisie,eredivisie_belgio,classic,2026-07-28T04:21:37+00:00,15.04,-11.568
joey-veerman,eredivisie,eredivisie_belgio,classic,2026-07-28T09:57:34+00:00,14.4,-11.335
joey-veerman,eredivisie,eredivisie_belgio,classic,2026-07-28T11:25:34+00:00,15.53,-11.274
joey-veerman,eredivisie,eredivisie_belgio,classic,2026-07-28T11:37:13+00:00,14.54,-11.266
joey-veerman,eredivisie,eredivisie_belgio,classic,2026-07-28T11:42:21+00:00,12.56,-11.262
lucca-kiaba-mounganga,jupiler-pro-league,eredivisie_belgio,classic,2026-07-31T06:04:18+00:00,9.93,-9.33
lucca-kiaba-mounganga,jupiler-pro-league,eredivisie_belgio,classic,2026-07-31T10:41:03+00:00,11.12,-9.138
lucca-kiaba-mounganga,jupiler-pro-league,eredivisie_belgio,classic,2026-07-31T12:35:32+00:00,10.82,-9.059
lucca-kiaba-mounganga,jupiler-pro-league,eredivisie_belgio,classic,2026-07-31T15:48:02+00:00,10.82,-8.925
lucca-kiaba-mounganga,jupiler-pro-league,eredivisie_belgio,classic,2026-07-31T18:35:36+00:00,12.67,-8.809
lucca-kiaba-mounganga,jupiler-pro-league,eredivisie_belgio,classic,2026-08-01T08:30:47+00:00,12.14,-8.229
lucca-kiaba-mounganga,jupiler-pro-league,eredivisie_belgio,classic,2026-08-01T21:26:37+00:00,12.1,-7.69
lucca-kiaba-mounganga,jupiler-pro-league,eredivisie_belgio,classic,2026-08-02T00:02:40+00:00,11.98,-7.581
lucca-kiaba-mounganga,jupiler-pro-league,eredivisie_belgio,classic,2026-08-02T09:26:17+00:00,10.19,-7.19
lucca-kiaba-mounganga,jupiler-pro-league,eredivisie_belgio,classic,2026-08-02T09:31:12+00:00,11.65,-7.187
lucca-kiaba-mounganga,jupiler-pro-league,eredivisie_belgio,classic,2026-08-02T12:19:02+00:00,10.91,-7.07
lucca-kiaba-mounganga,jupiler-pro-league,eredivisie_belgio,classic,2026-08-02T13:48:06+00:00,10.62,-7.008
lucca-kiaba-mounganga,jupiler-pro-league,eredivisie_belgio,classic,2026-08-02T13:58:51+00:00,10.62,-7.001
lucca-kiaba-mounganga,jupiler-pro-league,eredivisie_belgio,classic,2026-08-02T14:09:09+00:00,11.09,-6.994
lucca-kiaba-mounganga,jupiler-pro-league,eredivisie_belgio,classic,2026-08-02T14:10:31+00:00,10.61,-6.993
lucca-kiaba-mounganga,jupiler-pro-league,eredivisie_belgio,classic,2026-08-02T15:18:08+00:00,10.61,-6.946
lucca-kiaba-mounganga,jupiler-pro-league,eredivisie_belgio,classic,2026-08-02T17:35:27+00:00,9.52,-6.85
lucca-kiaba-mounganga,jupiler-pro-league,eredivisie_belgio,classic,2026-08-02T20:28:43+00:00,12.86,-6.73
lucca-kiaba-mounganga,jupiler-pro-league,eredivisie_belgio,classic,2026-08-03T08:16:19+00:00,11.98,-6.239
lucca-kiaba-mounganga,jupiler-pro-league,eredivisie_belgio,classic,2026-08-03T08:26:24+00:00,10.7,-6.232
lucca-kiaba-mounganga,jupiler-pro-league,eredivisie_belgio,classic,2026-08-03T09:18:25+00:00,11.01,-6.196
lucca-kiaba-mounganga,jupiler-pro-league,eredivisie_belgio,classic,2026-08-03T12:19:17+00:00,10.99,-6.07
lucca-kiaba-mounganga,jupiler-pro-league,eredivisie_belgio,classic,2026-08-03T14:00:24+00:00,12.25,-6.0
lucca-kiaba-mounganga,jupiler-pro-league,eredivisie_belgio,classic,2026-07-27T18:41:48+00:00,9.22,-12.804
lucca-kiaba-mounganga,jupiler-pro-league,eredivisie_belgio,classic,2026-07-28T08:16:04+00:00,9.77,-12.239
lucca-kiaba-mounganga,jupiler-pro-league,eredivisie_belgio,classic,2026-07-28T12:49:49+00:00,6.43,-12.049
lucca-kiaba-mounganga,jupiler-pro-league,eredivisie_belgio,classic,2026-07-28T15:44:32+00:00,9.94,-11.927
lucca-kiaba-mounganga,jupiler-pro-league,eredivisie_belgio,classic,2026-07-28T18:44:11+00:00,9.5,-11.803
lucca-kiaba-mounganga,jupiler-pro-league,eredivisie_belgio,classic,2026-07-29T05:33:11+00:00,9.51,-11.352
lucca-kiaba-mounganga,jupiler-pro-league,eredivisie_belgio,classic,2026-07-29T09:49:39+00:00,8.22,-11.174
lucca-kiaba-mounganga,jupiler-pro-league,eredivisie_belgio,classic,2026-07-29T11:35:08+00:00,6.54,-11.101
lucca-kiaba-mounganga,jupiler-pro-league,eredivisie_belgio,classic,2026-07-29T13:50:01+00:00,9.53,-11.007
lucca-kiaba-mounganga,jupiler-pro-league,eredivisie_belgio,classic,2026-07-29T15:26:00+00:00,9.98,-10.94
lucca-kiaba-mounganga,jupiler-pro-league,eredivisie_belgio,classic,2026-07-29T15:27:14+00:00,9.81,-10.939
lucca-kiaba-mounganga,jupiler-pro-league,eredivisie_belgio,classic,2026-07-29T15:49:07+00:00,9.15,-10.924
lucca-kiaba-mounganga,jupiler-pro-league,eredivisie_belgio,classic,2026-07-29T16:49:41+00:00,10.12,-10.882
lucca-kiaba-mounganga,jupiler-pro-league,eredivisie_belgio,classic,2026-07-29T19:29:43+00:00,9.04,-10.771
lucca-kiaba-mounganga,jupiler-pro-league,eredivisie_belgio,classic,2026-07-29T21:29:44+00:00,8.54,-10.688
lucca-kiaba-mounganga,jupiler-pro-league,eredivisie_belgio,classic,2026-07-29T22:59:13+00:00,6.29,-10.626
lucca-kiaba-mounganga,jupiler-pro-league,eredivisie_belgio,classic,2026-07-29T23:19:05+00:00,9.13,-10.612
lucca-kiaba-mounganga,jupiler-pro-league,eredivisie_belgio,classic,2026-07-30T05:30:35+00:00,8.63,-10.354
lucca-kiaba-mounganga,jupiler-pro-league,eredivisie_belgio,classic,2026-07-30T19:25:34+00:00,9.13,-9.774
lucca-kiaba-mounganga,jupiler-pro-league,eredivisie_belgio,classic,2026-07-30T21:23:06+00:00,8.99,-9.692
lucca-kiaba-mounganga,jupiler-pro-league,eredivisie_belgio,classic,2026-07-30T22:05:29+00:00,8.32,-9.663
lucca-kiaba-mounganga,jupiler-pro-league,eredivisie_belgio,classic,2026-07-30T23:02:21+00:00,13.18,-9.623
lucca-kiaba-mounganga,jupiler-pro-league,eredivisie_belgio,classic,2026-07-30T23:11:24+00:00,9.18,-9.617
lucca-kiaba-mounganga,jupiler-pro-league,eredivisie_belgio,classic,2026-07-30T23:25:17+00:00,10.18,-9.607
rome-jayden-owusu-oduro,eredivisie,eredivisie_belgio,classic,2026-07-31T07:16:29+00:00,5.78,-8.489
rome-jayden-owusu-oduro,eredivisie,eredivisie_belgio,classic,2026-07-31T08:29:24+00:00,6.56,-8.438
rome-jayden-owusu-oduro,eredivisie,eredivisie_belgio,classic,2026-07-31T14:47:06+00:00,5.37,-8.176
rome-jayden-owusu-oduro,eredivisie,eredivisie_belgio,classic,2026-07-31T14:47:09+00:00,5.37,-8.176
rome-jayden-owusu-oduro,eredivisie,eredivisie_belgio,classic,2026-07-31T16:17:52+00:00,4.69,-8.113
rome-jayden-owusu-oduro,eredivisie,eredivisie_belgio,classic,2026-07-31T17:40:08+00:00,4.37,-8.055
rome-jayden-owusu-oduro,eredivisie,eredivisie_belgio,classic,2026-07-31T17:50:22+00:00,4.21,-8.048
rome-jayden-owusu-oduro,eredivisie,eredivisie_belgio,classic,2026-07-31T18:05:44+00:00,4.22,-8.038
rome-jayden-owusu-oduro,eredivisie,eredivisie_belgio,classic,2026-07-31T22:40:02+00:00,5.64,-7.847
rome-jayden-owusu-oduro,eredivisie,eredivisie_belgio,classic,2026-07-31T22:40:53+00:00,5.8,-7.847
rome-jayden-owusu-oduro,eredivisie,eredivisie_belgio,classic,2026-08-01T03:03:20+00:00,5.02,-7.664
rome-jayden-owusu-oduro,eredivisie,eredivisie_belgio,classic,2026-08-01T03:14:09+00:00,5.66,-7.657
rome-jayden-owusu-oduro,eredivisie,eredivisie_belgio,classic,2026-08-01T06:05:12+00:00,6.15,-7.538
rome-jayden-owusu-oduro,eredivisie,eredivisie_belgio,classic,2026-08-01T07:03:12+00:00,5.02,-7.498
rome-jayden-owusu-oduro,eredivisie,eredivisie_belgio,classic,2026-08-01T10:56:10+00:00,5.99,-7.336
rome-jayden-owusu-oduro,eredivisie,eredivisie_belgio,classic,2026-08-01T11:46:43+00:00,4.04,-7.301
rome-jayden-owusu-oduro,eredivisie,eredivisie_belgio,classic,2026-08-01T11:55:27+00:00,4.04,-7.295
rome-jayden-owusu-oduro,eredivisie,eredivisie_belgio,classic,2026-08-01T11:58:26+00:00,3.56,-7.293
rome-jayden-owusu-oduro,eredivisie,eredivisie_belgio,classic,2026-08-01T16:47:15+00:00,3.56,-7.092
rome-jayden-owusu-oduro,eredivisie,eredivisie_belgio,classic,2026-08-01T19:38:51+00:00,4.77,-6.973
rome-jayden-owusu-oduro,eredivisie,eredivisie_belgio,classic,2026-08-02T08:41:53+00:00,3.58,-6.429
rome-jayden-owusu-oduro,eredivisie,eredivisie_belgio,classic,2026-08-02T13:34:21+00:00,3.86,-6.226
rome-jayden-owusu-oduro,eredivisie,eredivisie_belgio,classic,2026-08-02T13:53:40+00:00,4.02,-6.213
rome-jayden-owusu-oduro,eredivisie,eredivisie_belgio,classic,2026-08-02T20:06:50+00:00,4.07,-5.954
rome-jayden-owusu-oduro,eredivisie,eredivisie_belgio,classic,2026-08-03T01:41:05+00:00,4.86,-5.721
rome-jayden-owusu-oduro,eredivisie,eredivisie_belgio,classic,2026-08-03T06:19:03+00:00,4.02,-5.528
rome-jayden-owusu-oduro,eredivisie,eredivisie_belgio,classic,2026-08-03T08:02:51+00:00,6.55,-5.456
rome-jayden-owusu-oduro,eredivisie,eredivisie_belgio,classic,2026-08-03T14:53:34+00:00,4.19,-5.171
rome-jayden-owusu-oduro,eredivisie,eredivisie_belgio,classic,2026-08-03T15:48:40+00:00,4.51,-5.133
rome-jayden-owusu-oduro,eredivisie,eredivisie_belgio,classic,2026-07-27T16:59:02+00:00,6.94,-12.084
rome-jayden-owusu-oduro,eredivisie,eredivisie_belgio,classic,2026-07-28T05:37:41+00:00,7.1,-11.557
rome-jayden-owusu-oduro,eredivisie,eredivisie_belgio,classic,2026-07-28T08:12:06+00:00,7.45,-11.45
rome-jayden-owusu-oduro,eredivisie,eredivisie_belgio,classic,2026-07-28T15:13:41+00:00,6.13,-11.157
rome-jayden-owusu-oduro,eredivisie,eredivisie_belgio,classic,2026-07-28T17:43:17+00:00,7.43,-11.053
rome-jayden-owusu-oduro,eredivisie,eredivisie_belgio,classic,2026-07-29T00:39:53+00:00,5.73,-10.764
rome-jayden-owusu-oduro,eredivisie,eredivisie_belgio,classic,2026-07-29T00:40:06+00:00,6.07,-10.764
rome-jayden-owusu-oduro,eredivisie,eredivisie_belgio,classic,2026-07-29T00:41:44+00:00,6.07,-10.763
rome-jayden-owusu-oduro,eredivisie,eredivisie_belgio,classic,2026-07-29T07:42:02+00:00,6.73,-10.471
rome-jayden-owusu-oduro,eredivisie,eredivisie_belgio,classic,2026-07-29T11:08:13+00:00,6.37,-10.328
rome-jayden-owusu-oduro,eredivisie,eredivisie_belgio,classic,2026-07-29T11:15:20+00:00,6.37,-10.323
rome-jayden-owusu-oduro,eredivisie,eredivisie_belgio,classic,2026-07-29T12:46:18+00:00,6.72,-10.26
rome-jayden-owusu-oduro,eredivisie,eredivisie_belgio,classic,2026-07-29T14:10:37+00:00,5.86,-10.201
rome-jayden-owusu-oduro,eredivisie,eredivisie_belgio,classic,2026-07-29T18:20:53+00:00,6.38,-10.027
rome-jayden-owusu-oduro,eredivisie,eredivisie_belgio,classic,2026-07-29T20:16:30+00:00,6.26,-9.947
rome-jayden-owusu-oduro,eredivisie,eredivisie_belgio,classic,2026-07-30T08:27:29+00:00,6.15,-9.439
rome-jayden-owusu-oduro,eredivisie,eredivisie_belgio,classic,2026-07-30T08:44:24+00:00,6.15,-9.428
rome-jayden-owusu-oduro,eredivisie,eredivisie_belgio,classic,2026-07-30T13:19:46+00:00,6.03,-9.236
rome-jayden-owusu-oduro,eredivisie,eredivisie_belgio,classic,2026-07-30T13:42:54+00:00,6.54,-9.22
rome-jayden-owusu-oduro,eredivisie,eredivisie_belgio,classic,2026-07-30T14:24:25+00:00,6.52,-9.191
rome-jayden-owusu-oduro,eredivisie,eredivisie_belgio,classic,2026-07-30T17:28:38+00:00,6.15,-9.063
rome-jayden-owusu-oduro,eredivisie,eredivisie_belgio,classic,2026-07-30T22:17:47+00:00,6.82,-8.863
rome-jayden-owusu-oduro,eredivisie,eredivisie_belgio,classic,2026-07-30T23:25:35+00:00,7.51,-8.816
hans-vanaken,jupiler-pro-league,eredivisie_belgio,classic,2026-07-31T21:31:04+00:00,5.97,-6.885
hans-vanaken,jupiler-pro-league,eredivisie_belgio,classic,2026-07-31T21:41:57+00:00,5.97,-6.877
hans-vanaken,jupiler-pro-league,eredivisie_belgio,classic,2026-07-31T22:49:24+00:00,6.45,-6.83
hans-vanaken,jupiler-pro-league,eredivisie_belgio,classic,2026-08-01T01:40:42+00:00,9.04,-6.711
hans-vanaken,jupiler-pro-league,eredivisie_belgio,classic,2026-08-01T10:50:12+00:00,3.56,-6.33
hans-vanaken,jupiler-pro-league,eredivisie_belgio,classic,2026-08-01T11:06:18+00:00,6.15,-6.319
hans-vanaken,jupiler-pro-league,eredivisie_belgio,classic,2026-08-01T11:06:27+00:00,5.98,-6.318
hans-vanaken,jupiler-pro-league,eredivisie_belgio,classic,2026-08-01T11:30:09+00:00,6.31,-6.302
hans-vanaken,jupiler-pro-league,eredivisie_belgio,classic,2026-08-01T11:47:23+00:00,5.98,-6.29
hans-vanaken,jupiler-pro-league,eredivisie_belgio,classic,2026-08-01T16:07:00+00:00,6.15,-6.11
hans-vanaken,jupiler-pro-league,eredivisie_belgio,classic,2026-08-02T08:18:40+00:00,6.5,-5.435
hans-vanaken,jupiler-pro-league,eredivisie_belgio,classic,2026-08-02T12:38:24+00:00,6.26,-5.255
hans-vanaken,jupiler-pro-league,eredivisie_belgio,classic,2026-08-02T13:12:54+00:00,11.9,-5.231
hans-vanaken,jupiler-pro-league,eredivisie_belgio,classic,2026-08-02T13:31:03+00:00,5.15,-5.218
hans-vanaken,jupiler-pro-league,eredivisie_belgio,classic,2026-08-02T15:22:21+00:00,10.12,-5.141
hans-vanaken,jupiler-pro-league,eredivisie_belgio,classic,2026-08-02T17:19:20+00:00,6.46,-5.059
hans-vanaken,jupiler-pro-league,eredivisie_belgio,classic,2026-08-02T17:42:22+00:00,5.81,-5.043
hans-vanaken,jupiler-pro-league,eredivisie_belgio,classic,2026-08-02T18:32:04+00:00,6.48,-5.009
hans-vanaken,jupiler-pro-league,eredivisie_belgio,classic,2026-08-02T18:45:38+00:00,6.64,-5.0
hans-vanaken,jupiler-pro-league,eredivisie_belgio,classic,2026-08-02T20:19:10+00:00,6.51,-4.935
hans-vanaken,jupiler-pro-league,eredivisie_belgio,classic,2026-08-03T04:07:34+00:00,6.44,-4.609
hans-vanaken,jupiler-pro-league,eredivisie_belgio,classic,2026-08-03T04:31:17+00:00,6.6,-4.593
hans-vanaken,jupiler-pro-league,eredivisie_belgio,classic,2026-08-03T08:12:38+00:00,10.06,-4.439
hans-vanaken,jupiler-pro-league,eredivisie_belgio,classic,2026-08-03T09:42:57+00:00,6.22,-4.376
hans-vanaken,jupiler-pro-league,eredivisie_belgio,classic,2026-08-03T10:40:38+00:00,6.42,-4.336
hans-vanaken,jupiler-pro-league,eredivisie_belgio,classic,2026-08-03T14:38:46+00:00,6.28,-4.171
hans-vanaken,jupiler-pro-league,eredivisie_belgio,classic,2026-08-03T15:40:39+00:00,6.61,-4.128
hans-vanaken,jupiler-pro-league,eredivisie_belgio,classic,2026-07-29T21:55:18+00:00,5.58,-8.868
hans-vanaken,jupiler-pro-league,eredivisie_belgio,classic,2026-07-29T22:06:48+00:00,5.62,-8.86
hans-vanaken,jupiler-pro-league,eredivisie_belgio,classic,2026-07-30T01:23:14+00:00,4.13,-8.723
hans-vanaken,jupiler-pro-league,eredivisie_belgio,classic,2026-07-30T01:37:05+00:00,5.95,-8.714
hans-vanaken,jupiler-pro-league,eredivisie_belgio,classic,2026-07-30T03:08:25+00:00,6.5,-8.65
hans-vanaken,jupiler-pro-league,eredivisie_belgio,classic,2026-07-30T03:11:45+00:00,4.0,-8.648
hans-vanaken,jupiler-pro-league,eredivisie_belgio,classic,2026-07-30T04:30:05+00:00,4.0,-8.594
hans-vanaken,jupiler-pro-league,eredivisie_belgio,classic,2026-07-30T05:23:32+00:00,3.98,-8.557
hans-vanaken,jupiler-pro-league,eredivisie_belgio,classic,2026-07-30T06:17:43+00:00,4.16,-8.519
hans-vanaken,jupiler-pro-league,eredivisie_belgio,classic,2026-07-30T06:17:53+00:00,4.16,-8.519
hans-vanaken,jupiler-pro-league,eredivisie_belgio,classic,2026-07-30T06:34:03+00:00,4.16,-8.508
hans-vanaken,jupiler-pro-league,eredivisie_belgio,classic,2026-07-30T07:35:36+00:00,4.15,-8.465
hans-vanaken,jupiler-pro-league,eredivisie_belgio,classic,2026-07-30T07:52:28+00:00,5.64,-8.453
hans-vanaken,jupiler-pro-league,eredivisie_belgio,classic,2026-07-30T08:07:40+00:00,4.15,-8.443
hans-vanaken,jupiler-pro-league,eredivisie_belgio,classic,2026-07-30T08:16:56+00:00,5.65,-8.436
hans-vanaken,jupiler-pro-league,eredivisie_belgio,classic,2026-07-30T09:19:04+00:00,4.18,-8.393
hans-vanaken,jupiler-pro-league,eredivisie_belgio,classic,2026-07-30T09:47:04+00:00,4.18,-8.374
hans-vanaken,jupiler-pro-league,eredivisie_belgio,classic,2026-07-30T11:40:35+00:00,6.01,-8.295
hans-vanaken,jupiler-pro-league,eredivisie_belgio,classic,2026-07-30T12:47:45+00:00,4.02,-8.248
hans-vanaken,jupiler-pro-league,eredivisie_belgio,classic,2026-07-30T17:06:22+00:00,7.15,-8.068
hans-vanaken,jupiler-pro-league,eredivisie_belgio,classic,2026-07-30T17:09:06+00:00,9.15,-8.067
hans-vanaken,jupiler-pro-league,eredivisie_belgio,classic,2026-07-30T18:07:02+00:00,5.99,-8.026
hans-vanaken,jupiler-pro-league,eredivisie_belgio,classic,2026-07-30T18:14:28+00:00,4.16,-8.021
hans-vanaken,jupiler-pro-league,eredivisie_belgio,classic,2026-07-30T19:16:08+00:00,6.47,-7.978
hans-vanaken,jupiler-pro-league,eredivisie_belgio,classic,2026-07-30T23:02:46+00:00,6.01,-7.821
hans-vanaken,jupiler-pro-league,eredivisie_belgio,classic,2026-07-30T23:07:04+00:00,6.01,-7.818
hans-vanaken,jupiler-pro-league,eredivisie_belgio,classic,2026-07-31T02:48:50+00:00,6.13,-7.664
hans-vanaken,jupiler-pro-league,eredivisie_belgio,classic,2026-07-31T08:17:58+00:00,8.53,-7.435
hans-vanaken,jupiler-pro-league,eredivisie_belgio,classic,2026-07-31T08:19:58+00:00,5.74,-7.434
hans-vanaken,jupiler-pro-league,eredivisie_belgio,classic,2026-07-31T08:52:39+00:00,4.1,-7.411
hans-vanaken,jupiler-pro-league,eredivisie_belgio,classic,2026-07-31T10:06:12+00:00,6.05,-7.36
hans-vanaken,jupiler-pro-league,eredivisie_belgio,classic,2026-07-31T11:39:15+00:00,6.07,-7.296
hans-vanaken,jupiler-pro-league,eredivisie_belgio,classic,2026-07-31T14:32:41+00:00,6.99,-7.175
hans-vanaken,jupiler-pro-league,eredivisie_belgio,classic,2026-07-31T14:36:00+00:00,5.85,-7.173
hans-vanaken,jupiler-pro-league,eredivisie_belgio,classic,2026-07-27T17:50:58+00:00,7.15,-11.038
hans-vanaken,jupiler-pro-league,eredivisie_belgio,classic,2026-07-27T19:12:38+00:00,5.62,-10.981
hans-vanaken,jupiler-pro-league,eredivisie_belgio,classic,2026-07-27T20:08:23+00:00,6.5,-10.942
hans-vanaken,jupiler-pro-league,eredivisie_belgio,classic,2026-07-28T01:59:13+00:00,5.61,-10.698
hans-vanaken,jupiler-pro-league,eredivisie_belgio,classic,2026-07-28T06:16:01+00:00,5.63,-10.52
hans-vanaken,jupiler-pro-league,eredivisie_belgio,classic,2026-07-28T06:17:39+00:00,5.63,-10.519
hans-vanaken,jupiler-pro-league,eredivisie_belgio,classic,2026-07-28T06:49:22+00:00,5.63,-10.497
hans-vanaken,jupiler-pro-league,eredivisie_belgio,classic,2026-07-28T12:24:18+00:00,7.09,-10.264
hans-vanaken,jupiler-pro-league,eredivisie_belgio,classic,2026-07-28T12:55:53+00:00,6.76,-10.242
hans-vanaken,jupiler-pro-league,eredivisie_belgio,classic,2026-07-28T12:56:04+00:00,6.76,-10.242
hans-vanaken,jupiler-pro-league,eredivisie_belgio,classic,2026-07-28T13:05:11+00:00,6.15,-10.236
hans-vanaken,jupiler-pro-league,eredivisie_belgio,classic,2026-07-28T13:08:02+00:00,6.15,-10.234
hans-vanaken,jupiler-pro-league,eredivisie_belgio,classic,2026-07-28T14:35:40+00:00,7.08,-10.173
hans-vanaken,jupiler-pro-league,eredivisie_belgio,classic,2026-07-28T19:07:39+00:00,6.04,-9.984
hans-vanaken,jupiler-pro-league,eredivisie_belgio,classic,2026-07-28T21:52:07+00:00,7.07,-9.87
hans-vanaken,jupiler-pro-league,eredivisie_belgio,classic,2026-07-29T13:26:48+00:00,6.19,-9.221
hans-vanaken,jupiler-pro-league,eredivisie_belgio,classic,2026-07-29T13:35:16+00:00,6.19,-9.215
hans-vanaken,jupiler-pro-league,eredivisie_belgio,classic,2026-07-29T20:23:08+00:00,5.77,-8.932
matej-kovar,eredivisie,eredivisie_belgio,classic,2026-08-01T07:13:40+00:00,8.59,-7.449
matej-kovar,eredivisie,eredivisie_belgio,classic,2026-08-01T08:08:51+00:00,9.71,-7.411
matej-kovar,eredivisie,eredivisie_belgio,classic,2026-08-01T08:31:41+00:00,9.71,-7.395
matej-kovar,eredivisie,eredivisie_belgio,classic,2026-08-01T12:10:35+00:00,10.52,-7.243
matej-kovar,eredivisie,eredivisie_belgio,classic,2026-08-01T13:18:32+00:00,9.55,-7.195
matej-kovar,eredivisie,eredivisie_belgio,classic,2026-08-01T17:48:44+00:00,9.71,-7.008
matej-kovar,eredivisie,eredivisie_belgio,classic,2026-08-01T18:20:44+00:00,9.51,-6.986
matej-kovar,eredivisie,eredivisie_belgio,classic,2026-08-01T19:54:59+00:00,9.86,-6.92
matej-kovar,eredivisie,eredivisie_belgio,classic,2026-08-01T21:16:24+00:00,9.71,-6.864
matej-kovar,eredivisie,eredivisie_belgio,classic,2026-08-01T22:15:08+00:00,9.75,-6.823
matej-kovar,eredivisie,eredivisie_belgio,classic,2026-08-01T22:30:46+00:00,9.11,-6.812
matej-kovar,eredivisie,eredivisie_belgio,classic,2026-08-01T23:47:19+00:00,10.08,-6.759
matej-kovar,eredivisie,eredivisie_belgio,classic,2026-08-01T23:57:47+00:00,11.04,-6.752
matej-kovar,eredivisie,eredivisie_belgio,classic,2026-08-01T23:57:59+00:00,11.52,-6.751
matej-kovar,eredivisie,eredivisie_belgio,classic,2026-08-01T23:58:11+00:00,12.96,-6.751
matej-kovar,eredivisie,eredivisie_belgio,classic,2026-08-02T02:18:17+00:00,11.74,-6.654
matej-kovar,eredivisie,eredivisie_belgio,classic,2026-08-02T09:27:38+00:00,9.87,-6.356
matej-kovar,eredivisie,eredivisie_belgio,classic,2026-08-02T09:41:50+00:00,9.87,-6.346
matej-kovar,eredivisie,eredivisie_belgio,classic,2026-08-02T09:53:58+00:00,11.49,-6.338
matej-kovar,eredivisie,eredivisie_belgio,classic,2026-08-02T11:44:58+00:00,11.01,-6.26
matej-kovar,eredivisie,eredivisie_belgio,classic,2026-08-02T13:14:49+00:00,9.17,-6.198
matej-kovar,eredivisie,eredivisie_belgio,classic,2026-08-02T13:21:15+00:00,9.17,-6.194
matej-kovar,eredivisie,eredivisie_belgio,classic,2026-08-02T16:34:17+00:00,7.08,-6.06
matej-kovar,eredivisie,eredivisie_belgio,classic,2026-08-02T17:24:48+00:00,11.78,-6.024
matej-kovar,eredivisie,eredivisie_belgio,classic,2026-08-02T18:25:59+00:00,12.14,-5.982
matej-kovar,eredivisie,eredivisie_belgio,classic,2026-08-02T20:08:05+00:00,12.21,-5.911
matej-kovar,eredivisie,eredivisie_belgio,classic,2026-08-02T20:40:27+00:00,11.4,-5.889
matej-kovar,eredivisie,eredivisie_belgio,classic,2026-08-02T21:48:07+00:00,13.04,-5.842
matej-kovar,eredivisie,eredivisie_belgio,classic,2026-08-03T06:04:21+00:00,11.59,-5.497
matej-kovar,eredivisie,eredivisie_belgio,classic,2026-08-03T07:43:58+00:00,10.9,-5.428
matej-kovar,eredivisie,eredivisie_belgio,classic,2026-08-03T08:24:35+00:00,11.02,-5.4
matej-kovar,eredivisie,eredivisie_belgio,classic,2026-08-03T14:50:43+00:00,10.96,-5.131
matej-kovar,eredivisie,eredivisie_belgio,classic,2026-07-29T08:13:24+00:00,9.78,-10.407
matej-kovar,eredivisie,eredivisie_belgio,classic,2026-07-29T11:18:13+00:00,8.89,-10.279
matej-kovar,eredivisie,eredivisie_belgio,classic,2026-07-29T12:21:54+00:00,10.42,-10.235
matej-kovar,eredivisie,eredivisie_belgio,classic,2026-07-29T13:10:29+00:00,9.03,-10.201
matej-kovar,eredivisie,eredivisie_belgio,classic,2026-07-29T18:00:09+00:00,7.89,-10.0
matej-kovar,eredivisie,eredivisie_belgio,classic,2026-07-29T18:02:42+00:00,11.25,-9.998
matej-kovar,eredivisie,eredivisie_belgio,classic,2026-07-29T19:17:02+00:00,9.04,-9.947
matej-kovar,eredivisie,eredivisie_belgio,classic,2026-07-29T19:17:08+00:00,9.04,-9.946
matej-kovar,eredivisie,eredivisie_belgio,classic,2026-07-29T20:44:36+00:00,9.56,-9.886
matej-kovar,eredivisie,eredivisie_belgio,classic,2026-07-29T21:32:26+00:00,10.18,-9.852
matej-kovar,eredivisie,eredivisie_belgio,classic,2026-07-30T10:03:12+00:00,8.35,-9.331
matej-kovar,eredivisie,eredivisie_belgio,classic,2026-07-30T10:23:05+00:00,9.02,-9.317
matej-kovar,eredivisie,eredivisie_belgio,classic,2026-07-30T11:39:45+00:00,8.51,-9.264
matej-kovar,eredivisie,eredivisie_belgio,classic,2026-07-30T12:05:48+00:00,8.03,-9.246
matej-kovar,eredivisie,eredivisie_belgio,classic,2026-07-30T15:48:58+00:00,8.49,-9.091
matej-kovar,eredivisie,eredivisie_belgio,classic,2026-07-30T16:21:31+00:00,9.32,-9.068
matej-kovar,eredivisie,eredivisie_belgio,classic,2026-07-30T17:13:56+00:00,8.81,-9.032
matej-kovar,eredivisie,eredivisie_belgio,classic,2026-07-30T22:57:10+00:00,9.15,-8.794
matej-kovar,eredivisie,eredivisie_belgio,classic,2026-07-31T07:50:38+00:00,8.59,-8.423
matej-kovar,eredivisie,eredivisie_belgio,classic,2026-07-31T13:02:37+00:00,7.86,-8.207
matej-kovar,eredivisie,eredivisie_belgio,classic,2026-07-31T15:02:50+00:00,8.4,-8.123
matej-kovar,eredivisie,eredivisie_belgio,classic,2026-07-31T17:36:56+00:00,9.38,-8.016
matej-kovar,eredivisie,eredivisie_belgio,classic,2026-07-31T18:06:09+00:00,10.07,-7.996
matej-kovar,eredivisie,eredivisie_belgio,classic,2026-07-31T18:13:43+00:00,8.61,-7.99
matej-kovar,eredivisie,eredivisie_belgio,classic,2026-07-31T18:34:50+00:00,8.93,-7.976
matej-kovar,eredivisie,eredivisie_belgio,classic,2026-07-27T18:36:17+00:00,8.54,-11.975
matej-kovar,eredivisie,eredivisie_belgio,classic,2026-07-27T20:26:22+00:00,9.76,-11.898
matej-kovar,eredivisie,eredivisie_belgio,classic,2026-07-28T04:43:19+00:00,9.58,-11.553
matej-kovar,eredivisie,eredivisie_belgio,classic,2026-07-28T15:10:25+00:00,6.46,-11.118
matej-kovar,eredivisie,eredivisie_belgio,classic,2026-07-28T18:38:26+00:00,8.84,-10.973
matej-kovar,eredivisie,eredivisie_belgio,classic,2026-07-28T19:35:12+00:00,9.05,-10.934
matej-kovar,eredivisie,eredivisie_belgio,classic,2026-07-29T03:25:31+00:00,8.87,-10.607
mika-marmol-medina,eredivisie,eredivisie_belgio,classic,2026-07-28T20:26:25+00:00,3.54,-11.575
mika-marmol-medina,eredivisie,eredivisie_belgio,classic,2026-07-29T13:10:03+00:00,3.01,-10.878
mika-marmol-medina,eredivisie,eredivisie_belgio,classic,2026-07-29T17:38:24+00:00,2.33,-10.692
mika-marmol-medina,eredivisie,eredivisie_belgio,classic,2026-07-30T06:10:41+00:00,2.83,-10.17
mika-marmol-medina,eredivisie,eredivisie_belgio,classic,2026-07-31T11:56:57+00:00,2.13,-8.929
mika-marmol-medina,eredivisie,eredivisie_belgio,classic,2026-07-27T19:06:17+00:00,2.73,-12.631
mika-marmol-medina,eredivisie,eredivisie_belgio,classic,2026-07-28T10:03:08+00:00,2.64,-12.008
mika-marmol-medina,eredivisie,eredivisie_belgio,classic,2026-07-28T16:48:51+00:00,3.03,-11.726
mika-marcel-godts,eredivisie,eredivisie_belgio,classic,2026-08-01T14:44:26+00:00,13.6,1.864
mika-marcel-godts,eredivisie,eredivisie_belgio,classic,2026-08-01T15:23:23+00:00,14.12,1.891
mika-marcel-godts,eredivisie,eredivisie_belgio,classic,2026-08-01T15:30:30+00:00,15.42,1.896
mika-marcel-godts,eredivisie,eredivisie_belgio,classic,2026-08-01T18:22:45+00:00,13.54,2.016
mika-marcel-godts,eredivisie,eredivisie_belgio,classic,2026-08-01T19:14:55+00:00,16.7,2.052
mika-marcel-godts,eredivisie,eredivisie_belgio,classic,2026-08-01T21:58:32+00:00,12.42,2.166
mika-marcel-godts,eredivisie,eredivisie_belgio,classic,2026-08-01T22:00:39+00:00,12.47,2.167
mika-marcel-godts,eredivisie,eredivisie_belgio,classic,2026-08-01T22:24:09+00:00,14.06,2.183
mika-marcel-godts,eredivisie,eredivisie_belgio,classic,2026-08-02T00:12:00+00:00,12.62,2.258
mika-marcel-godts,eredivisie,eredivisie_belgio,classic,2026-08-02T01:22:07+00:00,12.47,2.307
mika-marcel-godts,eredivisie,eredivisie_belgio,classic,2026-08-02T04:44:38+00:00,12.52,2.448
mika-marcel-godts,eredivisie,eredivisie_belgio,classic,2026-08-02T06:59:48+00:00,12.35,2.542
mika-marcel-godts,eredivisie,eredivisie_belgio,classic,2026-08-02T09:03:12+00:00,12.3,2.627
mika-marcel-godts,eredivisie,eredivisie_belgio,classic,2026-08-02T09:24:01+00:00,14.24,2.642
mika-marcel-godts,eredivisie,eredivisie_belgio,classic,2026-08-02T10:56:15+00:00,12.64,2.706
mika-marcel-godts,eredivisie,eredivisie_belgio,classic,2026-08-02T11:10:27+00:00,12.3,2.716
mika-marcel-godts,eredivisie,eredivisie_belgio,classic,2026-08-02T11:17:52+00:00,12.47,2.721
mika-marcel-godts,eredivisie,eredivisie_belgio,classic,2026-08-02T12:23:21+00:00,13.96,2.766
mika-marcel-godts,eredivisie,eredivisie_belgio,classic,2026-08-02T12:46:38+00:00,11.71,2.782
mika-marcel-godts,eredivisie,eredivisie_belgio,classic,2026-08-02T14:10:28+00:00,12.05,2.841
mika-marcel-godts,eredivisie,eredivisie_belgio,classic,2026-08-02T15:13:26+00:00,11.09,2.884
mika-marcel-godts,eredivisie,eredivisie_belgio,classic,2026-08-02T15:23:10+00:00,11.09,2.891
mika-marcel-godts,eredivisie,eredivisie_belgio,classic,2026-08-02T15:41:24+00:00,11.73,2.904
mika-marcel-godts,eredivisie,eredivisie_belgio,classic,2026-08-02T16:06:07+00:00,13.04,2.921
mika-marcel-godts,eredivisie,eredivisie_belgio,classic,2026-08-02T16:40:37+00:00,16.1,2.945
mika-marcel-godts,eredivisie,eredivisie_belgio,classic,2026-08-02T16:42:47+00:00,8.53,2.946
mika-marcel-godts,eredivisie,eredivisie_belgio,classic,2026-08-02T16:52:39+00:00,13.04,2.953
mika-marcel-godts,eredivisie,eredivisie_belgio,classic,2026-08-02T18:54:58+00:00,14.25,3.038
mika-marcel-godts,eredivisie,eredivisie_belgio,classic,2026-08-02T20:39:12+00:00,13.35,3.111
mika-marcel-godts,eredivisie,eredivisie_belgio,classic,2026-08-03T05:46:22+00:00,13.49,3.491
mika-marcel-godts,eredivisie,eredivisie_belgio,classic,2026-08-03T12:20:21+00:00,14.02,-3.236
mika-marcel-godts,eredivisie,eredivisie_belgio,classic,2026-08-03T15:43:52+00:00,13.05,-3.095
mika-marcel-godts,eredivisie,eredivisie_belgio,classic,2026-07-31T20:52:02+00:00,22.49,1.119
mika-marcel-godts,eredivisie,eredivisie_belgio,classic,2026-07-31T21:03:18+00:00,17.27,1.127
mika-marcel-godts,eredivisie,eredivisie_belgio,classic,2026-07-31T21:05:42+00:00,20.01,1.129
mika-marcel-godts,eredivisie,eredivisie_belgio,classic,2026-07-31T21:28:39+00:00,16.78,1.145
mika-marcel-godts,eredivisie,eredivisie_belgio,classic,2026-07-31T21:34:28+00:00,14.52,1.149
mika-marcel-godts,eredivisie,eredivisie_belgio,classic,2026-07-31T21:39:16+00:00,15.98,1.152
mika-marcel-godts,eredivisie,eredivisie_belgio,classic,2026-07-31T21:44:35+00:00,14.85,1.156
mika-marcel-godts,eredivisie,eredivisie_belgio,classic,2026-07-31T22:13:13+00:00,13.86,1.176
mika-marcel-godts,eredivisie,eredivisie_belgio,classic,2026-07-31T22:17:56+00:00,13.06,1.179
mika-marcel-godts,eredivisie,eredivisie_belgio,classic,2026-07-31T22:23:03+00:00,13.54,1.183
mika-marcel-godts,eredivisie,eredivisie_belgio,classic,2026-07-31T22:25:12+00:00,12.57,1.184
mika-marcel-godts,eredivisie,eredivisie_belgio,classic,2026-08-01T03:17:18+00:00,12.62,1.387
mika-marcel-godts,eredivisie,eredivisie_belgio,classic,2026-08-01T04:57:45+00:00,10.05,1.457
mika-marcel-godts,eredivisie,eredivisie_belgio,classic,2026-08-01T05:29:21+00:00,10.53,1.479
mika-marcel-godts,eredivisie,eredivisie_belgio,classic,2026-08-01T05:55:18+00:00,12.63,1.497
mika-marcel-godts,eredivisie,eredivisie_belgio,classic,2026-08-01T06:38:49+00:00,13.59,1.527
mika-marcel-godts,eredivisie,eredivisie_belgio,classic,2026-08-01T06:39:39+00:00,11.65,1.528
mika-marcel-godts,eredivisie,eredivisie_belgio,classic,2026-08-01T06:46:44+00:00,13.59,1.532
mika-marcel-godts,eredivisie,eredivisie_belgio,classic,2026-08-01T06:56:36+00:00,10.52,1.539
mika-marcel-godts,eredivisie,eredivisie_belgio,classic,2026-08-01T06:58:12+00:00,10.03,1.54
mika-marcel-godts,eredivisie,eredivisie_belgio,classic,2026-08-01T07:20:31+00:00,10.04,1.556
mika-marcel-godts,eredivisie,eredivisie_belgio,classic,2026-08-01T07:58:31+00:00,10.04,1.582
mika-marcel-godts,eredivisie,eredivisie_belgio,classic,2026-08-01T08:02:15+00:00,11.49,1.585
mika-marcel-godts,eredivisie,eredivisie_belgio,classic,2026-08-01T08:13:53+00:00,12.14,1.593
mika-marcel-godts,eredivisie,eredivisie_belgio,classic,2026-08-01T08:21:50+00:00,11.33,1.598
mika-marcel-godts,eredivisie,eredivisie_belgio,classic,2026-08-01T08:23:28+00:00,11.33,1.6
mika-marcel-godts,eredivisie,eredivisie_belgio,classic,2026-08-01T08:48:46+00:00,14.09,1.617
mika-marcel-godts,eredivisie,eredivisie_belgio,classic,2026-08-01T09:09:37+00:00,12.96,1.632
mika-marcel-godts,eredivisie,eredivisie_belgio,classic,2026-08-01T09:43:09+00:00,13.28,1.655
mika-marcel-godts,eredivisie,eredivisie_belgio,classic,2026-08-01T10:16:09+00:00,14.07,1.678
mika-marcel-godts,eredivisie,eredivisie_belgio,classic,2026-08-01T10:41:18+00:00,14.88,1.695
mika-marcel-godts,eredivisie,eredivisie_belgio,classic,2026-08-01T10:45:41+00:00,21.84,1.698
mika-marcel-godts,eredivisie,eredivisie_belgio,classic,2026-08-01T10:49:52+00:00,12.13,1.701
mika-marcel-godts,eredivisie,eredivisie_belgio,classic,2026-08-01T12:08:55+00:00,13.1,1.756
mika-marcel-godts,eredivisie,eredivisie_belgio,classic,2026-08-01T12:08:58+00:00,13.43,1.756
mika-marcel-godts,eredivisie,eredivisie_belgio,classic,2026-08-01T12:14:19+00:00,13.43,1.76
mika-marcel-godts,eredivisie,eredivisie_belgio,classic,2026-08-01T12:28:47+00:00,12.62,1.77
mika-marcel-godts,eredivisie,eredivisie_belgio,classic,2026-08-01T13:06:07+00:00,14.08,1.796
mika-marcel-godts,eredivisie,eredivisie_belgio,classic,2026-08-01T13:06:22+00:00,14.08,1.796
mika-marcel-godts,eredivisie,eredivisie_belgio,classic,2026-08-01T13:06:36+00:00,14.08,1.796
mika-marcel-godts,eredivisie,eredivisie_belgio,classic,2026-07-28T20:18:27+00:00,21.74,-1.904
mika-marcel-godts,eredivisie,eredivisie_belgio,classic,2026-07-29T05:45:05+00:00,24.7,-1.51
mika-marcel-godts,eredivisie,eredivisie_belgio,classic,2026-07-29T13:37:33+00:00,25.25,-1.182
mika-marcel-godts,eredivisie,eredivisie_belgio,classic,2026-07-29T14:47:16+00:00,23.26,-1.134
mika-marcel-godts,eredivisie,eredivisie_belgio,classic,2026-07-29T15:20:16+00:00,22.95,-1.111
mika-marcel-godts,eredivisie,eredivisie_belgio,classic,2026-07-29T17:34:40+00:00,23.11,-1.018
mika-marcel-godts,eredivisie,eredivisie_belgio,classic,2026-07-29T20:43:11+00:00,22.08,-0.887
mika-marcel-godts,eredivisie,eredivisie_belgio,classic,2026-07-29T22:52:45+00:00,27.29,-0.797
mika-marcel-godts,eredivisie,eredivisie_belgio,classic,2026-07-30T03:37:51+00:00,23.0,-0.599
mika-marcel-godts,eredivisie,eredivisie_belgio,classic,2026-07-30T09:08:08+00:00,17.71,-0.369
mika-marcel-godts,eredivisie,eredivisie_belgio,classic,2026-07-30T12:58:07+00:00,20.92,-0.21
mika-marcel-godts,eredivisie,eredivisie_belgio,classic,2026-07-30T13:54:10+00:00,24.14,-0.171
mika-marcel-godts,eredivisie,eredivisie_belgio,classic,2026-07-30T17:56:49+00:00,21.95,-0.002
mika-marcel-godts,eredivisie,eredivisie_belgio,classic,2026-07-30T20:06:37+00:00,26.17,0.088
mika-marcel-godts,eredivisie,eredivisie_belgio,classic,2026-07-30T20:56:24+00:00,25.17,0.122
mika-marcel-godts,eredivisie,eredivisie_belgio,classic,2026-07-30T22:20:50+00:00,21.96,0.181
mika-marcel-godts,eredivisie,eredivisie_belgio,classic,2026-07-31T07:23:16+00:00,21.96,0.558
mika-marcel-godts,eredivisie,eredivisie_belgio,classic,2026-07-31T08:08:30+00:00,23.45,0.589
mika-marcel-godts,eredivisie,eredivisie_belgio,classic,2026-07-31T11:03:59+00:00,24.75,0.711
mika-marcel-godts,eredivisie,eredivisie_belgio,classic,2026-07-31T17:59:40+00:00,22.16,1.0
mika-marcel-godts,eredivisie,eredivisie_belgio,classic,2026-07-31T18:09:01+00:00,21.76,1.006
ricardo-pepi,eredivisie,eredivisie_belgio,classic,2026-07-30T08:04:53+00:00,4.15,-9.413
ricardo-pepi,eredivisie,eredivisie_belgio,classic,2026-07-30T10:55:23+00:00,3.34,-9.295
ricardo-pepi,eredivisie,eredivisie_belgio,classic,2026-07-30T16:43:18+00:00,3.99,-9.053
ricardo-pepi,eredivisie,eredivisie_belgio,classic,2026-07-31T12:45:41+00:00,3.61,-8.218
ricardo-pepi,eredivisie,eredivisie_belgio,classic,2026-07-31T13:28:26+00:00,3.93,-8.189
ricardo-pepi,eredivisie,eredivisie_belgio,classic,2026-07-31T20:51:07+00:00,4.05,-7.881
ricardo-pepi,eredivisie,eredivisie_belgio,classic,2026-07-31T22:41:20+00:00,4.03,-7.805
ricardo-pepi,eredivisie,eredivisie_belgio,classic,2026-07-31T23:45:48+00:00,4.51,-7.76
ricardo-pepi,eredivisie,eredivisie_belgio,classic,2026-08-01T06:49:32+00:00,3.88,-7.466
ricardo-pepi,eredivisie,eredivisie_belgio,classic,2026-08-01T13:40:05+00:00,3.72,-7.18
ricardo-pepi,eredivisie,eredivisie_belgio,classic,2026-08-01T19:58:13+00:00,3.98,-6.918
ricardo-pepi,eredivisie,eredivisie_belgio,classic,2026-08-02T13:00:14+00:00,3.86,-6.208
ricardo-pepi,eredivisie,eredivisie_belgio,classic,2026-08-03T12:36:29+00:00,3.98,-5.225
ricardo-pepi,eredivisie,eredivisie_belgio,classic,2026-07-27T16:31:11+00:00,3.89,-12.062
ricardo-pepi,eredivisie,eredivisie_belgio,classic,2026-07-27T17:44:36+00:00,3.07,-12.011
ricardo-pepi,eredivisie,eredivisie_belgio,classic,2026-07-27T21:11:59+00:00,3.08,-11.867
ricardo-pepi,eredivisie,eredivisie_belgio,classic,2026-07-28T01:34:17+00:00,2.48,-11.685
ricardo-pepi,eredivisie,eredivisie_belgio,classic,2026-07-28T10:36:15+00:00,3.63,-11.308
ricardo-pepi,eredivisie,eredivisie_belgio,classic,2026-07-28T16:02:07+00:00,3.2,-11.082
ricardo-pepi,eredivisie,eredivisie_belgio,classic,2026-07-28T20:59:47+00:00,3.71,-10.875
ricardo-pepi,eredivisie,eredivisie_belgio,classic,2026-07-28T23:29:09+00:00,3.52,-10.771
ricardo-pepi,eredivisie,eredivisie_belgio,classic,2026-07-29T08:35:11+00:00,3.88,-10.392
ricardo-pepi,eredivisie,eredivisie_belgio,classic,2026-07-29T15:15:01+00:00,3.33,-10.115
ricardo-pepi,eredivisie,eredivisie_belgio,classic,2026-07-29T19:11:25+00:00,4.02,-9.95
ricardo-pepi,eredivisie,eredivisie_belgio,classic,2026-07-30T01:58:56+00:00,3.97,-9.667
lucas-oliveira-rosa,eredivisie,eredivisie_belgio,classic,2026-07-31T08:26:31+00:00,4.59,0.602
lucas-oliveira-rosa,eredivisie,eredivisie_belgio,classic,2026-07-31T20:29:19+00:00,4.05,1.104
lucas-oliveira-rosa,eredivisie,eredivisie_belgio,classic,2026-07-31T20:44:45+00:00,4.05,1.114
lucas-oliveira-rosa,eredivisie,eredivisie_belgio,classic,2026-07-31T22:57:03+00:00,4.03,1.206
lucas-oliveira-rosa,eredivisie,eredivisie_belgio,classic,2026-08-01T04:20:58+00:00,4.05,1.431
lucas-oliveira-rosa,eredivisie,eredivisie_belgio,classic,2026-08-01T05:16:15+00:00,2.59,1.47
lucas-oliveira-rosa,eredivisie,eredivisie_belgio,classic,2026-08-01T09:29:43+00:00,4.7,1.646
lucas-oliveira-rosa,eredivisie,eredivisie_belgio,classic,2026-08-01T10:18:20+00:00,4.37,1.679
lucas-oliveira-rosa,eredivisie,eredivisie_belgio,classic,2026-08-01T11:44:04+00:00,3.72,1.739
lucas-oliveira-rosa,eredivisie,eredivisie_belgio,classic,2026-08-01T14:22:08+00:00,3.72,1.849
lucas-oliveira-rosa,eredivisie,eredivisie_belgio,classic,2026-08-01T15:32:09+00:00,3.73,1.897
lucas-oliveira-rosa,eredivisie,eredivisie_belgio,classic,2026-08-01T15:55:29+00:00,4.38,1.914
lucas-oliveira-rosa,eredivisie,eredivisie_belgio,classic,2026-08-01T18:59:21+00:00,4.03,2.041
lucas-oliveira-rosa,eredivisie,eredivisie_belgio,classic,2026-08-01T18:59:40+00:00,4.03,2.041
lucas-oliveira-rosa,eredivisie,eredivisie_belgio,classic,2026-08-01T18:59:46+00:00,4.19,2.042
lucas-oliveira-rosa,eredivisie,eredivisie_belgio,classic,2026-08-01T20:56:31+00:00,4.94,2.123
lucas-oliveira-rosa,eredivisie,eredivisie_belgio,classic,2026-08-02T14:39:40+00:00,4.98,2.861
lucas-oliveira-rosa,eredivisie,eredivisie_belgio,classic,2026-08-02T15:03:57+00:00,5.3,2.878
lucas-oliveira-rosa,eredivisie,eredivisie_belgio,classic,2026-08-02T15:10:39+00:00,4.98,2.882
lucas-oliveira-rosa,eredivisie,eredivisie_belgio,classic,2026-08-02T15:19:26+00:00,5.3,2.888
lucas-oliveira-rosa,eredivisie,eredivisie_belgio,classic,2026-08-02T16:42:15+00:00,3.86,2.946
lucas-oliveira-rosa,eredivisie,eredivisie_belgio,classic,2026-08-02T23:08:35+00:00,5.86,3.214
lucas-oliveira-rosa,eredivisie,eredivisie_belgio,classic,2026-08-03T07:48:19+00:00,5.29,-3.425
lucas-oliveira-rosa,eredivisie,eredivisie_belgio,classic,2026-08-03T10:44:54+00:00,5.78,-3.302
lucas-oliveira-rosa,eredivisie,eredivisie_belgio,classic,2026-07-28T04:17:02+00:00,5.62,-2.572
lucas-oliveira-rosa,eredivisie,eredivisie_belgio,classic,2026-07-28T06:17:56+00:00,6.79,-2.488
lucas-oliveira-rosa,eredivisie,eredivisie_belgio,classic,2026-07-28T07:19:33+00:00,6.64,-2.445
lucas-oliveira-rosa,eredivisie,eredivisie_belgio,classic,2026-07-28T09:34:10+00:00,9.77,-2.351
lucas-oliveira-rosa,eredivisie,eredivisie_belgio,classic,2026-07-28T09:52:22+00:00,7.12,-2.339
lucas-oliveira-rosa,eredivisie,eredivisie_belgio,classic,2026-07-28T11:27:23+00:00,6.44,-2.273
lucas-oliveira-rosa,eredivisie,eredivisie_belgio,classic,2026-07-28T12:36:45+00:00,7.09,-2.224
lucas-oliveira-rosa,eredivisie,eredivisie_belgio,classic,2026-07-28T12:42:55+00:00,7.09,-2.22
lucas-oliveira-rosa,eredivisie,eredivisie_belgio,classic,2026-07-28T13:22:10+00:00,6.65,-2.193
lucas-oliveira-rosa,eredivisie,eredivisie_belgio,classic,2026-07-28T13:28:34+00:00,7.48,-2.188
lucas-oliveira-rosa,eredivisie,eredivisie_belgio,classic,2026-07-28T17:46:27+00:00,7.43,-2.009
lucas-oliveira-rosa,eredivisie,eredivisie_belgio,classic,2026-07-29T11:47:21+00:00,6.04,-1.259
lucas-oliveira-rosa,eredivisie,eredivisie_belgio,classic,2026-07-29T16:42:52+00:00,7.14,-1.054
lucas-oliveira-rosa,eredivisie,eredivisie_belgio,classic,2026-07-29T18:34:47+00:00,4.7,-0.976
lucas-oliveira-rosa,eredivisie,eredivisie_belgio,classic,2026-07-30T09:39:21+00:00,4.34,-0.348
lucas-oliveira-rosa,eredivisie,eredivisie_belgio,classic,2026-07-30T12:36:40+00:00,5.69,-0.225
lucas-oliveira-rosa,eredivisie,eredivisie_belgio,classic,2026-07-30T15:07:08+00:00,5.0,-0.12
lucas-oliveira-rosa,eredivisie,eredivisie_belgio,classic,2026-07-30T17:29:29+00:00,5.65,-0.021
lucas-oliveira-rosa,eredivisie,eredivisie_belgio,classic,2026-07-30T18:11:09+00:00,4.16,0.008
lucas-oliveira-rosa,eredivisie,eredivisie_belgio,classic,2026-07-30T19:15:23+00:00,4.15,0.052
lucas-oliveira-rosa,eredivisie,eredivisie_belgio,classic,2026-07-30T20:09:46+00:00,5.0,0.09
lucas-oliveira-rosa,eredivisie,eredivisie_belgio,classic,2026-07-30T20:34:44+00:00,5.17,0.107
lucas-oliveira-rosa,eredivisie,eredivisie_belgio,classic,2026-07-31T06:13:49+00:00,4.3,0.51
lucas-oliveira-rosa,eredivisie,eredivisie_belgio,classic,2026-07-27T15:50:51+00:00,4.75,-3.09
lucas-oliveira-rosa,eredivisie,eredivisie_belgio,classic,2026-07-27T16:05:12+00:00,5.08,-3.08
lucas-oliveira-rosa,eredivisie,eredivisie_belgio,classic,2026-07-27T17:02:23+00:00,5.11,-3.04
lucas-oliveira-rosa,eredivisie,eredivisie_belgio,classic,2026-07-27T17:36:52+00:00,5.62,-3.016
lucas-oliveira-rosa,eredivisie,eredivisie_belgio,classic,2026-07-27T19:09:02+00:00,5.62,-2.952
lucas-oliveira-rosa,eredivisie,eredivisie_belgio,classic,2026-07-27T20:49:46+00:00,6.16,-2.882
lucas-oliveira-rosa,eredivisie,eredivisie_belgio,classic,2026-07-27T21:29:03+00:00,5.3,-2.855
lucas-oliveira-rosa,eredivisie,eredivisie_belgio,classic,2026-07-27T23:11:24+00:00,5.5,-2.784
lucas-oliveira-rosa,eredivisie,eredivisie_belgio,classic,2026-07-27T23:37:18+00:00,6.5,-2.766
lucas-oliveira-rosa,eredivisie,eredivisie_belgio,classic,2026-07-27T23:56:02+00:00,5.5,-2.753
lucas-oliveira-rosa,eredivisie,eredivisie_belgio,classic,2026-07-28T02:59:41+00:00,5.44,-2.625
lucas-oliveira-rosa,eredivisie,eredivisie_belgio,classic,2026-07-28T03:54:22+00:00,5.27,-2.587
lucas-oliveira-rosa,eredivisie,eredivisie_belgio,classic,2026-07-28T03:58:38+00:00,5.6,-2.584
lucas-oliveira-rosa,eredivisie,eredivisie_belgio,classic,2026-07-28T04:02:08+00:00,5.62,-2.582
mauro-jaqueson-junior-ferreira-dos-santos,eredivisie,eredivisie_belgio,classic,2026-07-31T12:34:13+00:00,5.74,-8.226
mauro-jaqueson-junior-ferreira-dos-santos,eredivisie,eredivisie_belgio,classic,2026-07-31T13:33:51+00:00,5.89,-8.185
mauro-jaqueson-junior-ferreira-dos-santos,eredivisie,eredivisie_belgio,classic,2026-07-31T16:42:48+00:00,5.98,-8.054
mauro-jaqueson-junior-ferreira-dos-santos,eredivisie,eredivisie_belgio,classic,2026-07-31T19:50:21+00:00,5.03,-7.923
mauro-jaqueson-junior-ferreira-dos-santos,eredivisie,eredivisie_belgio,classic,2026-08-01T07:17:41+00:00,5.02,-7.446
mauro-jaqueson-junior-ferreira-dos-santos,eredivisie,eredivisie_belgio,classic,2026-08-01T09:59:20+00:00,5.02,-7.334
mauro-jaqueson-junior-ferreira-dos-santos,eredivisie,eredivisie_belgio,classic,2026-08-01T13:34:34+00:00,5.99,-7.184
mauro-jaqueson-junior-ferreira-dos-santos,eredivisie,eredivisie_belgio,classic,2026-08-01T14:12:00+00:00,6.15,-7.158
mauro-jaqueson-junior-ferreira-dos-santos,eredivisie,eredivisie_belgio,classic,2026-08-01T15:59:59+00:00,6.17,-7.083
mauro-jaqueson-junior-ferreira-dos-santos,eredivisie,eredivisie_belgio,classic,2026-08-01T16:00:48+00:00,7.13,-7.083
mauro-jaqueson-junior-ferreira-dos-santos,eredivisie,eredivisie_belgio,classic,2026-08-02T05:05:20+00:00,6.19,-6.538
mauro-jaqueson-junior-ferreira-dos-santos,eredivisie,eredivisie_belgio,classic,2026-08-02T10:04:45+00:00,7.13,-6.33
mauro-jaqueson-junior-ferreira-dos-santos,eredivisie,eredivisie_belgio,classic,2026-08-02T10:32:31+00:00,6.32,-6.311
mauro-jaqueson-junior-ferreira-dos-santos,eredivisie,eredivisie_belgio,classic,2026-08-02T13:33:41+00:00,6.11,-6.185
mauro-jaqueson-junior-ferreira-dos-santos,eredivisie,eredivisie_belgio,classic,2026-08-02T13:59:14+00:00,6.27,-6.167
mauro-jaqueson-junior-ferreira-dos-santos,eredivisie,eredivisie_belgio,classic,2026-08-02T13:59:38+00:00,6.43,-6.167
mauro-jaqueson-junior-ferreira-dos-santos,eredivisie,eredivisie_belgio,classic,2026-08-02T13:59:49+00:00,6.43,-6.167
mauro-jaqueson-junior-ferreira-dos-santos,eredivisie,eredivisie_belgio,classic,2026-08-02T15:23:44+00:00,5.95,-6.109
mauro-jaqueson-junior-ferreira-dos-santos,eredivisie,eredivisie_belgio,classic,2026-08-02T16:51:56+00:00,4.19,-6.047
mauro-jaqueson-junior-ferreira-dos-santos,eredivisie,eredivisie_belgio,classic,2026-08-02T17:25:40+00:00,6.78,-6.024
mauro-jaqueson-junior-ferreira-dos-santos,eredivisie,eredivisie_belgio,classic,2026-08-02T19:41:23+00:00,6.34,-5.93
mauro-jaqueson-junior-ferreira-dos-santos,eredivisie,eredivisie_belgio,classic,2026-08-02T19:50:32+00:00,10.07,-5.923
mauro-jaqueson-junior-ferreira-dos-santos,eredivisie,eredivisie_belgio,classic,2026-08-02T21:21:38+00:00,5.87,-5.86
mauro-jaqueson-junior-ferreira-dos-santos,eredivisie,eredivisie_belgio,classic,2026-08-02T21:21:52+00:00,6.03,-5.86
mauro-jaqueson-junior-ferreira-dos-santos,eredivisie,eredivisie_belgio,classic,2026-08-02T21:21:59+00:00,6.03,-5.86
mauro-jaqueson-junior-ferreira-dos-santos,eredivisie,eredivisie_belgio,classic,2026-08-02T21:33:39+00:00,6.84,-5.852
mauro-jaqueson-junior-ferreira-dos-santos,eredivisie,eredivisie_belgio,classic,2026-08-02T23:13:20+00:00,7.49,-5.782
mauro-jaqueson-junior-ferreira-dos-santos,eredivisie,eredivisie_belgio,classic,2026-07-27T16:46:43+00:00,6.94,-12.051
mauro-jaqueson-junior-ferreira-dos-santos,eredivisie,eredivisie_belgio,classic,2026-07-27T18:29:37+00:00,6.49,-11.979
mauro-jaqueson-junior-ferreira-dos-santos,eredivisie,eredivisie_belgio,classic,2026-07-27T19:54:23+00:00,6.48,-11.921
mauro-jaqueson-junior-ferreira-dos-santos,eredivisie,eredivisie_belgio,classic,2026-07-27T19:55:58+00:00,6.48,-11.919
mauro-jaqueson-junior-ferreira-dos-santos,eredivisie,eredivisie_belgio,classic,2026-07-28T01:35:28+00:00,4.29,-11.684
mauro-jaqueson-junior-ferreira-dos-santos,eredivisie,eredivisie_belgio,classic,2026-07-28T13:42:37+00:00,6.32,-11.179
mauro-jaqueson-junior-ferreira-dos-santos,eredivisie,eredivisie_belgio,classic,2026-07-28T20:38:33+00:00,6.24,-10.89
mauro-jaqueson-junior-ferreira-dos-santos,eredivisie,eredivisie_belgio,classic,2026-07-29T01:35:43+00:00,7.06,-10.684
mauro-jaqueson-junior-ferreira-dos-santos,eredivisie,eredivisie_belgio,classic,2026-07-29T08:14:36+00:00,6.74,-10.407
mauro-jaqueson-junior-ferreira-dos-santos,eredivisie,eredivisie_belgio,classic,2026-07-29T10:54:53+00:00,6.24,-10.295
mauro-jaqueson-junior-ferreira-dos-santos,eredivisie,eredivisie_belgio,classic,2026-07-29T12:08:35+00:00,7.06,-10.244
mauro-jaqueson-junior-ferreira-dos-santos,eredivisie,eredivisie_belgio,classic,2026-07-29T19:14:23+00:00,6.2,-9.948
mauro-jaqueson-junior-ferreira-dos-santos,eredivisie,eredivisie_belgio,classic,2026-07-30T14:32:51+00:00,5.02,-9.144
mauro-jaqueson-junior-ferreira-dos-santos,eredivisie,eredivisie_belgio,classic,2026-07-30T20:28:08+00:00,5.17,-8.897
mauro-jaqueson-junior-ferreira-dos-santos,eredivisie,eredivisie_belgio,classic,2026-07-30T22:15:23+00:00,5.99,-8.823
mauro-jaqueson-junior-ferreira-dos-santos,eredivisie,eredivisie_belgio,classic,2026-07-30T22:48:47+00:00,5.32,-8.799
mauro-jaqueson-junior-ferreira-dos-santos,eredivisie,eredivisie_belgio,classic,2026-07-31T00:09:42+00:00,6.99,-8.743
mauro-jaqueson-junior-ferreira-dos-santos,eredivisie,eredivisie_belgio,classic,2026-07-31T04:26:04+00:00,6.13,-8.565
mauro-jaqueson-junior-ferreira-dos-santos,eredivisie,eredivisie_belgio,classic,2026-07-31T09:42:06+00:00,4.59,-8.346
mauro-jaqueson-junior-ferreira-dos-santos,eredivisie,eredivisie_belgio,classic,2026-07-31T10:52:50+00:00,6.05,-8.297
andreas-kristoffer-jungdal,jupiler-pro-league,eredivisie_belgio,classic,2026-07-30T10:50:29+00:00,3.01,-9.33
andreas-kristoffer-jungdal,jupiler-pro-league,eredivisie_belgio,classic,2026-07-30T12:23:05+00:00,3.01,-9.265
andreas-kristoffer-jungdal,jupiler-pro-league,eredivisie_belgio,classic,2026-07-30T13:25:20+00:00,2.68,-9.222
andreas-kristoffer-jungdal,jupiler-pro-league,eredivisie_belgio,classic,2026-07-31T06:49:55+00:00,2.81,-8.497
andreas-kristoffer-jungdal,jupiler-pro-league,eredivisie_belgio,classic,2026-07-31T08:23:36+00:00,2.95,-8.432
andreas-kristoffer-jungdal,jupiler-pro-league,eredivisie_belgio,classic,2026-07-31T20:18:12+00:00,3.24,-7.935
andreas-kristoffer-jungdal,jupiler-pro-league,eredivisie_belgio,classic,2026-08-01T08:32:10+00:00,2.91,-7.426
andreas-kristoffer-jungdal,jupiler-pro-league,eredivisie_belgio,classic,2026-08-01T10:03:11+00:00,2.59,-7.362
andreas-kristoffer-jungdal,jupiler-pro-league,eredivisie_belgio,classic,2026-08-01T11:38:08+00:00,2.91,-7.296
andreas-kristoffer-jungdal,jupiler-pro-league,eredivisie_belgio,classic,2026-08-01T15:01:10+00:00,2.92,-7.155
andreas-kristoffer-jungdal,jupiler-pro-league,eredivisie_belgio,classic,2026-08-01T19:34:23+00:00,3.02,-6.966
andreas-kristoffer-jungdal,jupiler-pro-league,eredivisie_belgio,classic,2026-08-01T21:48:07+00:00,2.39,-6.873
andreas-kristoffer-jungdal,jupiler-pro-league,eredivisie_belgio,classic,2026-08-02T10:32:36+00:00,3.24,-6.342
andreas-kristoffer-jungdal,jupiler-pro-league,eredivisie_belgio,classic,2026-08-02T12:26:44+00:00,3.85,-6.263
andreas-kristoffer-jungdal,jupiler-pro-league,eredivisie_belgio,classic,2026-08-02T16:54:41+00:00,2.09,-6.077
andreas-kristoffer-jungdal,jupiler-pro-league,eredivisie_belgio,classic,2026-08-03T07:46:46+00:00,2.88,-5.457
andreas-kristoffer-jungdal,jupiler-pro-league,eredivisie_belgio,classic,2026-07-28T00:21:18+00:00,2.16,-11.766
andreas-kristoffer-jungdal,jupiler-pro-league,eredivisie_belgio,classic,2026-07-28T11:33:54+00:00,2.97,-11.299
andreas-kristoffer-jungdal,jupiler-pro-league,eredivisie_belgio,classic,2026-07-29T10:05:43+00:00,3.03,-10.361
andreas-kristoffer-jungdal,jupiler-pro-league,eredivisie_belgio,classic,2026-07-29T10:06:46+00:00,3.03,-10.36
andreas-kristoffer-jungdal,jupiler-pro-league,eredivisie_belgio,classic,2026-07-29T12:18:50+00:00,2.86,-10.268
andreas-kristoffer-jungdal,jupiler-pro-league,eredivisie_belgio,classic,2026-07-29T15:54:28+00:00,2.83,-10.118
andreas-kristoffer-jungdal,jupiler-pro-league,eredivisie_belgio,classic,2026-07-29T19:08:52+00:00,2.85,-9.983
andreas-kristoffer-jungdal,jupiler-pro-league,eredivisie_belgio,classic,2026-07-29T22:11:14+00:00,2.65,-9.857
davy-roef,jupiler-pro-league,eredivisie_belgio,classic,2026-07-31T08:10:01+00:00,3.61,0.569
davy-roef,jupiler-pro-league,eredivisie_belgio,classic,2026-07-31T13:15:39+00:00,4.58,0.782
davy-roef,jupiler-pro-league,eredivisie_belgio,classic,2026-07-31T13:21:07+00:00,3.6,0.785
davy-roef,jupiler-pro-league,eredivisie_belgio,classic,2026-07-31T15:12:19+00:00,4.04,0.863
davy-roef,jupiler-pro-league,eredivisie_belgio,classic,2026-07-31T16:11:43+00:00,3.72,0.904
davy-roef,jupiler-pro-league,eredivisie_belgio,classic,2026-07-31T17:27:19+00:00,3.88,0.956
davy-roef,jupiler-pro-league,eredivisie_belgio,classic,2026-07-31T19:29:44+00:00,3.73,1.041
davy-roef,jupiler-pro-league,eredivisie_belgio,classic,2026-07-31T20:32:14+00:00,4.37,1.085
davy-roef,jupiler-pro-league,eredivisie_belgio,classic,2026-07-31T21:42:18+00:00,2.1,1.134
davy-roef,jupiler-pro-league,eredivisie_belgio,classic,2026-08-01T10:54:25+00:00,4.04,1.684
davy-roef,jupiler-pro-league,eredivisie_belgio,classic,2026-08-01T11:12:53+00:00,3.07,1.696
davy-roef,jupiler-pro-league,eredivisie_belgio,classic,2026-08-01T11:53:23+00:00,3.88,1.725
davy-roef,jupiler-pro-league,eredivisie_belgio,classic,2026-08-01T15:57:08+00:00,3.9,1.894
davy-roef,jupiler-pro-league,eredivisie_belgio,classic,2026-08-01T16:01:47+00:00,3.89,1.897
davy-roef,jupiler-pro-league,eredivisie_belgio,classic,2026-08-01T21:09:46+00:00,6.05,2.111
davy-roef,jupiler-pro-league,eredivisie_belgio,classic,2026-08-01T21:27:31+00:00,3.98,2.123
davy-roef,jupiler-pro-league,eredivisie_belgio,classic,2026-08-02T07:54:01+00:00,3.9,2.558
davy-roef,jupiler-pro-league,eredivisie_belgio,classic,2026-08-02T11:56:40+00:00,4.05,2.727
davy-roef,jupiler-pro-league,eredivisie_belgio,classic,2026-08-02T12:54:17+00:00,2.89,2.767
davy-roef,jupiler-pro-league,eredivisie_belgio,classic,2026-08-02T15:09:58+00:00,3.54,2.861
davy-roef,jupiler-pro-league,eredivisie_belgio,classic,2026-08-02T16:14:56+00:00,2.9,2.906
davy-roef,jupiler-pro-league,eredivisie_belgio,classic,2026-08-02T17:26:43+00:00,3.55,2.956
davy-roef,jupiler-pro-league,eredivisie_belgio,classic,2026-08-03T07:52:19+00:00,3.69,-3.38
davy-roef,jupiler-pro-league,eredivisie_belgio,classic,2026-08-03T08:14:21+00:00,3.99,-3.365
davy-roef,jupiler-pro-league,eredivisie_belgio,classic,2026-08-03T09:43:05+00:00,3.51,-3.303
davy-roef,jupiler-pro-league,eredivisie_belgio,classic,2026-08-03T09:44:43+00:00,4.15,-3.302
davy-roef,jupiler-pro-league,eredivisie_belgio,classic,2026-07-27T18:23:29+00:00,3.07,-3.005
davy-roef,jupiler-pro-league,eredivisie_belgio,classic,2026-07-28T01:12:15+00:00,2.97,-2.721
davy-roef,jupiler-pro-league,eredivisie_belgio,classic,2026-07-28T05:58:29+00:00,2.81,-2.522
davy-roef,jupiler-pro-league,eredivisie_belgio,classic,2026-07-28T06:38:27+00:00,2.81,-2.494
davy-roef,jupiler-pro-league,eredivisie_belgio,classic,2026-07-28T06:56:34+00:00,2.81,-2.482
davy-roef,jupiler-pro-league,eredivisie_belgio,classic,2026-07-28T08:32:32+00:00,2.81,-2.415
davy-roef,jupiler-pro-league,eredivisie_belgio,classic,2026-07-28T17:20:24+00:00,3.21,-2.048
davy-roef,jupiler-pro-league,eredivisie_belgio,classic,2026-07-28T19:28:28+00:00,3.86,-1.959
davy-roef,jupiler-pro-league,eredivisie_belgio,classic,2026-07-29T10:56:30+00:00,3.88,-1.315
davy-roef,jupiler-pro-league,eredivisie_belgio,classic,2026-07-29T12:29:43+00:00,3.87,-1.25
davy-roef,jupiler-pro-league,eredivisie_belgio,classic,2026-07-29T15:42:13+00:00,7.15,-1.117
davy-roef,jupiler-pro-league,eredivisie_belgio,classic,2026-07-29T17:11:23+00:00,3.16,-1.055
davy-roef,jupiler-pro-league,eredivisie_belgio,classic,2026-07-29T18:34:32+00:00,3.02,-0.997
davy-roef,jupiler-pro-league,eredivisie_belgio,classic,2026-07-29T21:28:58+00:00,3.61,-0.876
davy-roef,jupiler-pro-league,eredivisie_belgio,classic,2026-07-29T23:17:52+00:00,2.82,-0.8
davy-roef,jupiler-pro-league,eredivisie_belgio,classic,2026-07-30T08:07:31+00:00,3.66,-0.432
davy-roef,jupiler-pro-league,eredivisie_belgio,classic,2026-07-30T15:21:00+00:00,3.5,-0.131
davy-roef,jupiler-pro-league,eredivisie_belgio,classic,2026-07-30T17:35:08+00:00,3.83,-0.038
davy-roef,jupiler-pro-league,eredivisie_belgio,classic,2026-07-30T17:54:31+00:00,3.49,-0.025
davy-roef,jupiler-pro-league,eredivisie_belgio,classic,2026-07-30T19:07:02+00:00,4.15,0.026
davy-roef,jupiler-pro-league,eredivisie_belgio,classic,2026-07-30T19:24:02+00:00,3.49,0.038
davy-roef,jupiler-pro-league,eredivisie_belgio,classic,2026-07-30T22:02:44+00:00,3.49,0.148
davy-roef,jupiler-pro-league,eredivisie_belgio,classic,2026-07-30T22:13:33+00:00,3.49,0.155
davy-roef,jupiler-pro-league,eredivisie_belgio,classic,2026-07-30T23:38:10+00:00,3.67,0.214
anan-khalaili,jupiler-pro-league,eredivisie_belgio,classic,2026-07-30T12:15:27+00:00,3.01,-5.239
anan-khalaili,jupiler-pro-league,eredivisie_belgio,classic,2026-07-30T17:27:31+00:00,2.49,-5.023
anan-khalaili,jupiler-pro-league,eredivisie_belgio,classic,2026-07-30T22:39:39+00:00,2.99,-4.806
anan-khalaili,jupiler-pro-league,eredivisie_belgio,classic,2026-07-30T23:03:28+00:00,3.0,-4.789
anan-khalaili,jupiler-pro-league,eredivisie_belgio,classic,2026-07-31T05:56:59+00:00,1.82,-4.502
anan-khalaili,jupiler-pro-league,eredivisie_belgio,classic,2026-07-31T15:12:06+00:00,4.04,-4.117
anan-khalaili,jupiler-pro-league,eredivisie_belgio,classic,2026-08-01T05:58:03+00:00,3.24,-3.501
anan-khalaili,jupiler-pro-league,eredivisie_belgio,classic,2026-08-01T10:01:33+00:00,3.4,-3.332
anan-khalaili,jupiler-pro-league,eredivisie_belgio,classic,2026-08-01T11:13:08+00:00,2.43,-3.283
anan-khalaili,jupiler-pro-league,eredivisie_belgio,classic,2026-08-01T11:52:04+00:00,3.23,-3.256
anan-khalaili,jupiler-pro-league,eredivisie_belgio,classic,2026-08-01T12:00:49+00:00,2.59,-3.249
anan-khalaili,jupiler-pro-league,eredivisie_belgio,classic,2026-08-01T23:33:53+00:00,2.88,-2.768
anan-khalaili,jupiler-pro-league,eredivisie_belgio,classic,2026-08-02T00:25:10+00:00,2.56,-2.733
anan-khalaili,jupiler-pro-league,eredivisie_belgio,classic,2026-08-02T13:17:07+00:00,3.22,-2.196
anan-khalaili,jupiler-pro-league,eredivisie_belgio,classic,2026-08-02T16:18:39+00:00,2.74,-2.07
anan-khalaili,jupiler-pro-league,eredivisie_belgio,classic,2026-08-02T16:42:51+00:00,3.54,-2.054
anan-khalaili,jupiler-pro-league,eredivisie_belgio,classic,2026-08-03T12:38:47+00:00,3.03,-1.223
anan-khalaili,jupiler-pro-league,eredivisie_belgio,classic,2026-07-28T00:42:34+00:00,2.99,-7.72
anan-khalaili,jupiler-pro-league,eredivisie_belgio,classic,2026-07-28T09:02:25+00:00,2.81,-7.373
anan-khalaili,jupiler-pro-league,eredivisie_belgio,classic,2026-07-29T11:53:13+00:00,2.52,-6.255
anan-khalaili,jupiler-pro-league,eredivisie_belgio,classic,2026-07-29T13:15:47+00:00,2.84,-6.197
anan-khalaili,jupiler-pro-league,eredivisie_belgio,classic,2026-07-29T19:46:39+00:00,1.67,-5.926
anan-khalaili,jupiler-pro-league,eredivisie_belgio,classic,2026-07-30T03:33:04+00:00,2.83,-5.602
anan-khalaili,jupiler-pro-league,eredivisie_belgio,classic,2026-07-30T06:43:13+00:00,2.99,-5.47
anan-khalaili,jupiler-pro-league,eredivisie_belgio,classic,2026-07-30T06:54:39+00:00,2.33,-5.462
anan-khalaili,jupiler-pro-league,eredivisie_belgio,classic,2026-07-30T09:56:00+00:00,2.84,-5.336
bart-van-rooij,eredivisie,eredivisie_belgio,classic,2026-07-30T10:45:36+00:00,3.84,-0.323
bart-van-rooij,eredivisie,eredivisie_belgio,classic,2026-07-30T10:45:50+00:00,4.18,-0.322
bart-van-rooij,eredivisie,eredivisie_belgio,classic,2026-07-30T16:55:28+00:00,4.49,-0.066
bart-van-rooij,eredivisie,eredivisie_belgio,classic,2026-07-31T13:07:30+00:00,3.6,0.776
bart-van-rooij,eredivisie,eredivisie_belgio,classic,2026-07-31T20:46:13+00:00,4.05,1.095
bart-van-rooij,eredivisie,eredivisie_belgio,classic,2026-07-31T22:48:03+00:00,4.35,1.179
bart-van-rooij,eredivisie,eredivisie_belgio,classic,2026-08-01T05:47:05+00:00,4.05,1.47
bart-van-rooij,eredivisie,eredivisie_belgio,classic,2026-08-01T12:46:58+00:00,3.07,1.762
bart-van-rooij,eredivisie,eredivisie_belgio,classic,2026-08-02T11:30:06+00:00,3.72,2.708
bart-van-rooij,eredivisie,eredivisie_belgio,classic,2026-08-02T12:53:07+00:00,2.73,2.766
bart-van-rooij,eredivisie,eredivisie_belgio,classic,2026-08-02T14:30:59+00:00,3.54,2.834
bart-van-rooij,eredivisie,eredivisie_belgio,classic,2026-08-02T20:58:31+00:00,3.91,3.103
bart-van-rooij,eredivisie,eredivisie_belgio,classic,2026-08-03T07:32:07+00:00,3.36,-3.436
bart-van-rooij,eredivisie,eredivisie_belgio,classic,2026-08-03T11:01:45+00:00,3.52,-3.29
bart-van-rooij,eredivisie,eredivisie_belgio,classic,2026-08-03T13:11:58+00:00,4.15,-3.2
bart-van-rooij,eredivisie,eredivisie_belgio,classic,2026-08-03T14:39:09+00:00,3.06,-3.139
bart-van-rooij,eredivisie,eredivisie_belgio,classic,2026-07-27T17:38:17+00:00,3.07,-3.036
bart-van-rooij,eredivisie,eredivisie_belgio,classic,2026-07-27T18:14:26+00:00,3.93,-3.011
bart-van-rooij,eredivisie,eredivisie_belgio,classic,2026-07-27T20:34:56+00:00,3.94,-2.913
bart-van-rooij,eredivisie,eredivisie_belgio,classic,2026-07-28T01:32:36+00:00,3.14,-2.707
bart-van-rooij,eredivisie,eredivisie_belgio,classic,2026-07-28T03:03:38+00:00,3.79,-2.643
bart-van-rooij,eredivisie,eredivisie_belgio,classic,2026-07-28T07:46:22+00:00,3.98,-2.447
bart-van-rooij,eredivisie,eredivisie_belgio,classic,2026-07-28T11:39:29+00:00,3.97,-2.285
bart-van-rooij,eredivisie,eredivisie_belgio,classic,2026-07-28T12:34:44+00:00,4.12,-2.247
bart-van-rooij,eredivisie,eredivisie_belgio,classic,2026-07-28T13:56:12+00:00,3.83,-2.19
bart-van-rooij,eredivisie,eredivisie_belgio,classic,2026-07-28T20:31:13+00:00,3.37,-1.916
bart-van-rooij,eredivisie,eredivisie_belgio,classic,2026-07-29T00:45:53+00:00,3.03,-1.739
bart-van-rooij,eredivisie,eredivisie_belgio,classic,2026-07-29T07:19:07+00:00,4.21,-1.466
bart-van-rooij,eredivisie,eredivisie_belgio,classic,2026-07-29T10:26:52+00:00,3.71,-1.336
bart-van-rooij,eredivisie,eredivisie_belgio,classic,2026-07-29T10:31:45+00:00,3.71,-1.332
bart-van-rooij,eredivisie,eredivisie_belgio,classic,2026-07-29T12:42:13+00:00,3.7,-1.242
bart-van-rooij,eredivisie,eredivisie_belgio,classic,2026-07-29T14:04:47+00:00,4.18,-1.184
bart-van-rooij,eredivisie,eredivisie_belgio,classic,2026-07-30T03:42:50+00:00,3.83,-0.616
bart-van-rooij,eredivisie,eredivisie_belgio,classic,2026-07-30T09:09:06+00:00,3.84,-0.39
matte-smets,jupiler-pro-league,eredivisie_belgio,classic,2026-07-30T10:52:33+00:00,3.84,-10.13
matte-smets,jupiler-pro-league,eredivisie_belgio,classic,2026-07-30T20:37:05+00:00,2.83,-9.724
matte-smets,jupiler-pro-league,eredivisie_belgio,classic,2026-07-31T16:12:23+00:00,3.55,-8.908
matte-smets,jupiler-pro-league,eredivisie_belgio,classic,2026-08-01T04:40:56+00:00,3.89,-8.388
matte-smets,jupiler-pro-league,eredivisie_belgio,classic,2026-08-01T15:28:53+00:00,3.08,-7.938
matte-smets,jupiler-pro-league,eredivisie_belgio,classic,2026-08-01T20:32:27+00:00,3.66,-7.727
matte-smets,jupiler-pro-league,eredivisie_belgio,classic,2026-08-02T00:12:50+00:00,3.68,-7.574
matte-smets,jupiler-pro-league,eredivisie_belgio,classic,2026-08-02T05:56:15+00:00,2.93,-7.336
matte-smets,jupiler-pro-league,eredivisie_belgio,classic,2026-08-02T10:27:56+00:00,3.73,-7.147
matte-smets,jupiler-pro-league,eredivisie_belgio,classic,2026-08-02T13:10:44+00:00,3.06,-7.034
matte-smets,jupiler-pro-league,eredivisie_belgio,classic,2026-08-02T13:55:58+00:00,3.22,-7.003
matte-smets,jupiler-pro-league,eredivisie_belgio,classic,2026-08-02T16:58:15+00:00,2.09,-6.876
matte-smets,jupiler-pro-league,eredivisie_belgio,classic,2026-08-02T17:21:19+00:00,3.23,-6.86
matte-smets,jupiler-pro-league,eredivisie_belgio,classic,2026-08-02T20:31:29+00:00,3.58,-6.728
matte-smets,jupiler-pro-league,eredivisie_belgio,classic,2026-08-03T08:39:02+00:00,3.35,-6.223
matte-smets,jupiler-pro-league,eredivisie_belgio,classic,2026-08-03T11:48:53+00:00,3.84,-6.091
matte-smets,jupiler-pro-league,eredivisie_belgio,classic,2026-07-27T18:33:53+00:00,3.59,-12.81
matte-smets,jupiler-pro-league,eredivisie_belgio,classic,2026-07-27T18:41:32+00:00,4.1,-12.804
matte-smets,jupiler-pro-league,eredivisie_belgio,classic,2026-07-28T11:40:42+00:00,3.63,-12.097
matte-smets,jupiler-pro-league,eredivisie_belgio,classic,2026-07-28T12:59:36+00:00,2.47,-12.042
matte-smets,jupiler-pro-league,eredivisie_belgio,classic,2026-07-28T14:44:20+00:00,3.13,-11.969
matte-smets,jupiler-pro-league,eredivisie_belgio,classic,2026-07-28T15:58:53+00:00,3.15,-11.917
matte-smets,jupiler-pro-league,eredivisie_belgio,classic,2026-07-28T20:40:35+00:00,3.54,-11.722
matte-smets,jupiler-pro-league,eredivisie_belgio,classic,2026-07-29T05:33:06+00:00,3.51,-11.352
matte-smets,jupiler-pro-league,eredivisie_belgio,classic,2026-07-29T11:01:46+00:00,4.03,-11.124
matte-smets,jupiler-pro-league,eredivisie_belgio,classic,2026-07-29T16:14:44+00:00,3.65,-10.906
matte-smets,jupiler-pro-league,eredivisie_belgio,classic,2026-07-30T08:27:37+00:00,3.82,-10.231
yann-sommer,jupiler-pro-league,eredivisie_belgio,classic,2026-07-30T23:03:08+00:00,19.19,-7.821
yann-sommer,jupiler-pro-league,eredivisie_belgio,classic,2026-07-31T09:04:26+00:00,19.83,-7.403
yann-sommer,jupiler-pro-league,eredivisie_belgio,classic,2026-07-31T11:15:37+00:00,25.08,-7.312
yann-sommer,jupiler-pro-league,eredivisie_belgio,classic,2026-07-31T16:30:10+00:00,17.45,-7.094
yann-sommer,jupiler-pro-league,eredivisie_belgio,classic,2026-07-31T17:45:08+00:00,23.62,-7.042
yann-sommer,jupiler-pro-league,eredivisie_belgio,classic,2026-07-31T18:20:41+00:00,17.22,-7.017
yann-sommer,jupiler-pro-league,eredivisie_belgio,classic,2026-08-01T08:22:44+00:00,20.08,-6.432
yann-sommer,jupiler-pro-league,eredivisie_belgio,classic,2026-08-01T14:03:28+00:00,22.5,-6.196
yann-sommer,jupiler-pro-league,eredivisie_belgio,classic,2026-08-02T08:01:47+00:00,26.0,-5.447
yann-sommer,jupiler-pro-league,eredivisie_belgio,classic,2026-08-02T09:40:23+00:00,19.9,-5.378
yann-sommer,jupiler-pro-league,eredivisie_belgio,classic,2026-08-02T11:10:03+00:00,19.1,-5.316
yann-sommer,jupiler-pro-league,eredivisie_belgio,classic,2026-08-02T11:45:41+00:00,14.08,-5.291
yann-sommer,jupiler-pro-league,eredivisie_belgio,classic,2026-08-02T12:27:18+00:00,25.34,-5.262
yann-sommer,jupiler-pro-league,eredivisie_belgio,classic,2026-08-02T14:04:16+00:00,20.09,-5.195
yann-sommer,jupiler-pro-league,eredivisie_belgio,classic,2026-08-02T18:34:48+00:00,20.88,-5.007
yann-sommer,jupiler-pro-league,eredivisie_belgio,classic,2026-08-03T04:21:22+00:00,24.94,-4.6
yann-sommer,jupiler-pro-league,eredivisie_belgio,classic,2026-08-03T10:55:35+00:00,28.26,-4.326
yann-sommer,jupiler-pro-league,eredivisie_belgio,classic,2026-08-03T13:09:39+00:00,28.11,-4.233
yann-sommer,jupiler-pro-league,eredivisie_belgio,classic,2026-08-03T15:07:03+00:00,22.4,-4.151
yann-sommer,jupiler-pro-league,eredivisie_belgio,classic,2026-07-28T08:04:17+00:00,17.05,-10.445
yann-sommer,jupiler-pro-league,eredivisie_belgio,classic,2026-07-28T11:57:10+00:00,17.35,-10.283
yann-sommer,jupiler-pro-league,eredivisie_belgio,classic,2026-07-28T12:51:44+00:00,19.14,-10.245
yann-sommer,jupiler-pro-league,eredivisie_belgio,classic,2026-07-28T14:23:20+00:00,19.92,-10.182
yann-sommer,jupiler-pro-league,eredivisie_belgio,classic,2026-07-28T15:29:42+00:00,18.23,-10.136
yann-sommer,jupiler-pro-league,eredivisie_belgio,classic,2026-07-28T16:05:54+00:00,15.81,-10.11
yann-sommer,jupiler-pro-league,eredivisie_belgio,classic,2026-07-28T17:23:52+00:00,18.07,-10.056
yann-sommer,jupiler-pro-league,eredivisie_belgio,classic,2026-07-28T21:47:50+00:00,16.32,-9.873
yann-sommer,jupiler-pro-league,eredivisie_belgio,classic,2026-07-29T07:12:02+00:00,17.0,-9.481
yann-sommer,jupiler-pro-league,eredivisie_belgio,classic,2026-07-29T11:42:35+00:00,16.94,-9.293
yann-sommer,jupiler-pro-league,eredivisie_belgio,classic,2026-07-29T17:44:37+00:00,17.29,-9.042
yann-sommer,jupiler-pro-league,eredivisie_belgio,classic,2026-07-29T22:14:30+00:00,21.17,-8.855
yann-sommer,jupiler-pro-league,eredivisie_belgio,classic,2026-07-30T08:58:09+00:00,18.11,-8.408
yann-sommer,jupiler-pro-league,eredivisie_belgio,classic,2026-07-30T13:47:06+00:00,17.6,-8.207
yann-sommer,jupiler-pro-league,eredivisie_belgio,classic,2026-07-30T17:27:39+00:00,17.13,-8.054
yann-sommer,jupiler-pro-league,eredivisie_belgio,classic,2026-07-30T19:50:31+00:00,25.06,-7.955
yann-sommer,jupiler-pro-league,eredivisie_belgio,classic,2026-07-30T19:56:26+00:00,18.42,-7.95
yann-sommer,jupiler-pro-league,eredivisie_belgio,classic,2026-07-30T20:42:35+00:00,20.17,-7.918
yann-sommer,jupiler-pro-league,eredivisie_belgio,classic,2026-07-30T21:57:08+00:00,18.48,-7.867
ivan-perisic,eredivisie,eredivisie_belgio,classic,2026-07-30T16:42:45+00:00,3.83,-9.054
ivan-perisic,eredivisie,eredivisie_belgio,classic,2026-07-30T19:39:43+00:00,4.15,-8.931
ivan-perisic,eredivisie,eredivisie_belgio,classic,2026-07-31T10:37:42+00:00,2.45,-8.307
ivan-perisic,eredivisie,eredivisie_belgio,classic,2026-08-01T08:00:39+00:00,2.27,-7.416
ivan-perisic,eredivisie,eredivisie_belgio,classic,2026-08-01T11:23:32+00:00,2.91,-7.275
ivan-perisic,eredivisie,eredivisie_belgio,classic,2026-08-01T14:56:22+00:00,2.75,-7.128
ivan-perisic,eredivisie,eredivisie_belgio,classic,2026-08-01T15:35:38+00:00,2.76,-7.1
ivan-perisic,eredivisie,eredivisie_belgio,classic,2026-08-01T18:50:24+00:00,3.55,-6.965
ivan-perisic,eredivisie,eredivisie_belgio,classic,2026-08-02T10:03:36+00:00,3.08,-6.331
ivan-perisic,eredivisie,eredivisie_belgio,classic,2026-08-02T12:51:36+00:00,2.25,-6.214
ivan-perisic,eredivisie,eredivisie_belgio,classic,2026-08-02T17:24:00+00:00,3.07,-6.025
ivan-perisic,eredivisie,eredivisie_belgio,classic,2026-08-02T20:01:57+00:00,2.44,-5.915
ivan-perisic,eredivisie,eredivisie_belgio,classic,2026-08-02T20:19:59+00:00,2.6,-5.903
ivan-perisic,eredivisie,eredivisie_belgio,classic,2026-08-02T22:10:13+00:00,2.62,-5.826
ivan-perisic,eredivisie,eredivisie_belgio,classic,2026-08-03T07:39:24+00:00,2.56,-5.431
ivan-perisic,eredivisie,eredivisie_belgio,classic,2026-07-27T15:57:32+00:00,4.24,-12.085
ivan-perisic,eredivisie,eredivisie_belgio,classic,2026-07-27T19:30:43+00:00,3.07,-11.937
ivan-perisic,eredivisie,eredivisie_belgio,classic,2026-07-28T17:19:35+00:00,4.22,-11.028
ivan-perisic,eredivisie,eredivisie_belgio,classic,2026-07-28T22:57:42+00:00,3.04,-10.793
ivan-perisic,eredivisie,eredivisie_belgio,classic,2026-07-29T08:35:40+00:00,4.05,-10.392
ivan-perisic,eredivisie,eredivisie_belgio,classic,2026-07-29T10:22:33+00:00,4.05,-10.318
ivan-perisic,eredivisie,eredivisie_belgio,classic,2026-07-29T12:50:08+00:00,3.87,-10.215
ivan-perisic,eredivisie,eredivisie_belgio,classic,2026-07-29T18:04:12+00:00,4.03,-9.997
ivan-perisic,eredivisie,eredivisie_belgio,classic,2026-07-29T21:03:18+00:00,3.94,-9.873
jari-de-busser,eredivisie,eredivisie_belgio,classic,2026-08-01T15:44:34+00:00,6.98,-7.136
jari-de-busser,eredivisie,eredivisie_belgio,classic,2026-08-01T15:57:19+00:00,7.14,-7.127
jari-de-busser,eredivisie,eredivisie_belgio,classic,2026-08-01T16:03:46+00:00,6.96,-7.122
jari-de-busser,eredivisie,eredivisie_belgio,classic,2026-08-01T20:19:54+00:00,7.01,-6.945
jari-de-busser,eredivisie,eredivisie_belgio,classic,2026-08-02T02:59:35+00:00,7.4,-6.667
jari-de-busser,eredivisie,eredivisie_belgio,classic,2026-08-02T06:36:25+00:00,7.64,-6.516
jari-de-busser,eredivisie,eredivisie_belgio,classic,2026-08-02T06:58:20+00:00,7.47,-6.501
jari-de-busser,eredivisie,eredivisie_belgio,classic,2026-08-02T10:10:12+00:00,7.13,-6.368
jari-de-busser,eredivisie,eredivisie_belgio,classic,2026-08-02T13:56:40+00:00,8.04,-6.211
jari-de-busser,eredivisie,eredivisie_belgio,classic,2026-08-02T15:34:39+00:00,7.39,-6.143
jari-de-busser,eredivisie,eredivisie_belgio,classic,2026-08-02T15:35:39+00:00,8.04,-6.142
jari-de-busser,eredivisie,eredivisie_belgio,classic,2026-08-02T16:35:53+00:00,9.02,-6.1
jari-de-busser,eredivisie,eredivisie_belgio,classic,2026-08-02T18:41:23+00:00,8.42,-6.013
jari-de-busser,eredivisie,eredivisie_belgio,classic,2026-08-02T20:38:13+00:00,8.63,-5.932
jari-de-busser,eredivisie,eredivisie_belgio,classic,2026-08-03T00:58:30+00:00,5.06,-5.751
jari-de-busser,eredivisie,eredivisie_belgio,classic,2026-08-03T01:36:41+00:00,8.92,-5.725
jari-de-busser,eredivisie,eredivisie_belgio,classic,2026-08-03T04:32:43+00:00,4.99,-5.602
jari-de-busser,eredivisie,eredivisie_belgio,classic,2026-08-03T04:57:22+00:00,4.99,-5.585
jari-de-busser,eredivisie,eredivisie_belgio,classic,2026-08-03T05:47:40+00:00,6.59,-5.55
jari-de-busser,eredivisie,eredivisie_belgio,classic,2026-08-03T06:34:35+00:00,5.15,-5.518
jari-de-busser,eredivisie,eredivisie_belgio,classic,2026-08-03T06:43:41+00:00,5.15,-5.511
jari-de-busser,eredivisie,eredivisie_belgio,classic,2026-08-03T08:01:45+00:00,7.83,-5.457
jari-de-busser,eredivisie,eredivisie_belgio,classic,2026-08-03T08:05:10+00:00,7.03,-5.455
jari-de-busser,eredivisie,eredivisie_belgio,classic,2026-08-03T08:24:38+00:00,5.11,-5.441
jari-de-busser,eredivisie,eredivisie_belgio,classic,2026-08-03T09:20:17+00:00,5.9,-5.403
jari-de-busser,eredivisie,eredivisie_belgio,classic,2026-08-03T10:07:08+00:00,5.14,-5.37
jari-de-busser,eredivisie,eredivisie_belgio,classic,2026-08-03T10:55:34+00:00,5.14,-5.336
jari-de-busser,eredivisie,eredivisie_belgio,classic,2026-08-03T10:55:51+00:00,5.14,-5.336
jari-de-busser,eredivisie,eredivisie_belgio,classic,2026-08-03T11:05:37+00:00,6.72,-5.329
jari-de-busser,eredivisie,eredivisie_belgio,classic,2026-08-03T11:12:15+00:00,6.24,-5.325
jari-de-busser,eredivisie,eredivisie_belgio,classic,2026-08-03T13:12:10+00:00,5.11,-5.242
jari-de-busser,eredivisie,eredivisie_belgio,classic,2026-08-03T13:55:07+00:00,7.03,-5.212
jari-de-busser,eredivisie,eredivisie_belgio,classic,2026-08-03T14:07:44+00:00,5.16,-5.203
jari-de-busser,eredivisie,eredivisie_belgio,classic,2026-08-03T15:38:07+00:00,8.54,-5.14
jari-de-busser,eredivisie,eredivisie_belgio,classic,2026-07-30T06:49:19+00:00,4.65,-9.507
jari-de-busser,eredivisie,eredivisie_belgio,classic,2026-07-30T13:31:17+00:00,5.36,-9.228
jari-de-busser,eredivisie,eredivisie_belgio,classic,2026-07-30T15:44:42+00:00,6.33,-9.136
jari-de-busser,eredivisie,eredivisie_belgio,classic,2026-07-30T17:07:18+00:00,5.49,-9.078
jari-de-busser,eredivisie,eredivisie_belgio,classic,2026-07-30T17:24:36+00:00,5.16,-9.066
jari-de-busser,eredivisie,eredivisie_belgio,classic,2026-07-30T18:54:32+00:00,5.66,-9.004
jari-de-busser,eredivisie,eredivisie_belgio,classic,2026-07-30T22:58:20+00:00,6.15,-8.834
jari-de-busser,eredivisie,eredivisie_belgio,classic,2026-07-30T23:48:38+00:00,5.67,-8.8
jari-de-busser,eredivisie,eredivisie_belgio,classic,2026-07-31T07:48:33+00:00,6.27,-8.466
jari-de-busser,eredivisie,eredivisie_belgio,classic,2026-07-31T12:32:02+00:00,5.9,-8.269
jari-de-busser,eredivisie,eredivisie_belgio,classic,2026-07-31T13:43:21+00:00,6.06,-8.22
jari-de-busser,eredivisie,eredivisie_belgio,classic,2026-07-31T14:40:38+00:00,5.85,-8.18
jari-de-busser,eredivisie,eredivisie_belgio,classic,2026-07-31T14:42:51+00:00,6.02,-8.179
jari-de-busser,eredivisie,eredivisie_belgio,classic,2026-07-31T14:43:13+00:00,6.02,-8.178
jari-de-busser,eredivisie,eredivisie_belgio,classic,2026-07-31T16:42:17+00:00,6.14,-8.096
jari-de-busser,eredivisie,eredivisie_belgio,classic,2026-07-31T17:52:42+00:00,6.15,-8.047
jari-de-busser,eredivisie,eredivisie_belgio,classic,2026-07-31T18:13:02+00:00,6.33,-8.033
jari-de-busser,eredivisie,eredivisie_belgio,classic,2026-07-31T18:54:48+00:00,6.5,-8.004
jari-de-busser,eredivisie,eredivisie_belgio,classic,2026-07-31T19:56:14+00:00,6.81,-7.961
jari-de-busser,eredivisie,eredivisie_belgio,classic,2026-07-31T20:09:10+00:00,6.8,-7.952
jari-de-busser,eredivisie,eredivisie_belgio,classic,2026-07-31T20:09:17+00:00,6.96,-7.952
jari-de-busser,eredivisie,eredivisie_belgio,classic,2026-07-31T20:26:34+00:00,8.09,-7.94
jari-de-busser,eredivisie,eredivisie_belgio,classic,2026-08-01T07:35:56+00:00,8.26,-7.475
jari-de-busser,eredivisie,eredivisie_belgio,classic,2026-08-01T08:02:44+00:00,10.04,-7.456
jari-de-busser,eredivisie,eredivisie_belgio,classic,2026-08-01T10:37:52+00:00,7.12,-7.349
jari-de-busser,eredivisie,eredivisie_belgio,classic,2026-08-01T10:55:43+00:00,6.96,-7.336
jari-de-busser,eredivisie,eredivisie_belgio,classic,2026-08-01T13:28:47+00:00,8.09,-7.23
jari-de-busser,eredivisie,eredivisie_belgio,classic,2026-08-01T14:28:09+00:00,6.96,-7.189
jari-de-busser,eredivisie,eredivisie_belgio,classic,2026-08-01T14:50:07+00:00,7.12,-7.174
jari-de-busser,eredivisie,eredivisie_belgio,classic,2026-07-27T16:43:26+00:00,3.72,-12.095
jari-de-busser,eredivisie,eredivisie_belgio,classic,2026-07-27T17:23:13+00:00,2.38,-12.067
jari-de-busser,eredivisie,eredivisie_belgio,classic,2026-07-27T22:07:19+00:00,3.07,-11.87
jari-de-busser,eredivisie,eredivisie_belgio,classic,2026-07-28T05:36:51+00:00,3.96,-11.558
jari-de-busser,eredivisie,eredivisie_belgio,classic,2026-07-28T07:31:46+00:00,3.65,-11.478
jari-de-busser,eredivisie,eredivisie_belgio,classic,2026-07-28T12:22:31+00:00,3.13,-11.276
jari-de-busser,eredivisie,eredivisie_belgio,classic,2026-07-28T13:59:14+00:00,3.83,-11.209
jari-de-busser,eredivisie,eredivisie_belgio,classic,2026-07-28T14:28:07+00:00,3.79,-11.189
jari-de-busser,eredivisie,eredivisie_belgio,classic,2026-07-28T21:14:21+00:00,3.87,-10.907
jari-de-busser,eredivisie,eredivisie_belgio,classic,2026-07-29T02:38:34+00:00,3.51,-10.682
jari-de-busser,eredivisie,eredivisie_belgio,classic,2026-07-29T05:33:11+00:00,3.84,-10.56
jari-de-busser,eredivisie,eredivisie_belgio,classic,2026-07-29T07:27:17+00:00,4.38,-10.481
jari-de-busser,eredivisie,eredivisie_belgio,classic,2026-07-29T07:42:30+00:00,4.21,-10.47
jari-de-busser,eredivisie,eredivisie_belgio,classic,2026-07-29T10:57:04+00:00,4.55,-10.335
jari-de-busser,eredivisie,eredivisie_belgio,classic,2026-07-29T12:57:35+00:00,5.21,-10.252
jari-de-busser,eredivisie,eredivisie_belgio,classic,2026-07-29T20:41:40+00:00,3.79,-9.929
jari-de-busser,eredivisie,eredivisie_belgio,classic,2026-07-29T22:50:47+00:00,4.8,-9.84
jari-de-busser,eredivisie,eredivisie_belgio,classic,2026-07-30T01:48:35+00:00,4.96,-9.716
sondre-holmlund-orjasaeter,eredivisie,eredivisie_belgio,classic,2026-07-29T10:23:53+00:00,5.39,-1.338
sondre-holmlund-orjasaeter,eredivisie,eredivisie_belgio,classic,2026-07-30T02:06:49+00:00,5.18,-0.683
sondre-holmlund-orjasaeter,eredivisie,eredivisie_belgio,classic,2026-07-31T17:19:06+00:00,3.88,0.951
sondre-holmlund-orjasaeter,eredivisie,eredivisie_belgio,classic,2026-08-03T09:33:38+00:00,3.51,-3.352
sondre-holmlund-orjasaeter,eredivisie,eredivisie_belgio,classic,2026-08-03T11:37:41+00:00,2.72,-3.265
sondre-holmlund-orjasaeter,eredivisie,eredivisie_belgio,classic,2026-08-03T11:57:16+00:00,3.84,-3.252
sondre-holmlund-orjasaeter,eredivisie,eredivisie_belgio,classic,2026-07-27T21:42:56+00:00,4.11,-2.866
sondre-holmlund-orjasaeter,eredivisie,eredivisie_belgio,classic,2026-07-28T03:03:10+00:00,4.28,-2.644
sondre-holmlund-orjasaeter,eredivisie,eredivisie_belgio,classic,2026-07-28T06:48:36+00:00,4.97,-2.487
sondre-holmlund-orjasaeter,eredivisie,eredivisie_belgio,classic,2026-07-28T07:53:29+00:00,4.81,-2.442
sondre-holmlund-orjasaeter,eredivisie,eredivisie_belgio,classic,2026-07-28T09:15:40+00:00,4.47,-2.385
sondre-holmlund-orjasaeter,eredivisie,eredivisie_belgio,classic,2026-07-28T12:47:14+00:00,4.95,-2.238
sondre-holmlund-orjasaeter,eredivisie,eredivisie_belgio,classic,2026-07-28T18:38:04+00:00,4.67,-1.994
aaron-bouwman,eredivisie,eredivisie_belgio,classic,2026-07-29T12:27:29+00:00,3.53,-1.231
aaron-bouwman,eredivisie,eredivisie_belgio,classic,2026-07-29T13:09:09+00:00,4.18,-1.202
aaron-bouwman,eredivisie,eredivisie_belgio,classic,2026-07-29T16:25:54+00:00,3.32,-1.065
aaron-bouwman,eredivisie,eredivisie_belgio,classic,2026-07-30T13:37:39+00:00,5.03,-0.182
aaron-bouwman,eredivisie,eredivisie_belgio,classic,2026-07-30T16:48:48+00:00,4.99,-0.049
aaron-bouwman,eredivisie,eredivisie_belgio,classic,2026-07-30T17:30:22+00:00,5.16,-0.021
aaron-bouwman,eredivisie,eredivisie_belgio,classic,2026-07-31T09:48:38+00:00,3.93,0.659
aaron-bouwman,eredivisie,eredivisie_belgio,classic,2026-07-31T10:27:43+00:00,5.07,0.686
aaron-bouwman,eredivisie,eredivisie_belgio,classic,2026-08-01T06:13:06+00:00,3.24,1.509
aaron-bouwman,eredivisie,eredivisie_belgio,classic,2026-08-01T08:40:45+00:00,3.4,1.612
aaron-bouwman,eredivisie,eredivisie_belgio,classic,2026-08-01T08:41:44+00:00,4.21,1.612
aaron-bouwman,eredivisie,eredivisie_belgio,classic,2026-08-01T20:52:52+00:00,3.03,2.12
aaron-bouwman,eredivisie,eredivisie_belgio,classic,2026-08-02T17:42:10+00:00,2.26,2.988
aaron-bouwman,eredivisie,eredivisie_belgio,classic,2026-07-27T19:05:00+00:00,5.62,-2.955
aaron-bouwman,eredivisie,eredivisie_belgio,classic,2026-07-27T19:52:57+00:00,4.26,-2.922
stav-lemkin,eredivisie,eredivisie_belgio,classic,2026-07-28T07:25:39+00:00,1.66,-2.461
stav-lemkin,eredivisie,eredivisie_belgio,classic,2026-07-28T07:25:45+00:00,1.66,-2.461
stav-lemkin,eredivisie,eredivisie_belgio,classic,2026-07-28T09:21:10+00:00,1.16,-2.381
stav-lemkin,eredivisie,eredivisie_belgio,classic,2026-07-28T12:23:31+00:00,1.15,-2.255
stav-lemkin,eredivisie,eredivisie_belgio,classic,2026-07-28T13:55:25+00:00,1.83,-2.191
stav-lemkin,eredivisie,eredivisie_belgio,classic,2026-07-28T14:55:18+00:00,1.48,-2.149
stav-lemkin,eredivisie,eredivisie_belgio,classic,2026-08-01T11:53:43+00:00,1.29,1.725
stav-lemkin,eredivisie,eredivisie_belgio,classic,2026-08-01T13:55:56+00:00,0.97,1.81
stav-lemkin,eredivisie,eredivisie_belgio,classic,2026-07-27T17:10:51+00:00,1.53,-3.055
stav-lemkin,eredivisie,eredivisie_belgio,classic,2026-07-27T21:05:33+00:00,2.05,-2.892
stav-lemkin,eredivisie,eredivisie_belgio,classic,2026-07-27T21:11:44+00:00,1.37,-2.888
stav-lemkin,eredivisie,eredivisie_belgio,classic,2026-07-27T21:59:52+00:00,1.71,-2.854
stav-lemkin,eredivisie,eredivisie_belgio,classic,2026-07-27T23:59:38+00:00,1.67,-2.771
ryan-flamingo,eredivisie,eredivisie_belgio,classic,2026-07-30T16:37:22+00:00,2.5,-9.057
ryan-flamingo,eredivisie,eredivisie_belgio,classic,2026-07-30T18:50:46+00:00,2.16,-8.965
ryan-flamingo,eredivisie,eredivisie_belgio,classic,2026-07-31T07:56:22+00:00,2.64,-8.419
ryan-flamingo,eredivisie,eredivisie_belgio,classic,2026-08-01T10:15:47+00:00,2.43,-7.322
ryan-flamingo,eredivisie,eredivisie_belgio,classic,2026-08-01T10:21:53+00:00,2.59,-7.318
ryan-flamingo,eredivisie,eredivisie_belgio,classic,2026-08-01T11:24:47+00:00,2.43,-7.274
ryan-flamingo,eredivisie,eredivisie_belgio,classic,2026-08-01T15:00:18+00:00,3.08,-7.125
ryan-flamingo,eredivisie,eredivisie_belgio,classic,2026-08-02T11:58:53+00:00,1.62,-6.251
ryan-flamingo,eredivisie,eredivisie_belgio,classic,2026-08-02T12:56:21+00:00,2.25,-6.211
ryan-flamingo,eredivisie,eredivisie_belgio,classic,2026-08-02T17:27:21+00:00,2.42,-6.023
ryan-flamingo,eredivisie,eredivisie_belgio,classic,2026-08-02T20:38:09+00:00,2.6,-5.89
ryan-flamingo,eredivisie,eredivisie_belgio,classic,2026-08-02T21:14:44+00:00,2.61,-5.865
ryan-flamingo,eredivisie,eredivisie_belgio,classic,2026-08-02T23:08:10+00:00,2.93,-5.786
ryan-flamingo,eredivisie,eredivisie_belgio,classic,2026-08-03T11:06:21+00:00,2.88,-5.287
ryan-flamingo,eredivisie,eredivisie_belgio,classic,2026-08-03T11:22:36+00:00,2.88,-5.276
ryan-flamingo,eredivisie,eredivisie_belgio,classic,2026-08-03T12:29:00+00:00,3.03,-5.23
ryan-flamingo,eredivisie,eredivisie_belgio,classic,2026-08-03T13:08:43+00:00,2.56,-5.202
ryan-flamingo,eredivisie,eredivisie_belgio,classic,2026-07-27T20:45:31+00:00,2.57,-11.885
ryan-flamingo,eredivisie,eredivisie_belgio,classic,2026-07-28T00:35:39+00:00,2.66,-11.725
ryan-flamingo,eredivisie,eredivisie_belgio,classic,2026-07-28T17:43:39+00:00,3.04,-11.011
ryan-flamingo,eredivisie,eredivisie_belgio,classic,2026-07-28T18:29:56+00:00,2.5,-10.979
ryan-flamingo,eredivisie,eredivisie_belgio,classic,2026-07-28T20:35:24+00:00,2.7,-10.892
ryan-flamingo,eredivisie,eredivisie_belgio,classic,2026-07-28T22:12:48+00:00,2.02,-10.824
ryan-flamingo,eredivisie,eredivisie_belgio,classic,2026-07-29T08:36:19+00:00,2.7,-10.391
ryan-flamingo,eredivisie,eredivisie_belgio,classic,2026-07-29T12:19:54+00:00,3.03,-10.236
ryan-flamingo,eredivisie,eredivisie_belgio,classic,2026-07-29T18:05:13+00:00,2.69,-9.996
ryan-flamingo,eredivisie,eredivisie_belgio,classic,2026-07-29T20:19:23+00:00,2.8,-9.903
sami-ouaissa,eredivisie,eredivisie_belgio,classic,2026-07-30T01:54:22+00:00,2.48,-5.671
sami-ouaissa,eredivisie,eredivisie_belgio,classic,2026-07-30T19:38:01+00:00,2.99,-4.932
sami-ouaissa,eredivisie,eredivisie_belgio,classic,2026-07-31T22:43:49+00:00,2.42,-3.803
sami-ouaissa,eredivisie,eredivisie_belgio,classic,2026-08-01T06:00:50+00:00,2.43,-3.499
sami-ouaissa,eredivisie,eredivisie_belgio,classic,2026-08-01T10:51:04+00:00,1.94,-3.298
sami-ouaissa,eredivisie,eredivisie_belgio,classic,2026-08-01T21:54:15+00:00,2.55,-2.837
sami-ouaissa,eredivisie,eredivisie_belgio,classic,2026-08-02T13:59:25+00:00,2.25,-2.167
sami-ouaissa,eredivisie,eredivisie_belgio,classic,2026-08-02T14:48:00+00:00,1.45,-2.133
sami-ouaissa,eredivisie,eredivisie_belgio,classic,2026-08-02T17:29:54+00:00,1.94,-2.021
sami-ouaissa,eredivisie,eredivisie_belgio,classic,2026-08-02T21:29:46+00:00,1.63,-1.854
sami-ouaissa,eredivisie,eredivisie_belgio,classic,2026-08-03T04:35:59+00:00,1.93,-1.558
sami-ouaissa,eredivisie,eredivisie_belgio,classic,2026-08-03T08:06:17+00:00,2.08,-1.412
sami-ouaissa,eredivisie,eredivisie_belgio,classic,2026-08-03T08:54:41+00:00,2.08,-1.379
sami-ouaissa,eredivisie,eredivisie_belgio,classic,2026-08-03T11:52:20+00:00,2.4,-1.255
sami-ouaissa,eredivisie,eredivisie_belgio,classic,2026-08-03T12:41:32+00:00,2.55,-1.221
sami-ouaissa,eredivisie,eredivisie_belgio,classic,2026-07-28T00:57:31+00:00,2.33,-7.71
kjell-scherpen,jupiler-pro-league,eredivisie_belgio,classic,2026-07-27T16:50:56+00:00,2.88,-25.881
kjell-scherpen,jupiler-pro-league,eredivisie_belgio,classic,2026-07-27T18:31:48+00:00,4.27,-25.811
kjell-scherpen,jupiler-pro-league,eredivisie_belgio,classic,2026-07-27T20:51:25+00:00,3.59,-25.714
kjell-scherpen,jupiler-pro-league,eredivisie_belgio,classic,2026-07-28T05:13:09+00:00,4.46,-25.366
kjell-scherpen,jupiler-pro-league,eredivisie_belgio,classic,2026-07-28T10:25:40+00:00,3.63,-25.149
kjell-scherpen,jupiler-pro-league,eredivisie_belgio,classic,2026-07-28T11:36:08+00:00,3.97,-25.1
kjell-scherpen,jupiler-pro-league,eredivisie_belgio,classic,2026-07-28T11:36:20+00:00,4.13,-25.1
kjell-scherpen,jupiler-pro-league,eredivisie_belgio,classic,2026-07-28T12:07:43+00:00,3.79,-25.078
kjell-scherpen,jupiler-pro-league,eredivisie_belgio,classic,2026-07-28T14:18:56+00:00,3.62,-24.987
kjell-scherpen,jupiler-pro-league,eredivisie_belgio,classic,2026-07-28T14:43:55+00:00,3.79,-24.97
kjell-scherpen,jupiler-pro-league,eredivisie_belgio,classic,2026-07-28T15:09:13+00:00,3.81,-24.952
kjell-scherpen,jupiler-pro-league,eredivisie_belgio,classic,2026-07-28T15:35:29+00:00,4.14,-24.934
kjell-scherpen,jupiler-pro-league,eredivisie_belgio,classic,2026-07-28T17:13:54+00:00,4.05,-24.865
kjell-scherpen,jupiler-pro-league,eredivisie_belgio,classic,2026-07-28T17:59:08+00:00,3.55,-24.834
kjell-scherpen,jupiler-pro-league,eredivisie_belgio,classic,2026-07-28T18:25:19+00:00,3.67,-24.816
kjell-scherpen,jupiler-pro-league,eredivisie_belgio,classic,2026-07-28T18:57:28+00:00,3.5,-24.793
kjell-scherpen,jupiler-pro-league,eredivisie_belgio,classic,2026-07-28T19:20:48+00:00,4.02,-24.777
kjell-scherpen,jupiler-pro-league,eredivisie_belgio,classic,2026-07-28T20:25:46+00:00,4.05,-24.732
kjell-scherpen,jupiler-pro-league,eredivisie_belgio,classic,2026-07-28T21:56:54+00:00,4.21,-24.669
kjell-scherpen,jupiler-pro-league,eredivisie_belgio,classic,2026-07-29T09:56:42+00:00,3.52,-24.169
kjell-scherpen,jupiler-pro-league,eredivisie_belgio,classic,2026-07-29T10:56:19+00:00,4.21,-24.128
kjell-scherpen,jupiler-pro-league,eredivisie_belgio,classic,2026-07-29T13:50:43+00:00,2.68,-24.006
kjell-scherpen,jupiler-pro-league,eredivisie_belgio,classic,2026-07-29T15:19:28+00:00,3.66,-23.945
kjell-scherpen,jupiler-pro-league,eredivisie_belgio,classic,2026-07-29T16:50:16+00:00,3.49,-23.882
kjell-scherpen,jupiler-pro-league,eredivisie_belgio,classic,2026-07-29T17:59:33+00:00,3.99,-23.834
kjell-scherpen,jupiler-pro-league,eredivisie_belgio,classic,2026-07-29T18:04:22+00:00,4.03,-23.83
kjell-scherpen,jupiler-pro-league,eredivisie_belgio,classic,2026-07-29T19:38:14+00:00,3.68,-23.765
kjell-scherpen,jupiler-pro-league,eredivisie_belgio,classic,2026-07-29T20:24:27+00:00,3.46,-23.733
kjell-scherpen,jupiler-pro-league,eredivisie_belgio,classic,2026-07-30T10:17:33+00:00,3.51,-23.154
kjell-scherpen,jupiler-pro-league,eredivisie_belgio,classic,2026-07-30T10:19:46+00:00,3.51,-23.153
kjell-scherpen,jupiler-pro-league,eredivisie_belgio,classic,2026-07-30T12:04:46+00:00,3.85,-23.08
kjell-scherpen,jupiler-pro-league,eredivisie_belgio,classic,2026-07-30T13:35:58+00:00,3.35,-23.017
kjell-scherpen,jupiler-pro-league,eredivisie_belgio,classic,2026-07-30T14:57:14+00:00,3.18,-22.96
kjell-scherpen,jupiler-pro-league,eredivisie_belgio,classic,2026-07-30T16:14:32+00:00,3.99,-22.907
kjell-scherpen,jupiler-pro-league,eredivisie_belgio,classic,2026-07-31T13:44:53+00:00,3.77,-22.01
kjell-scherpen,jupiler-pro-league,eredivisie_belgio,classic,2026-07-31T19:25:43+00:00,3.73,-21.774
kjell-scherpen,jupiler-pro-league,eredivisie_belgio,classic,2026-08-01T07:53:38+00:00,3.73,-21.254
kjell-scherpen,jupiler-pro-league,eredivisie_belgio,classic,2026-08-01T07:55:21+00:00,3.73,-21.253
kjell-scherpen,jupiler-pro-league,eredivisie_belgio,classic,2026-08-01T08:36:46+00:00,3.56,-21.224
kjell-scherpen,jupiler-pro-league,eredivisie_belgio,classic,2026-08-01T15:34:56+00:00,3.08,-20.934
kjell-scherpen,jupiler-pro-league,eredivisie_belgio,classic,2026-08-01T23:39:13+00:00,3.84,-20.598
kjell-scherpen,jupiler-pro-league,eredivisie_belgio,classic,2026-08-02T02:24:19+00:00,3.7,-20.483
kjell-scherpen,jupiler-pro-league,eredivisie_belgio,classic,2026-08-02T06:42:48+00:00,4.39,-20.304
kjell-scherpen,jupiler-pro-league,eredivisie_belgio,classic,2026-08-02T07:35:28+00:00,3.74,-20.267
kjell-scherpen,jupiler-pro-league,eredivisie_belgio,classic,2026-08-02T07:47:38+00:00,3.74,-20.259
kjell-scherpen,jupiler-pro-league,eredivisie_belgio,classic,2026-08-02T12:11:02+00:00,3.21,-20.076
kjell-scherpen,jupiler-pro-league,eredivisie_belgio,classic,2026-08-02T12:51:41+00:00,2.89,-20.047
kjell-scherpen,jupiler-pro-league,eredivisie_belgio,classic,2026-08-03T07:23:49+00:00,3.36,-19.275
nelson-ishiwatari,jupiler-pro-league,eredivisie_belgio,in season,2026-08-03T11:26:49+00:00,9.44,-5.304
