player_slug,league_slug,league_group,tipo_carta,tx_datetime_utc,price_eur,giorni_da_partita
robert-lewandowski,mlspa,mlspa,in season,2026-07-24T15:46:09+00:00,9.81,-1.322
robert-lewandowski,mlspa,mlspa,in season,2026-07-24T17:40:38+00:00,9.95,-1.243
robert-lewandowski,mlspa,mlspa,in season,2026-07-24T21:30:58+00:00,29.11,-1.083
robert-lewandowski,mlspa,mlspa,in season,2026-07-25T07:46:49+00:00,8.97,-0.655
robert-lewandowski,mlspa,mlspa,in season,2026-07-25T09:45:08+00:00,31.74,-0.573
robert-lewandowski,mlspa,mlspa,in season,2026-07-25T12:04:13+00:00,8.32,-0.476
robert-lewandowski,mlspa,mlspa,in season,2026-07-26T12:12:05+00:00,8.28,0.529
robert-lewandowski,mlspa,mlspa,in season,2026-07-26T13:59:14+00:00,10.11,0.604
robert-lewandowski,mlspa,mlspa,in season,2026-07-26T22:36:46+00:00,7.09,0.963
robert-lewandowski,mlspa,mlspa,in season,2026-07-27T02:38:03+00:00,21.99,1.131
robert-lewandowski,mlspa,mlspa,in season,2026-07-27T09:30:23+00:00,6.03,1.417
robert-lewandowski,mlspa,mlspa,in season,2026-07-27T15:06:29+00:00,7.81,1.65
robert-lewandowski,mlspa,mlspa,in season,2026-07-28T09:55:06+00:00,10.59,2.434
robert-lewandowski,mlspa,mlspa,in season,2026-07-28T19:28:18+00:00,18.94,2.832
robert-lewandowski,mlspa,mlspa,in season,2026-07-28T21:18:52+00:00,18.68,2.909
robert-lewandowski,mlspa,mlspa,in season,2026-07-29T09:43:58+00:00,5.54,3.426
robert-lewandowski,mlspa,mlspa,in season,2026-07-29T16:58:02+00:00,6.31,-3.314
robert-lewandowski,mlspa,mlspa,in season,2026-07-22T19:16:54+00:00,12.01,-0.176
robert-lewandowski,mlspa,mlspa,in season,2026-07-22T23:16:56+00:00,14.1,-0.009
robert-lewandowski,mlspa,mlspa,in season,2026-07-23T02:19:53+00:00,14.19,0.118
robert-lewandowski,mlspa,mlspa,in season,2026-07-23T07:57:26+00:00,25.09,0.352
robert-lewandowski,mlspa,mlspa,in season,2026-07-23T09:05:48+00:00,9.62,0.4
robert-lewandowski,mlspa,mlspa,in season,2026-07-23T10:03:14+00:00,24.6,0.44
robert-lewandowski,mlspa,mlspa,in season,2026-07-23T10:03:57+00:00,25.11,0.44
robert-lewandowski,mlspa,mlspa,in season,2026-07-23T12:20:57+00:00,10.47,0.535
robert-lewandowski,mlspa,mlspa,in season,2026-07-23T14:51:36+00:00,9.01,0.64
robert-lewandowski,mlspa,mlspa,in season,2026-07-23T16:43:57+00:00,26.98,0.718
robert-lewandowski,mlspa,mlspa,in season,2026-07-24T03:07:07+00:00,9.85,1.151
robert-lewandowski,mlspa,mlspa,in season,2026-07-24T07:03:39+00:00,9.77,1.315
robert-lewandowski,mlspa,mlspa,in season,2026-07-24T09:58:06+00:00,9.78,1.436
robert-lewandowski,mlspa,mlspa,in season,2026-07-24T11:31:35+00:00,18.68,-1.499
marky-delgado,mlspa,mlspa,in season,2026-07-23T08:53:02+00:00,5.36,0.266
marky-delgado,mlspa,mlspa,in season,2026-07-23T14:37:23+00:00,5.51,0.505
marky-delgado,mlspa,mlspa,in season,2026-07-23T14:57:13+00:00,7.35,0.519
marky-delgado,mlspa,mlspa,in season,2026-07-24T08:25:44+00:00,7.15,1.247
marky-delgado,mlspa,mlspa,in season,2026-07-24T11:12:53+00:00,6.28,1.363
marky-delgado,mlspa,mlspa,in season,2026-07-24T11:44:47+00:00,7.11,1.385
marky-delgado,mlspa,mlspa,in season,2026-07-24T12:46:35+00:00,7.12,1.428
marky-delgado,mlspa,mlspa,in season,2026-07-24T15:12:16+00:00,7.03,-1.471
marky-delgado,mlspa,mlspa,in season,2026-07-25T01:38:11+00:00,7.02,-1.036
marky-delgado,mlspa,mlspa,in season,2026-07-25T10:11:26+00:00,7.02,-0.68
marky-delgado,mlspa,mlspa,in season,2026-07-25T11:10:38+00:00,5.06,-0.638
marky-delgado,mlspa,mlspa,in season,2026-07-26T07:14:59+00:00,6.13,0.198
marky-delgado,mlspa,mlspa,in season,2026-07-26T09:52:39+00:00,5.12,0.307
marky-delgado,mlspa,mlspa,in season,2026-07-26T11:33:19+00:00,3.98,0.377
ahoueke-denkey,mlspa,mlspa,classic,2026-07-25T02:33:01+00:00,3.1,-0.862
ahoueke-denkey,mlspa,mlspa,classic,2026-07-25T11:56:08+00:00,2.77,-0.471
ahoueke-denkey,mlspa,mlspa,classic,2026-07-25T23:07:58+00:00,2.8,-0.005
ahoueke-denkey,mlspa,mlspa,classic,2026-07-26T08:10:00+00:00,2.81,0.372
ahoueke-denkey,mlspa,mlspa,classic,2026-07-26T13:22:09+00:00,2.82,0.588
ahoueke-denkey,mlspa,mlspa,classic,2026-07-27T08:01:22+00:00,4.48,1.366
ahoueke-denkey,mlspa,mlspa,classic,2026-07-27T14:29:08+00:00,2.41,1.635
ahoueke-denkey,mlspa,mlspa,classic,2026-07-27T16:01:54+00:00,2.71,1.699
ahoueke-denkey,mlspa,mlspa,classic,2026-07-28T08:53:25+00:00,2.65,2.402
ahoueke-denkey,mlspa,mlspa,classic,2026-07-28T10:17:16+00:00,2.81,2.46
ahoueke-denkey,mlspa,mlspa,classic,2026-07-28T11:56:17+00:00,4.13,2.529
ahoueke-denkey,mlspa,mlspa,classic,2026-07-28T13:25:53+00:00,2.99,2.591
ahoueke-denkey,mlspa,mlspa,classic,2026-07-28T19:42:53+00:00,2.51,2.853
ahoueke-denkey,mlspa,mlspa,classic,2026-07-28T20:58:49+00:00,1.85,2.905
ahoueke-denkey,mlspa,mlspa,classic,2026-07-28T23:31:41+00:00,2.68,3.012
ahoueke-denkey,mlspa,mlspa,classic,2026-07-29T07:49:11+00:00,3.03,3.357
ahoueke-denkey,mlspa,mlspa,classic,2026-07-29T18:07:09+00:00,1.5,-3.224
ahoueke-denkey,mlspa,mlspa,classic,2026-07-29T18:16:05+00:00,2.33,-3.218
ahoueke-denkey,mlspa,mlspa,classic,2026-07-22T19:26:37+00:00,2.71,-0.169
ahoueke-denkey,mlspa,mlspa,classic,2026-07-23T00:15:16+00:00,3.05,0.031
ahoueke-denkey,mlspa,mlspa,classic,2026-07-23T13:07:01+00:00,2.01,0.567
ahoueke-denkey,mlspa,mlspa,classic,2026-07-23T14:41:38+00:00,2.67,0.633
ahoueke-denkey,mlspa,mlspa,classic,2026-07-23T16:05:55+00:00,2.5,0.692
ahoueke-denkey,mlspa,mlspa,classic,2026-07-23T16:20:13+00:00,2.16,0.702
ahoueke-denkey,mlspa,mlspa,classic,2026-07-23T18:46:45+00:00,2.48,0.803
ahoueke-denkey,mlspa,mlspa,classic,2026-07-23T19:51:08+00:00,2.64,0.848
ahoueke-denkey,mlspa,mlspa,classic,2026-07-23T20:06:56+00:00,2.64,0.859
ahoueke-denkey,mlspa,mlspa,classic,2026-07-23T22:53:09+00:00,2.65,0.974
ahoueke-denkey,mlspa,mlspa,classic,2026-07-24T01:23:03+00:00,3.12,1.079
ahoueke-denkey,mlspa,mlspa,classic,2026-07-24T06:33:47+00:00,2.64,1.294
ahoueke-denkey,mlspa,mlspa,classic,2026-07-24T07:49:29+00:00,2.82,1.347
ahoueke-denkey,mlspa,mlspa,classic,2026-07-24T08:10:37+00:00,2.66,1.362
ahoueke-denkey,mlspa,mlspa,classic,2026-07-24T08:50:19+00:00,2.99,1.389
ahoueke-denkey,mlspa,mlspa,classic,2026-07-24T09:12:22+00:00,3.15,1.404
ahoueke-denkey,mlspa,mlspa,classic,2026-07-24T09:47:44+00:00,2.98,1.429
ahoueke-denkey,mlspa,mlspa,classic,2026-07-24T09:55:20+00:00,2.82,1.434
ahoueke-denkey,mlspa,mlspa,classic,2026-07-24T11:09:16+00:00,4.3,1.486
ahoueke-denkey,mlspa,mlspa,classic,2026-07-24T12:22:01+00:00,2.81,-1.453
ahoueke-denkey,mlspa,mlspa,classic,2026-07-24T14:09:14+00:00,2.45,-1.379
ahoueke-denkey,mlspa,mlspa,classic,2026-07-24T14:09:35+00:00,2.77,-1.379
ahoueke-denkey,mlspa,mlspa,classic,2026-07-24T14:11:24+00:00,2.12,-1.377
ahoueke-denkey,mlspa,mlspa,classic,2026-07-24T15:50:28+00:00,2.45,-1.309
ahoueke-denkey,mlspa,mlspa,classic,2026-07-24T19:19:46+00:00,2.78,-1.163
ahoueke-denkey,mlspa,mlspa,classic,2026-07-25T00:18:50+00:00,2.78,-0.956
ahoueke-denkey,mlspa,mlspa,classic,2026-07-22T18:49:09+00:00,2.72,-0.195
antoine-griezmann,mlspa,mlspa,in season,2026-07-27T05:40:01+00:00,40.22,1.204
antoine-griezmann,mlspa,mlspa,in season,2026-07-27T05:53:46+00:00,10.1,1.214
antoine-griezmann,mlspa,mlspa,in season,2026-07-27T07:01:24+00:00,10.17,1.261
antoine-griezmann,mlspa,mlspa,in season,2026-07-27T09:25:53+00:00,39.6,1.361
antoine-griezmann,mlspa,mlspa,in season,2026-07-27T11:31:22+00:00,9.14,1.448
antoine-griezmann,mlspa,mlspa,in season,2026-07-27T12:59:08+00:00,11.0,1.509
antoine-griezmann,mlspa,mlspa,in season,2026-07-27T15:22:01+00:00,36.49,1.608
antoine-griezmann,mlspa,mlspa,in season,2026-07-27T15:34:59+00:00,9.5,1.617
antoine-griezmann,mlspa,mlspa,in season,2026-07-27T16:55:42+00:00,6.94,1.673
antoine-griezmann,mlspa,mlspa,in season,2026-07-28T07:08:38+00:00,10.95,2.266
antoine-griezmann,mlspa,mlspa,in season,2026-07-28T16:43:25+00:00,10.26,2.665
antoine-griezmann,mlspa,mlspa,in season,2026-07-28T20:48:48+00:00,9.95,2.835
antoine-griezmann,mlspa,mlspa,in season,2026-07-28T21:11:57+00:00,9.42,2.851
antoine-griezmann,mlspa,mlspa,in season,2026-07-29T06:16:55+00:00,9.89,3.23
antoine-griezmann,mlspa,mlspa,in season,2026-07-29T06:23:43+00:00,35.19,3.235
antoine-griezmann,mlspa,mlspa,in season,2026-07-29T07:20:21+00:00,8.92,3.274
antoine-griezmann,mlspa,mlspa,in season,2026-07-29T08:45:41+00:00,9.78,3.333
antoine-griezmann,mlspa,mlspa,in season,2026-07-29T12:43:01+00:00,9.08,-3.449
antoine-griezmann,mlspa,mlspa,in season,2026-07-29T14:49:50+00:00,37.16,-3.361
antoine-griezmann,mlspa,mlspa,in season,2026-07-29T14:56:47+00:00,8.87,-3.356
antoine-griezmann,mlspa,mlspa,in season,2026-07-29T16:32:35+00:00,37.84,-3.29
antoine-griezmann,mlspa,mlspa,in season,2026-07-29T18:20:16+00:00,9.14,-3.215
antoine-griezmann,mlspa,mlspa,in season,2026-07-24T12:27:19+00:00,15.06,1.415
antoine-griezmann,mlspa,mlspa,in season,2026-07-24T14:25:24+00:00,10.6,-1.431
antoine-griezmann,mlspa,mlspa,in season,2026-07-24T15:56:50+00:00,13.41,-1.367
antoine-griezmann,mlspa,mlspa,in season,2026-07-24T17:31:31+00:00,12.24,-1.302
antoine-griezmann,mlspa,mlspa,in season,2026-07-24T18:14:13+00:00,53.3,-1.272
antoine-griezmann,mlspa,mlspa,in season,2026-07-24T19:00:09+00:00,12.11,-1.24
antoine-griezmann,mlspa,mlspa,in season,2026-07-24T21:10:40+00:00,11.77,-1.15
antoine-griezmann,mlspa,mlspa,in season,2026-07-24T21:20:33+00:00,43.98,-1.143
antoine-griezmann,mlspa,mlspa,in season,2026-07-24T23:15:51+00:00,12.09,-1.063
antoine-griezmann,mlspa,mlspa,in season,2026-07-25T03:13:04+00:00,12.08,-0.898
antoine-griezmann,mlspa,mlspa,in season,2026-07-25T08:21:52+00:00,11.9,-0.683
antoine-griezmann,mlspa,mlspa,in season,2026-07-25T08:43:31+00:00,11.09,-0.668
antoine-griezmann,mlspa,mlspa,in season,2026-07-25T09:09:11+00:00,11.07,-0.651
antoine-griezmann,mlspa,mlspa,in season,2026-07-25T09:45:38+00:00,47.86,-0.625
antoine-griezmann,mlspa,mlspa,in season,2026-07-25T10:33:45+00:00,10.12,-0.592
antoine-griezmann,mlspa,mlspa,in season,2026-07-25T11:12:11+00:00,7.67,-0.565
antoine-griezmann,mlspa,mlspa,in season,2026-07-25T13:12:08+00:00,11.11,-0.482
antoine-griezmann,mlspa,mlspa,in season,2026-07-25T13:24:09+00:00,12.09,-0.474
antoine-griezmann,mlspa,mlspa,in season,2026-07-25T14:18:14+00:00,12.46,-0.436
antoine-griezmann,mlspa,mlspa,in season,2026-07-25T16:46:44+00:00,12.63,-0.333
antoine-griezmann,mlspa,mlspa,in season,2026-07-25T18:13:51+00:00,14.64,-0.272
antoine-griezmann,mlspa,mlspa,in season,2026-07-25T22:33:49+00:00,13.16,-0.092
antoine-griezmann,mlspa,mlspa,in season,2026-07-26T07:54:50+00:00,15.07,0.298
antoine-griezmann,mlspa,mlspa,in season,2026-07-26T09:22:05+00:00,44.46,0.358
antoine-griezmann,mlspa,mlspa,in season,2026-07-26T13:30:50+00:00,11.77,0.531
antoine-griezmann,mlspa,mlspa,in season,2026-07-26T15:15:20+00:00,11.17,0.604
antoine-griezmann,mlspa,mlspa,in season,2026-07-26T21:05:14+00:00,11.58,0.847
antoine-griezmann,mlspa,mlspa,in season,2026-07-26T23:15:33+00:00,11.29,0.937
antoine-griezmann,mlspa,mlspa,in season,2026-07-22T21:50:48+00:00,8.1,-0.194
antoine-griezmann,mlspa,mlspa,in season,2026-07-22T23:27:36+00:00,11.38,-0.127
antoine-griezmann,mlspa,mlspa,in season,2026-07-23T02:19:36+00:00,11.48,-0.007
antoine-griezmann,mlspa,mlspa,in season,2026-07-23T03:29:59+00:00,15.01,0.042
antoine-griezmann,mlspa,mlspa,in season,2026-07-23T04:18:39+00:00,13.6,0.075
antoine-griezmann,mlspa,mlspa,in season,2026-07-23T05:44:29+00:00,13.93,0.135
antoine-griezmann,mlspa,mlspa,in season,2026-07-23T06:10:41+00:00,12.61,0.153
antoine-griezmann,mlspa,mlspa,in season,2026-07-23T06:52:34+00:00,13.96,0.182
antoine-griezmann,mlspa,mlspa,in season,2026-07-23T08:02:59+00:00,49.77,0.231
antoine-griezmann,mlspa,mlspa,in season,2026-07-23T08:08:43+00:00,49.93,0.235
antoine-griezmann,mlspa,mlspa,in season,2026-07-23T08:32:08+00:00,13.57,0.251
antoine-griezmann,mlspa,mlspa,in season,2026-07-23T09:19:45+00:00,15.69,0.285
antoine-griezmann,mlspa,mlspa,in season,2026-07-23T17:19:45+00:00,51.89,0.618
antoine-griezmann,mlspa,mlspa,in season,2026-07-24T03:02:53+00:00,15.1,1.023
antoine-griezmann,mlspa,mlspa,in season,2026-07-24T09:44:17+00:00,14.59,1.302
antoine-griezmann,mlspa,mlspa,in season,2026-07-24T09:58:19+00:00,15.08,1.311
antoine-griezmann,mlspa,mlspa,in season,2026-07-24T10:38:54+00:00,14.74,1.34
brais-mendez-portela,mlspa,mlspa,in season,2026-07-23T00:25:54+00:00,2.88,0.039
brais-mendez-portela,mlspa,mlspa,in season,2026-07-23T04:15:11+00:00,2.18,0.198
brais-mendez-portela,mlspa,mlspa,in season,2026-07-23T12:27:22+00:00,1.35,0.54
brais-mendez-portela,mlspa,mlspa,in season,2026-07-23T13:15:18+00:00,2.51,0.573
brais-mendez-portela,mlspa,mlspa,in season,2026-07-23T13:42:41+00:00,2.51,0.592
brais-mendez-portela,mlspa,mlspa,in season,2026-07-23T19:25:29+00:00,2.48,0.83
brais-mendez-portela,mlspa,mlspa,in season,2026-07-24T06:41:39+00:00,8.59,1.3
brais-mendez-portela,mlspa,mlspa,in season,2026-07-24T07:30:34+00:00,10.6,1.334
brais-mendez-portela,mlspa,mlspa,in season,2026-07-24T14:18:00+00:00,2.61,-1.373
brais-mendez-portela,mlspa,mlspa,in season,2026-07-24T20:43:13+00:00,2.78,-1.105
brais-mendez-portela,mlspa,mlspa,in season,2026-07-24T21:53:07+00:00,1.8,-1.057
brais-mendez-portela,mlspa,mlspa,in season,2026-07-25T07:54:08+00:00,1.96,-0.639
brais-mendez-portela,mlspa,mlspa,in season,2026-07-25T08:24:27+00:00,12.39,-0.618
brais-mendez-portela,mlspa,mlspa,in season,2026-07-25T13:55:18+00:00,2.12,-0.389
brais-mendez-portela,mlspa,mlspa,in season,2026-07-25T19:15:02+00:00,1.32,-0.167
brais-mendez-portela,mlspa,mlspa,in season,2026-07-25T22:48:27+00:00,1.97,-0.018
brais-mendez-portela,mlspa,mlspa,in season,2026-07-26T08:43:51+00:00,2.31,0.395
brais-mendez-portela,mlspa,mlspa,in season,2026-07-27T16:35:39+00:00,2.03,1.723
brais-mendez-portela,mlspa,mlspa,in season,2026-07-28T07:40:52+00:00,2.32,2.351
brais-mendez-portela,mlspa,mlspa,in season,2026-07-28T14:09:03+00:00,6.42,2.621
brais-mendez-portela,mlspa,mlspa,in season,2026-07-28T18:53:44+00:00,7.84,2.819
timo-werner,mlspa,mlspa,in season,2026-07-23T12:17:19+00:00,8.45,0.408
timo-werner,mlspa,mlspa,in season,2026-07-24T01:50:34+00:00,8.7,0.973
timo-werner,mlspa,mlspa,in season,2026-07-24T10:27:09+00:00,8.12,1.331
timo-werner,mlspa,mlspa,in season,2026-07-24T11:21:39+00:00,8.93,1.369
timo-werner,mlspa,mlspa,in season,2026-07-24T13:13:35+00:00,8.06,1.447
timo-werner,mlspa,mlspa,in season,2026-07-24T16:38:17+00:00,10.62,-1.411
timo-werner,mlspa,mlspa,in season,2026-07-24T20:25:07+00:00,8.02,-1.253
timo-werner,mlspa,mlspa,in season,2026-07-24T20:34:47+00:00,7.04,-1.247
timo-werner,mlspa,mlspa,in season,2026-07-24T20:38:08+00:00,8.02,-1.244
timo-werner,mlspa,mlspa,in season,2026-07-24T20:47:20+00:00,10.32,-1.238
timo-werner,mlspa,mlspa,in season,2026-07-25T07:43:14+00:00,8.32,-0.782
timo-werner,mlspa,mlspa,in season,2026-07-25T07:53:51+00:00,7.51,-0.775
timo-werner,mlspa,mlspa,in season,2026-07-25T08:28:09+00:00,6.36,-0.751
timo-werner,mlspa,mlspa,in season,2026-07-25T16:07:59+00:00,9.51,-0.432
timo-werner,mlspa,mlspa,in season,2026-07-25T16:30:44+00:00,7.87,-0.416
timo-werner,mlspa,mlspa,in season,2026-07-26T03:10:40+00:00,9.25,0.028
timo-werner,mlspa,mlspa,in season,2026-07-26T14:58:14+00:00,9.61,0.52
timo-werner,mlspa,mlspa,in season,2026-07-27T14:42:43+00:00,9.64,1.509
timo-werner,mlspa,mlspa,in season,2026-07-27T15:03:45+00:00,7.81,1.523
timo-werner,mlspa,mlspa,in season,2026-07-28T07:10:42+00:00,6.47,2.195
timo-werner,mlspa,mlspa,in season,2026-07-28T09:55:45+00:00,6.79,2.31
timo-werner,mlspa,mlspa,in season,2026-07-28T15:17:51+00:00,3.98,2.533
timo-werner,mlspa,mlspa,in season,2026-07-28T15:23:03+00:00,5.97,2.537
timo-werner,mlspa,mlspa,in season,2026-07-28T21:19:26+00:00,8.92,2.784
timo-werner,mlspa,mlspa,in season,2026-07-29T12:58:48+00:00,9.24,3.437
timo-werner,mlspa,mlspa,in season,2026-07-29T17:47:27+00:00,7.98,-3.238
timo-werner,mlspa,mlspa,in season,2026-07-22T20:16:09+00:00,8.6,-0.26
timo-werner,mlspa,mlspa,in season,2026-07-23T06:28:14+00:00,12.78,0.165
timo-werner,mlspa,mlspa,in season,2026-07-23T10:08:08+00:00,13.65,0.318
timo-werner,mlspa,mlspa,in season,2026-07-23T11:02:10+00:00,8.45,0.356
diego-luna-2003-09-07,mlspa,mlspa,in season,2026-07-22T21:44:33+00:00,14.01,-0.198
diego-luna-2003-09-07,mlspa,mlspa,in season,2026-07-22T22:57:19+00:00,10.7,-0.148
diego-luna-2003-09-07,mlspa,mlspa,in season,2026-07-23T08:55:13+00:00,7.71,0.268
diego-luna-2003-09-07,mlspa,mlspa,in season,2026-07-23T09:57:03+00:00,8.27,0.31
diego-luna-2003-09-07,mlspa,mlspa,in season,2026-07-23T10:46:01+00:00,11.12,0.344
diego-luna-2003-09-07,mlspa,mlspa,in season,2026-07-23T12:08:33+00:00,7.94,0.402
diego-luna-2003-09-07,mlspa,mlspa,in season,2026-07-23T18:35:19+00:00,10.4,0.67
diego-luna-2003-09-07,mlspa,mlspa,in season,2026-07-24T07:56:24+00:00,9.94,1.227
diego-luna-2003-09-07,mlspa,mlspa,in season,2026-07-24T15:23:05+00:00,9.98,-1.463
diego-luna-2003-09-07,mlspa,mlspa,in season,2026-07-24T19:59:04+00:00,9.0,-1.271
diego-luna-2003-09-07,mlspa,mlspa,in season,2026-07-25T11:15:36+00:00,9.14,-0.635
diego-luna-2003-09-07,mlspa,mlspa,in season,2026-07-25T22:05:10+00:00,15.13,-0.184
diego-luna-2003-09-07,mlspa,mlspa,in season,2026-07-26T13:20:32+00:00,8.78,0.452
diego-luna-2003-09-07,mlspa,mlspa,in season,2026-07-27T13:50:53+00:00,5.5,1.473
diego-luna-2003-09-07,mlspa,mlspa,in season,2026-07-28T15:19:43+00:00,3.15,2.535
diego-luna-2003-09-07,mlspa,mlspa,in season,2026-07-28T18:51:26+00:00,4.0,2.682
diego-luna-2003-09-07,mlspa,mlspa,in season,2026-07-29T01:42:39+00:00,4.03,2.967
denis-bouanga,mlspa,mlspa,in season,2026-07-26T07:39:00+00:00,39.07,0.215
denis-bouanga,mlspa,mlspa,in season,2026-07-26T09:21:52+00:00,30.08,0.286
denis-bouanga,mlspa,mlspa,in season,2026-07-26T09:38:30+00:00,35.04,0.298
denis-bouanga,mlspa,mlspa,in season,2026-07-26T20:53:19+00:00,39.95,0.766
denis-bouanga,mlspa,mlspa,in season,2026-07-27T00:21:44+00:00,39.59,0.911
denis-bouanga,mlspa,mlspa,in season,2026-07-27T06:56:49+00:00,35.31,1.185
denis-bouanga,mlspa,mlspa,in season,2026-07-28T12:50:55+00:00,32.01,2.431
denis-bouanga,mlspa,mlspa,in season,2026-07-28T16:07:22+00:00,36.51,2.568
denis-bouanga,mlspa,mlspa,in season,2026-07-28T18:07:33+00:00,24.01,2.651
denis-bouanga,mlspa,mlspa,in season,2026-07-28T19:04:43+00:00,30.68,2.691
denis-bouanga,mlspa,mlspa,in season,2026-07-28T19:32:07+00:00,30.51,2.71
denis-bouanga,mlspa,mlspa,in season,2026-07-28T22:50:47+00:00,29.36,2.848
denis-bouanga,mlspa,mlspa,in season,2026-07-29T07:23:51+00:00,28.29,3.204
denis-bouanga,mlspa,mlspa,in season,2026-07-29T08:21:37+00:00,28.15,3.244
denis-bouanga,mlspa,mlspa,in season,2026-07-29T14:30:58+00:00,29.29,-3.374
denis-bouanga,mlspa,mlspa,in season,2026-07-29T14:35:32+00:00,28.96,-3.371
denis-bouanga,mlspa,mlspa,in season,2026-07-23T10:52:44+00:00,26.12,0.349
denis-bouanga,mlspa,mlspa,in season,2026-07-23T12:51:19+00:00,28.04,0.431
denis-bouanga,mlspa,mlspa,in season,2026-07-23T17:23:04+00:00,32.0,0.62
denis-bouanga,mlspa,mlspa,in season,2026-07-23T18:32:49+00:00,29.21,0.669
denis-bouanga,mlspa,mlspa,in season,2026-07-23T22:41:39+00:00,30.09,0.841
denis-bouanga,mlspa,mlspa,in season,2026-07-24T07:42:34+00:00,30.15,1.217
denis-bouanga,mlspa,mlspa,in season,2026-07-24T10:46:04+00:00,33.13,1.344
denis-bouanga,mlspa,mlspa,in season,2026-07-24T12:28:35+00:00,39.56,1.416
denis-bouanga,mlspa,mlspa,in season,2026-07-24T17:41:38+00:00,29.21,-1.367
denis-bouanga,mlspa,mlspa,in season,2026-07-25T00:00:33+00:00,27.63,-1.104
denis-bouanga,mlspa,mlspa,in season,2026-07-25T10:55:19+00:00,29.37,-0.649
denis-bouanga,mlspa,mlspa,in season,2026-07-25T16:56:11+00:00,28.05,-0.398
denis-bouanga,mlspa,mlspa,in season,2026-07-25T17:00:39+00:00,26.08,-0.395
denis-bouanga,mlspa,mlspa,in season,2026-07-26T03:53:04+00:00,27.59,0.058
denis-bouanga,mlspa,mlspa,in season,2026-07-26T03:59:07+00:00,27.92,0.062
denis-bouanga,mlspa,mlspa,in season,2026-07-26T05:33:39+00:00,28.82,0.128
reid-roberts,mlspa,mlspa,in season,2026-07-22T21:37:29+00:00,5.91,-0.203
reid-roberts,mlspa,mlspa,in season,2026-07-23T12:21:04+00:00,4.22,0.41
reid-roberts,mlspa,mlspa,in season,2026-07-24T08:10:32+00:00,4.66,1.236
reid-roberts,mlspa,mlspa,in season,2026-07-24T11:05:45+00:00,4.96,1.358
reid-roberts,mlspa,mlspa,in season,2026-07-24T15:48:18+00:00,4.42,-1.446
reid-roberts,mlspa,mlspa,in season,2026-07-24T16:02:50+00:00,4.58,-1.436
reid-roberts,mlspa,mlspa,in season,2026-07-25T07:28:49+00:00,2.45,-0.792
reid-roberts,mlspa,mlspa,in season,2026-07-25T22:42:53+00:00,2.96,-0.158
reid-roberts,mlspa,mlspa,in season,2026-07-26T13:03:24+00:00,3.31,0.44
reid-roberts,mlspa,mlspa,in season,2026-07-28T10:13:40+00:00,2.64,2.322
reid-roberts,mlspa,mlspa,in season,2026-07-28T11:10:32+00:00,3.14,2.361
reid-roberts,mlspa,mlspa,in season,2026-07-28T15:21:43+00:00,2.82,2.536
reid-roberts,mlspa,mlspa,in season,2026-07-28T18:12:01+00:00,2.67,2.654
reid-roberts,mlspa,mlspa,in season,2026-07-28T19:27:01+00:00,2.51,2.706
reid-roberts,mlspa,mlspa,in season,2026-07-28T22:48:07+00:00,2.7,2.846
reid-roberts,mlspa,mlspa,in season,2026-07-29T12:42:12+00:00,2.69,3.425
reid-roberts,mlspa,mlspa,in season,2026-07-29T15:17:09+00:00,2.33,-3.342
reid-roberts,mlspa,mlspa,in season,2026-07-29T17:15:41+00:00,2.66,-3.26
lukas-ahlefeld-engel,mlspa,mlspa,in season,2026-07-24T00:03:23+00:00,4.78,0.898
lukas-ahlefeld-engel,mlspa,mlspa,in season,2026-07-24T00:18:10+00:00,4.62,0.908
lukas-ahlefeld-engel,mlspa,mlspa,in season,2026-07-24T06:52:10+00:00,3.96,1.182
lukas-ahlefeld-engel,mlspa,mlspa,in season,2026-07-24T07:56:40+00:00,4.8,1.227
lukas-ahlefeld-engel,mlspa,mlspa,in season,2026-07-24T08:04:20+00:00,4.82,1.232
lukas-ahlefeld-engel,mlspa,mlspa,in season,2026-07-24T12:25:18+00:00,5.63,1.413
lukas-ahlefeld-engel,mlspa,mlspa,in season,2026-07-24T12:57:52+00:00,5.79,1.436
lukas-ahlefeld-engel,mlspa,mlspa,in season,2026-07-24T21:11:52+00:00,5.23,-1.221
lukas-ahlefeld-engel,mlspa,mlspa,in season,2026-07-24T22:25:47+00:00,5.06,-1.17
lukas-ahlefeld-engel,mlspa,mlspa,in season,2026-07-25T07:57:35+00:00,5.22,-0.773
lukas-ahlefeld-engel,mlspa,mlspa,in season,2026-07-25T08:24:40+00:00,5.22,-0.754
lukas-ahlefeld-engel,mlspa,mlspa,in season,2026-07-25T10:55:14+00:00,5.22,-0.649
lukas-ahlefeld-engel,mlspa,mlspa,in season,2026-07-25T11:37:27+00:00,5.22,-0.62
lukas-ahlefeld-engel,mlspa,mlspa,in season,2026-07-25T13:06:57+00:00,4.74,-0.558
lukas-ahlefeld-engel,mlspa,mlspa,in season,2026-07-25T16:04:11+00:00,5.25,-0.435
lukas-ahlefeld-engel,mlspa,mlspa,in season,2026-07-26T03:13:39+00:00,6.11,0.03
lukas-ahlefeld-engel,mlspa,mlspa,in season,2026-07-26T06:34:32+00:00,2.98,0.17
lukas-ahlefeld-engel,mlspa,mlspa,in season,2026-07-27T08:14:31+00:00,4.13,1.239
lukas-ahlefeld-engel,mlspa,mlspa,in season,2026-07-27T17:38:18+00:00,4.09,1.631
lukas-ahlefeld-engel,mlspa,mlspa,in season,2026-07-28T17:59:14+00:00,2.7,2.645
lukas-ahlefeld-engel,mlspa,mlspa,in season,2026-07-29T11:32:59+00:00,1.51,3.377
lukas-ahlefeld-engel,mlspa,mlspa,in season,2026-07-29T13:37:59+00:00,2.51,-3.453
lukas-ahlefeld-engel,mlspa,mlspa,in season,2026-07-29T14:02:55+00:00,1.84,-3.435
lukas-ahlefeld-engel,mlspa,mlspa,in season,2026-07-23T04:53:23+00:00,4.03,0.1
lukas-ahlefeld-engel,mlspa,mlspa,in season,2026-07-23T06:58:51+00:00,3.87,0.187
lukas-ahlefeld-engel,mlspa,mlspa,in season,2026-07-23T08:49:32+00:00,4.02,0.264
lukas-ahlefeld-engel,mlspa,mlspa,in season,2026-07-23T08:52:26+00:00,3.85,0.266
lukas-ahlefeld-engel,mlspa,mlspa,in season,2026-07-23T08:54:55+00:00,4.02,0.267
lukas-ahlefeld-engel,mlspa,mlspa,in season,2026-07-23T08:55:21+00:00,4.19,0.268
lukas-ahlefeld-engel,mlspa,mlspa,in season,2026-07-23T09:34:48+00:00,4.56,0.295
lukas-ahlefeld-engel,mlspa,mlspa,in season,2026-07-23T09:35:02+00:00,4.56,0.295
lukas-ahlefeld-engel,mlspa,mlspa,in season,2026-07-23T14:20:19+00:00,4.51,0.493
heung-min-son,mlspa,mlspa,in season,2026-07-24T13:49:31+00:00,37.85,1.472
heung-min-son,mlspa,mlspa,in season,2026-07-24T18:40:33+00:00,29.68,-1.326
heung-min-son,mlspa,mlspa,in season,2026-07-24T20:05:04+00:00,28.33,-1.267
heung-min-son,mlspa,mlspa,in season,2026-07-24T20:35:33+00:00,27.02,-1.246
heung-min-son,mlspa,mlspa,in season,2026-07-24T20:42:44+00:00,27.51,-1.241
heung-min-son,mlspa,mlspa,in season,2026-07-24T21:11:39+00:00,29.27,-1.221
heung-min-son,mlspa,mlspa,in season,2026-07-25T02:35:41+00:00,29.07,-0.996
heung-min-son,mlspa,mlspa,in season,2026-07-25T10:56:59+00:00,29.53,-0.648
heung-min-son,mlspa,mlspa,in season,2026-07-25T12:15:23+00:00,29.69,-0.593
heung-min-son,mlspa,mlspa,in season,2026-07-25T12:29:55+00:00,29.37,-0.583
heung-min-son,mlspa,mlspa,in season,2026-07-25T13:42:06+00:00,29.07,-0.533
heung-min-son,mlspa,mlspa,in season,2026-07-26T09:37:56+00:00,29.92,0.297
heung-min-son,mlspa,mlspa,in season,2026-07-26T20:35:29+00:00,28.87,0.754
heung-min-son,mlspa,mlspa,in season,2026-07-27T02:29:45+00:00,30.01,1.0
heung-min-son,mlspa,mlspa,in season,2026-07-28T14:50:42+00:00,29.79,2.514
heung-min-son,mlspa,mlspa,in season,2026-07-28T15:20:30+00:00,23.69,2.535
heung-min-son,mlspa,mlspa,in season,2026-07-28T16:51:44+00:00,28.77,2.598
heung-min-son,mlspa,mlspa,in season,2026-07-28T16:58:42+00:00,27.25,2.603
heung-min-son,mlspa,mlspa,in season,2026-07-28T18:09:12+00:00,26.85,2.652
heung-min-son,mlspa,mlspa,in season,2026-07-28T22:51:59+00:00,26.15,2.849
heung-min-son,mlspa,mlspa,in season,2026-07-29T08:21:06+00:00,26.64,3.244
heung-min-son,mlspa,mlspa,in season,2026-07-29T08:45:34+00:00,22.42,3.261
heung-min-son,mlspa,mlspa,in season,2026-07-29T16:06:55+00:00,25.23,-3.308
heung-min-son,mlspa,mlspa,in season,2026-07-22T23:18:09+00:00,33.63,-0.133
heung-min-son,mlspa,mlspa,in season,2026-07-23T07:44:51+00:00,27.95,0.219
heung-min-son,mlspa,mlspa,in season,2026-07-23T09:32:40+00:00,28.35,0.294
heung-min-son,mlspa,mlspa,in season,2026-07-23T17:23:35+00:00,32.0,0.621
heung-min-son,mlspa,mlspa,in season,2026-07-23T18:29:41+00:00,31.68,0.666
heung-min-son,mlspa,mlspa,in season,2026-07-23T18:33:13+00:00,28.38,0.669
heung-min-son,mlspa,mlspa,in season,2026-07-23T20:10:55+00:00,25.04,0.737
heung-min-son,mlspa,mlspa,in season,2026-07-23T20:31:07+00:00,25.7,0.751
heung-min-son,mlspa,mlspa,in season,2026-07-24T08:01:51+00:00,28.28,1.23
heung-min-son,mlspa,mlspa,in season,2026-07-24T11:18:20+00:00,32.57,1.367
heung-min-son,mlspa,mlspa,classic,2026-07-24T13:29:00+00:00,11.03,1.458
heung-min-son,mlspa,mlspa,classic,2026-07-24T14:54:04+00:00,10.92,-1.483
heung-min-son,mlspa,mlspa,classic,2026-07-24T16:26:32+00:00,11.11,-1.419
heung-min-son,mlspa,mlspa,classic,2026-07-24T20:34:47+00:00,10.64,-1.247
heung-min-son,mlspa,mlspa,classic,2026-07-24T22:05:05+00:00,11.26,-1.184
heung-min-son,mlspa,mlspa,classic,2026-07-25T16:47:43+00:00,10.99,-0.404
heung-min-son,mlspa,mlspa,classic,2026-07-26T09:02:12+00:00,10.41,0.272
heung-min-son,mlspa,mlspa,classic,2026-07-26T11:47:06+00:00,8.28,0.387
heung-min-son,mlspa,mlspa,classic,2026-07-26T15:56:08+00:00,10.51,0.56
heung-min-son,mlspa,mlspa,classic,2026-07-27T23:17:24+00:00,7.83,1.866
heung-min-son,mlspa,mlspa,classic,2026-07-28T13:22:29+00:00,9.15,2.453
heung-min-son,mlspa,mlspa,classic,2026-07-28T15:30:40+00:00,9.28,2.542
heung-min-son,mlspa,mlspa,classic,2026-07-29T07:26:32+00:00,8.59,3.206
heung-min-son,mlspa,mlspa,classic,2026-07-29T08:55:51+00:00,8.77,3.268
heung-min-son,mlspa,mlspa,classic,2026-07-22T22:52:42+00:00,11.72,-0.151
heung-min-son,mlspa,mlspa,classic,2026-07-23T02:55:50+00:00,11.82,0.018
heung-min-son,mlspa,mlspa,classic,2026-07-23T05:19:10+00:00,14.43,0.117
heung-min-son,mlspa,mlspa,classic,2026-07-23T08:36:58+00:00,12.23,0.255
heung-min-son,mlspa,mlspa,classic,2026-07-23T09:58:21+00:00,9.79,0.311
heung-min-son,mlspa,mlspa,classic,2026-07-23T18:33:27+00:00,12.05,0.669
heung-min-son,mlspa,mlspa,classic,2026-07-23T20:34:38+00:00,9.39,0.753
heung-min-son,mlspa,mlspa,classic,2026-07-24T12:01:54+00:00,12.58,1.397
denis-bouanga,mlspa,mlspa,classic,2026-07-26T08:02:29+00:00,7.11,0.231
denis-bouanga,mlspa,mlspa,classic,2026-07-26T09:37:02+00:00,6.28,0.297
denis-bouanga,mlspa,mlspa,classic,2026-07-26T10:27:02+00:00,5.96,0.331
denis-bouanga,mlspa,mlspa,classic,2026-07-26T12:32:15+00:00,6.63,0.418
denis-bouanga,mlspa,mlspa,classic,2026-07-26T14:07:15+00:00,6.46,0.484
denis-bouanga,mlspa,mlspa,classic,2026-07-26T16:32:26+00:00,6.56,0.585
denis-bouanga,mlspa,mlspa,classic,2026-07-26T18:31:54+00:00,6.55,0.668
denis-bouanga,mlspa,mlspa,classic,2026-07-26T20:01:23+00:00,12.08,0.73
denis-bouanga,mlspa,mlspa,classic,2026-07-27T11:29:46+00:00,5.69,1.375
denis-bouanga,mlspa,mlspa,classic,2026-07-27T15:17:26+00:00,5.43,1.533
denis-bouanga,mlspa,mlspa,classic,2026-07-27T15:38:19+00:00,6.28,1.547
denis-bouanga,mlspa,mlspa,classic,2026-07-27T16:06:28+00:00,6.43,1.567
denis-bouanga,mlspa,mlspa,classic,2026-07-27T16:13:21+00:00,6.6,1.572
denis-bouanga,mlspa,mlspa,classic,2026-07-28T13:22:07+00:00,6.99,2.453
denis-bouanga,mlspa,mlspa,classic,2026-07-28T14:51:19+00:00,6.91,2.515
denis-bouanga,mlspa,mlspa,classic,2026-07-28T18:07:47+00:00,6.5,2.651
denis-bouanga,mlspa,mlspa,classic,2026-07-29T07:03:48+00:00,6.73,3.19
denis-bouanga,mlspa,mlspa,classic,2026-07-29T16:37:22+00:00,6.47,-3.287
denis-bouanga,mlspa,mlspa,classic,2026-07-29T18:42:33+00:00,5.82,-3.2
denis-bouanga,mlspa,mlspa,classic,2026-07-23T00:28:19+00:00,5.59,-0.085
denis-bouanga,mlspa,mlspa,classic,2026-07-23T14:35:55+00:00,6.68,0.504
denis-bouanga,mlspa,mlspa,classic,2026-07-23T19:18:04+00:00,6.61,0.7
denis-bouanga,mlspa,mlspa,classic,2026-07-23T22:41:51+00:00,6.61,0.842
denis-bouanga,mlspa,mlspa,classic,2026-07-23T23:15:02+00:00,5.62,0.865
denis-bouanga,mlspa,mlspa,classic,2026-07-24T08:23:05+00:00,6.65,1.245
denis-bouanga,mlspa,mlspa,classic,2026-07-24T11:27:01+00:00,6.45,1.373
denis-bouanga,mlspa,mlspa,classic,2026-07-24T11:40:36+00:00,6.61,1.382
denis-bouanga,mlspa,mlspa,classic,2026-07-24T13:13:11+00:00,6.42,1.447
denis-bouanga,mlspa,mlspa,classic,2026-07-24T13:29:21+00:00,6.75,1.458
denis-bouanga,mlspa,mlspa,classic,2026-07-24T18:59:38+00:00,6.56,-1.313
denis-bouanga,mlspa,mlspa,classic,2026-07-24T22:28:30+00:00,5.71,-1.168
denis-bouanga,mlspa,mlspa,classic,2026-07-24T22:42:42+00:00,5.87,-1.158
denis-bouanga,mlspa,mlspa,classic,2026-07-25T00:17:49+00:00,6.05,-1.092
denis-bouanga,mlspa,mlspa,classic,2026-07-25T00:24:38+00:00,6.05,-1.087
denis-bouanga,mlspa,mlspa,classic,2026-07-25T02:30:36+00:00,6.53,-1.0
denis-bouanga,mlspa,mlspa,classic,2026-07-25T16:11:29+00:00,6.4,-0.43
denis-bouanga,mlspa,mlspa,classic,2026-07-25T16:47:20+00:00,6.56,-0.405
denis-bouanga,mlspa,mlspa,classic,2026-07-25T22:34:04+00:00,6.58,-0.164
denis-bouanga,mlspa,mlspa,classic,2026-07-26T06:05:44+00:00,6.62,0.15
denis-bouanga,mlspa,mlspa,classic,2026-07-22T21:57:08+00:00,6.08,-0.189
denis-bouanga,mlspa,mlspa,classic,2026-07-22T22:32:37+00:00,6.11,-0.165
denis-bouanga,mlspa,mlspa,classic,2026-07-22T23:35:11+00:00,6.11,-0.121
lucas-adrian-hoyos,mlspa,mlspa,in season,2026-07-22T19:21:37+00:00,2.88,-0.204
lucas-adrian-hoyos,mlspa,mlspa,in season,2026-07-22T19:38:24+00:00,3.21,-0.192
lucas-adrian-hoyos,mlspa,mlspa,in season,2026-07-22T22:55:22+00:00,3.4,-0.055
lucas-adrian-hoyos,mlspa,mlspa,in season,2026-07-23T14:57:04+00:00,3.0,0.613
lucas-adrian-hoyos,mlspa,mlspa,in season,2026-07-23T16:23:24+00:00,3.0,0.672
lucas-adrian-hoyos,mlspa,mlspa,in season,2026-07-23T16:38:46+00:00,2.5,0.683
lucas-adrian-hoyos,mlspa,mlspa,in season,2026-07-23T20:02:50+00:00,3.29,0.825
lucas-adrian-hoyos,mlspa,mlspa,in season,2026-07-23T20:51:36+00:00,3.13,0.859
lucas-adrian-hoyos,mlspa,mlspa,in season,2026-07-24T04:57:00+00:00,3.47,1.196
lucas-adrian-hoyos,mlspa,mlspa,in season,2026-07-24T08:55:25+00:00,3.16,1.361
lucas-adrian-hoyos,mlspa,mlspa,in season,2026-07-24T18:54:53+00:00,3.94,-1.191
lucas-adrian-hoyos,mlspa,mlspa,in season,2026-07-25T00:11:23+00:00,3.27,-0.971
lucas-adrian-hoyos,mlspa,mlspa,in season,2026-07-25T01:07:14+00:00,3.43,-0.932
lucas-adrian-hoyos,mlspa,mlspa,in season,2026-07-25T21:39:39+00:00,2.63,-0.077
lucas-adrian-hoyos,mlspa,mlspa,in season,2026-07-26T09:10:17+00:00,3.64,0.403
lucas-adrian-hoyos,mlspa,mlspa,in season,2026-07-27T08:27:35+00:00,2.93,1.373
lucas-adrian-hoyos,mlspa,mlspa,in season,2026-07-29T12:28:53+00:00,1.51,-3.459
lucas-adrian-hoyos,mlspa,mlspa,in season,2026-07-29T18:21:29+00:00,1.5,-3.214
cole-bassett,mlspa,mlspa,in season,2026-07-22T22:12:21+00:00,16.13,-0.179
cole-bassett,mlspa,mlspa,in season,2026-07-23T07:01:50+00:00,11.79,0.189
cole-bassett,mlspa,mlspa,in season,2026-07-24T09:04:38+00:00,10.61,1.274
cole-bassett,mlspa,mlspa,in season,2026-07-24T12:37:31+00:00,10.92,1.422
cole-bassett,mlspa,mlspa,in season,2026-07-24T14:04:25+00:00,10.43,1.482
cole-bassett,mlspa,mlspa,in season,2026-07-24T17:58:24+00:00,9.46,-1.355
cole-bassett,mlspa,mlspa,in season,2026-07-24T18:11:25+00:00,10.17,-1.346
cole-bassett,mlspa,mlspa,in season,2026-07-25T12:08:08+00:00,9.14,-0.599
cole-bassett,mlspa,mlspa,in season,2026-07-25T15:53:47+00:00,9.35,-0.442
cole-bassett,mlspa,mlspa,in season,2026-07-25T18:55:54+00:00,8.88,-0.315
cole-bassett,mlspa,mlspa,in season,2026-07-26T01:58:37+00:00,9.58,-0.022
cole-bassett,mlspa,mlspa,in season,2026-07-28T22:29:27+00:00,4.72,2.833
cole-bassett,mlspa,mlspa,in season,2026-07-29T07:25:19+00:00,5.05,3.205
cole-bassett,mlspa,mlspa,in season,2026-07-29T18:30:43+00:00,4.16,-3.343
evander-da-silva-ferreira,mlspa,mlspa,classic,2026-07-24T22:29:48+00:00,24.31,-1.031
evander-da-silva-ferreira,mlspa,mlspa,classic,2026-07-25T02:31:45+00:00,25.15,-0.863
evander-da-silva-ferreira,mlspa,mlspa,classic,2026-07-25T07:13:23+00:00,20.07,-0.668
evander-da-silva-ferreira,mlspa,mlspa,classic,2026-07-25T10:29:11+00:00,19.09,-0.532
evander-da-silva-ferreira,mlspa,mlspa,classic,2026-07-25T12:18:31+00:00,21.37,-0.456
evander-da-silva-ferreira,mlspa,mlspa,classic,2026-07-25T13:45:11+00:00,21.4,-0.396
evander-da-silva-ferreira,mlspa,mlspa,classic,2026-07-25T15:06:06+00:00,21.34,-0.34
evander-da-silva-ferreira,mlspa,mlspa,classic,2026-07-25T16:07:58+00:00,30.02,-0.297
evander-da-silva-ferreira,mlspa,mlspa,classic,2026-07-25T16:52:08+00:00,21.0,-0.266
evander-da-silva-ferreira,mlspa,mlspa,classic,2026-07-25T18:03:11+00:00,21.54,-0.217
evander-da-silva-ferreira,mlspa,mlspa,classic,2026-07-26T21:03:46+00:00,23.49,0.909
evander-da-silva-ferreira,mlspa,mlspa,classic,2026-07-27T12:23:43+00:00,16.68,1.548
evander-da-silva-ferreira,mlspa,mlspa,classic,2026-07-28T07:02:15+00:00,18.09,2.324
evander-da-silva-ferreira,mlspa,mlspa,classic,2026-07-28T07:42:19+00:00,23.73,2.352
evander-da-silva-ferreira,mlspa,mlspa,classic,2026-07-28T13:11:48+00:00,21.95,2.581
evander-da-silva-ferreira,mlspa,mlspa,classic,2026-07-28T14:45:59+00:00,20.9,2.647
evander-da-silva-ferreira,mlspa,mlspa,classic,2026-07-28T15:47:24+00:00,22.04,2.689
evander-da-silva-ferreira,mlspa,mlspa,classic,2026-07-28T16:23:47+00:00,22.88,2.714
evander-da-silva-ferreira,mlspa,mlspa,classic,2026-07-28T19:02:43+00:00,22.13,2.825
evander-da-silva-ferreira,mlspa,mlspa,classic,2026-07-28T21:01:07+00:00,23.39,2.907
evander-da-silva-ferreira,mlspa,mlspa,classic,2026-07-29T05:27:03+00:00,23.2,3.258
evander-da-silva-ferreira,mlspa,mlspa,classic,2026-07-29T09:11:10+00:00,22.49,3.414
evander-da-silva-ferreira,mlspa,mlspa,classic,2026-07-29T14:33:48+00:00,23.1,-3.372
evander-da-silva-ferreira,mlspa,mlspa,classic,2026-07-29T15:57:57+00:00,21.95,-3.314
evander-da-silva-ferreira,mlspa,mlspa,classic,2026-07-29T18:03:24+00:00,21.61,-3.227
evander-da-silva-ferreira,mlspa,mlspa,classic,2026-07-29T18:04:08+00:00,21.78,-3.226
evander-da-silva-ferreira,mlspa,mlspa,classic,2026-07-22T21:41:33+00:00,30.04,-0.075
evander-da-silva-ferreira,mlspa,mlspa,classic,2026-07-22T23:00:30+00:00,28.19,-0.02
evander-da-silva-ferreira,mlspa,mlspa,classic,2026-07-23T03:47:13+00:00,26.98,0.179
evander-da-silva-ferreira,mlspa,mlspa,classic,2026-07-23T04:28:02+00:00,28.05,0.207
evander-da-silva-ferreira,mlspa,mlspa,classic,2026-07-23T05:52:53+00:00,28.53,0.266
evander-da-silva-ferreira,mlspa,mlspa,classic,2026-07-23T07:45:29+00:00,28.8,0.344
evander-da-silva-ferreira,mlspa,mlspa,classic,2026-07-23T08:49:47+00:00,31.5,0.389
evander-da-silva-ferreira,mlspa,mlspa,classic,2026-07-23T09:02:40+00:00,32.74,0.398
evander-da-silva-ferreira,mlspa,mlspa,classic,2026-07-23T11:31:40+00:00,27.72,0.501
evander-da-silva-ferreira,mlspa,mlspa,classic,2026-07-23T11:38:50+00:00,27.72,0.506
evander-da-silva-ferreira,mlspa,mlspa,classic,2026-07-24T00:53:28+00:00,25.24,1.058
evander-da-silva-ferreira,mlspa,mlspa,classic,2026-07-24T07:39:12+00:00,25.18,1.34
evander-da-silva-ferreira,mlspa,mlspa,classic,2026-07-24T13:28:00+00:00,24.35,-1.408
evander-da-silva-ferreira,mlspa,mlspa,classic,2026-07-24T16:08:58+00:00,22.06,-1.296
evander-da-silva-ferreira,mlspa,mlspa,classic,2026-07-24T16:53:55+00:00,28.11,-1.265
evander-da-silva-ferreira,mlspa,mlspa,classic,2026-07-24T16:57:22+00:00,24.02,-1.262
kai-wagner,mlspa,mlspa,classic,2026-07-26T14:35:07+00:00,13.42,0.629
kai-wagner,mlspa,mlspa,classic,2026-07-26T20:36:30+00:00,15.11,0.88
kai-wagner,mlspa,mlspa,classic,2026-07-26T21:00:28+00:00,18.96,0.896
kai-wagner,mlspa,mlspa,classic,2026-07-26T21:02:19+00:00,15.27,0.897
kai-wagner,mlspa,mlspa,classic,2026-07-27T00:56:15+00:00,25.02,1.06
kai-wagner,mlspa,mlspa,classic,2026-07-27T02:29:49+00:00,14.66,1.125
kai-wagner,mlspa,mlspa,classic,2026-07-27T05:33:38+00:00,16.09,1.253
kai-wagner,mlspa,mlspa,classic,2026-07-27T08:22:03+00:00,15.5,1.369
kai-wagner,mlspa,mlspa,classic,2026-07-27T10:14:56+00:00,15.51,1.448
kai-wagner,mlspa,mlspa,classic,2026-07-27T11:26:12+00:00,16.21,1.497
kai-wagner,mlspa,mlspa,classic,2026-07-27T13:39:28+00:00,17.52,1.59
kai-wagner,mlspa,mlspa,classic,2026-07-27T13:58:08+00:00,21.47,1.603
kai-wagner,mlspa,mlspa,classic,2026-07-27T14:16:12+00:00,17.39,1.615
kai-wagner,mlspa,mlspa,classic,2026-07-27T15:06:04+00:00,17.99,1.65
kai-wagner,mlspa,mlspa,classic,2026-07-27T16:56:15+00:00,18.79,1.727
kai-wagner,mlspa,mlspa,classic,2026-07-27T23:09:54+00:00,21.48,1.986
kai-wagner,mlspa,mlspa,classic,2026-07-28T00:14:57+00:00,20.12,2.031
kai-wagner,mlspa,mlspa,classic,2026-07-28T06:52:10+00:00,21.36,2.307
kai-wagner,mlspa,mlspa,classic,2026-07-28T09:09:30+00:00,19.03,2.402
kai-wagner,mlspa,mlspa,classic,2026-07-28T16:10:05+00:00,21.2,2.695
kai-wagner,mlspa,mlspa,classic,2026-07-28T18:09:54+00:00,24.85,2.778
kai-wagner,mlspa,mlspa,classic,2026-07-28T18:16:26+00:00,18.34,2.782
kai-wagner,mlspa,mlspa,classic,2026-07-28T18:42:17+00:00,18.51,2.8
kai-wagner,mlspa,mlspa,classic,2026-07-28T19:40:45+00:00,16.26,2.841
kai-wagner,mlspa,mlspa,classic,2026-07-28T20:44:30+00:00,18.2,2.885
kai-wagner,mlspa,mlspa,classic,2026-07-28T22:57:50+00:00,17.55,2.978
kai-wagner,mlspa,mlspa,classic,2026-07-29T09:57:32+00:00,15.27,3.436
kai-wagner,mlspa,mlspa,classic,2026-07-29T10:31:49+00:00,14.67,3.46
kai-wagner,mlspa,mlspa,classic,2026-07-29T11:25:58+00:00,17.78,3.497
kai-wagner,mlspa,mlspa,classic,2026-07-29T11:42:15+00:00,11.74,-3.491
kai-wagner,mlspa,mlspa,classic,2026-07-29T15:31:58+00:00,19.95,-3.332
kai-wagner,mlspa,mlspa,classic,2026-07-29T16:18:13+00:00,13.94,-3.3
kai-wagner,mlspa,mlspa,classic,2026-07-23T20:55:00+00:00,13.51,0.892
kai-wagner,mlspa,mlspa,classic,2026-07-23T21:02:53+00:00,16.4,0.898
kai-wagner,mlspa,mlspa,classic,2026-07-23T22:50:03+00:00,12.07,0.972
kai-wagner,mlspa,mlspa,classic,2026-07-24T07:12:46+00:00,15.08,1.321
kai-wagner,mlspa,mlspa,classic,2026-07-24T07:59:28+00:00,18.06,1.354
kai-wagner,mlspa,mlspa,classic,2026-07-24T10:59:52+00:00,14.91,1.479
kai-wagner,mlspa,mlspa,classic,2026-07-24T12:40:45+00:00,13.9,-1.451
kai-wagner,mlspa,mlspa,classic,2026-07-24T12:48:00+00:00,13.57,-1.446
kai-wagner,mlspa,mlspa,classic,2026-07-24T13:26:36+00:00,17.44,-1.419
kai-wagner,mlspa,mlspa,classic,2026-07-24T13:28:33+00:00,14.97,-1.418
kai-wagner,mlspa,mlspa,classic,2026-07-24T14:58:44+00:00,17.45,-1.355
kai-wagner,mlspa,mlspa,classic,2026-07-24T16:38:10+00:00,15.52,-1.286
kai-wagner,mlspa,mlspa,classic,2026-07-24T16:49:09+00:00,13.56,-1.278
kai-wagner,mlspa,mlspa,classic,2026-07-24T17:05:34+00:00,13.22,-1.267
kai-wagner,mlspa,mlspa,classic,2026-07-24T19:53:00+00:00,17.68,-1.151
kai-wagner,mlspa,mlspa,classic,2026-07-24T19:58:06+00:00,13.75,-1.147
kai-wagner,mlspa,mlspa,classic,2026-07-24T20:08:27+00:00,15.06,-1.14
kai-wagner,mlspa,mlspa,classic,2026-07-24T22:36:10+00:00,13.87,-1.037
kai-wagner,mlspa,mlspa,classic,2026-07-25T00:06:11+00:00,14.06,-0.975
kai-wagner,mlspa,mlspa,classic,2026-07-25T02:57:14+00:00,18.13,-0.856
kai-wagner,mlspa,mlspa,classic,2026-07-25T08:02:36+00:00,15.0,-0.644
kai-wagner,mlspa,mlspa,classic,2026-07-25T10:50:12+00:00,13.87,-0.528
kai-wagner,mlspa,mlspa,classic,2026-07-25T11:27:48+00:00,13.05,-0.502
kai-wagner,mlspa,mlspa,classic,2026-07-25T11:49:18+00:00,14.69,-0.487
kai-wagner,mlspa,mlspa,classic,2026-07-25T12:12:13+00:00,14.03,-0.471
kai-wagner,mlspa,mlspa,classic,2026-07-25T12:36:10+00:00,16.15,-0.454
kai-wagner,mlspa,mlspa,classic,2026-07-25T12:52:28+00:00,16.15,-0.443
kai-wagner,mlspa,mlspa,classic,2026-07-25T14:42:47+00:00,21.15,-0.366
kai-wagner,mlspa,mlspa,classic,2026-07-25T15:06:35+00:00,15.1,-0.35
kai-wagner,mlspa,mlspa,classic,2026-07-25T15:14:22+00:00,18.05,-0.344
kai-wagner,mlspa,mlspa,classic,2026-07-25T15:24:41+00:00,18.05,-0.337
kai-wagner,mlspa,mlspa,classic,2026-07-25T19:30:50+00:00,15.65,-0.166
kai-wagner,mlspa,mlspa,classic,2026-07-26T06:54:35+00:00,14.06,0.309
kai-wagner,mlspa,mlspa,classic,2026-07-26T09:58:46+00:00,13.88,0.437
kai-wagner,mlspa,mlspa,classic,2026-07-26T11:25:08+00:00,14.08,0.497
kai-wagner,mlspa,mlspa,classic,2026-07-26T14:16:16+00:00,13.59,0.615
kai-wagner,mlspa,mlspa,classic,2026-07-23T01:09:27+00:00,13.03,0.069
kai-wagner,mlspa,mlspa,classic,2026-07-23T01:14:39+00:00,13.71,0.073
kai-wagner,mlspa,mlspa,classic,2026-07-23T03:05:04+00:00,13.32,0.149
kai-wagner,mlspa,mlspa,classic,2026-07-23T03:23:58+00:00,13.99,0.162
kai-wagner,mlspa,mlspa,classic,2026-07-23T04:13:25+00:00,13.77,0.197
kai-wagner,mlspa,mlspa,classic,2026-07-23T04:18:45+00:00,15.95,0.201
kai-wagner,mlspa,mlspa,classic,2026-07-23T06:05:45+00:00,12.61,0.275
kai-wagner,mlspa,mlspa,classic,2026-07-23T06:13:55+00:00,12.95,0.28
kai-wagner,mlspa,mlspa,classic,2026-07-23T06:15:43+00:00,13.12,0.282
kai-wagner,mlspa,mlspa,classic,2026-07-23T07:17:34+00:00,14.48,0.325
kai-wagner,mlspa,mlspa,classic,2026-07-23T08:40:36+00:00,12.57,0.382
kai-wagner,mlspa,mlspa,classic,2026-07-23T09:12:37+00:00,15.19,0.405
kai-wagner,mlspa,mlspa,classic,2026-07-23T09:59:49+00:00,14.51,0.437
kai-wagner,mlspa,mlspa,classic,2026-07-23T10:16:17+00:00,15.0,0.449
kai-wagner,mlspa,mlspa,classic,2026-07-23T11:38:57+00:00,14.53,0.506
kai-wagner,mlspa,mlspa,classic,2026-07-23T14:06:19+00:00,12.52,0.609
kai-wagner,mlspa,mlspa,classic,2026-07-23T14:25:38+00:00,16.19,0.622
kai-wagner,mlspa,mlspa,classic,2026-07-23T15:00:04+00:00,14.5,0.646
kai-wagner,mlspa,mlspa,classic,2026-07-23T16:45:15+00:00,14.82,0.719
kai-wagner,mlspa,mlspa,classic,2026-07-23T18:44:07+00:00,15.02,0.801
kai-wagner,mlspa,mlspa,classic,2026-07-23T19:44:38+00:00,12.72,0.843
kai-wagner,mlspa,mlspa,classic,2026-07-23T19:48:29+00:00,6.11,0.846
evander-da-silva-ferreira,mlspa,mlspa,in season,2026-07-24T21:18:35+00:00,64.91,-1.081
evander-da-silva-ferreira,mlspa,mlspa,in season,2026-07-26T07:09:15+00:00,59.11,0.329
evander-da-silva-ferreira,mlspa,mlspa,in season,2026-07-26T12:11:56+00:00,48.53,0.54
evander-da-silva-ferreira,mlspa,mlspa,in season,2026-07-26T20:35:50+00:00,64.11,0.889
evander-da-silva-ferreira,mlspa,mlspa,in season,2026-07-27T11:27:36+00:00,64.17,1.509
evander-da-silva-ferreira,mlspa,mlspa,in season,2026-07-27T18:10:50+00:00,64.2,1.789
evander-da-silva-ferreira,mlspa,mlspa,in season,2026-07-28T05:24:56+00:00,66.21,2.257
evander-da-silva-ferreira,mlspa,mlspa,in season,2026-07-28T15:28:34+00:00,61.97,2.676
evander-da-silva-ferreira,mlspa,mlspa,in season,2026-07-28T15:47:05+00:00,76.55,2.689
evander-da-silva-ferreira,mlspa,mlspa,in season,2026-07-28T16:06:56+00:00,78.23,2.703
evander-da-silva-ferreira,mlspa,mlspa,in season,2026-07-29T10:34:50+00:00,68.61,3.472
evander-da-silva-ferreira,mlspa,mlspa,in season,2026-07-29T14:05:34+00:00,60.09,-3.392
evander-da-silva-ferreira,mlspa,mlspa,in season,2026-07-29T14:07:06+00:00,67.12,-3.391
evander-da-silva-ferreira,mlspa,mlspa,in season,2026-07-29T16:19:22+00:00,65.23,-3.299
evander-da-silva-ferreira,mlspa,mlspa,in season,2026-07-29T18:00:09+00:00,67.83,-3.229
evander-da-silva-ferreira,mlspa,mlspa,in season,2026-07-23T10:01:14+00:00,69.93,0.438
evander-da-silva-ferreira,mlspa,mlspa,in season,2026-07-23T10:24:41+00:00,69.93,0.455
evander-da-silva-ferreira,mlspa,mlspa,in season,2026-07-23T11:01:27+00:00,70.31,0.48
evander-da-silva-ferreira,mlspa,mlspa,in season,2026-07-23T11:57:15+00:00,67.77,0.519
evander-da-silva-ferreira,mlspa,mlspa,in season,2026-07-23T16:53:07+00:00,69.95,0.724
evander-da-silva-ferreira,mlspa,mlspa,in season,2026-07-24T01:13:40+00:00,79.65,1.072
evander-da-silva-ferreira,mlspa,mlspa,in season,2026-07-24T12:33:06+00:00,89.55,-1.446
carles-gil-de-pareja-vicent,mlspa,mlspa,classic,2026-07-26T20:21:03+00:00,9.57,0.869
carles-gil-de-pareja-vicent,mlspa,mlspa,classic,2026-07-26T20:55:18+00:00,11.08,0.893
carles-gil-de-pareja-vicent,mlspa,mlspa,classic,2026-07-27T10:31:03+00:00,10.51,1.459
carles-gil-de-pareja-vicent,mlspa,mlspa,classic,2026-07-27T11:21:50+00:00,11.04,1.494
carles-gil-de-pareja-vicent,mlspa,mlspa,classic,2026-07-27T12:53:17+00:00,11.35,1.558
carles-gil-de-pareja-vicent,mlspa,mlspa,classic,2026-07-27T13:13:31+00:00,10.65,1.572
carles-gil-de-pareja-vicent,mlspa,mlspa,classic,2026-07-27T20:33:00+00:00,11.3,1.877
carles-gil-de-pareja-vicent,mlspa,mlspa,classic,2026-07-27T20:45:29+00:00,10.96,1.886
carles-gil-de-pareja-vicent,mlspa,mlspa,classic,2026-07-27T22:52:15+00:00,9.04,1.974
carles-gil-de-pareja-vicent,mlspa,mlspa,classic,2026-07-28T01:22:03+00:00,11.88,2.078
carles-gil-de-pareja-vicent,mlspa,mlspa,classic,2026-07-28T11:58:33+00:00,11.23,2.52
carles-gil-de-pareja-vicent,mlspa,mlspa,classic,2026-07-28T12:35:33+00:00,11.22,2.546
carles-gil-de-pareja-vicent,mlspa,mlspa,classic,2026-07-28T13:07:19+00:00,9.48,2.568
carles-gil-de-pareja-vicent,mlspa,mlspa,classic,2026-07-28T14:57:36+00:00,12.34,2.644
carles-gil-de-pareja-vicent,mlspa,mlspa,classic,2026-07-28T17:08:08+00:00,11.31,2.735
carles-gil-de-pareja-vicent,mlspa,mlspa,classic,2026-07-28T17:22:19+00:00,12.16,2.745
carles-gil-de-pareja-vicent,mlspa,mlspa,classic,2026-07-28T20:24:16+00:00,11.13,2.871
carles-gil-de-pareja-vicent,mlspa,mlspa,classic,2026-07-28T22:04:09+00:00,12.32,2.94
carles-gil-de-pareja-vicent,mlspa,mlspa,classic,2026-07-29T07:21:39+00:00,10.61,3.328
carles-gil-de-pareja-vicent,mlspa,mlspa,classic,2026-07-29T09:09:38+00:00,10.57,3.403
carles-gil-de-pareja-vicent,mlspa,mlspa,classic,2026-07-29T10:38:31+00:00,12.14,3.464
carles-gil-de-pareja-vicent,mlspa,mlspa,classic,2026-07-29T15:10:52+00:00,10.98,-3.347
carles-gil-de-pareja-vicent,mlspa,mlspa,classic,2026-07-29T17:06:44+00:00,10.81,-3.266
carles-gil-de-pareja-vicent,mlspa,mlspa,classic,2026-07-29T17:29:29+00:00,11.97,-3.25
carles-gil-de-pareja-vicent,mlspa,mlspa,classic,2026-07-29T17:30:45+00:00,12.14,-3.249
carles-gil-de-pareja-vicent,mlspa,mlspa,classic,2026-07-23T07:53:59+00:00,12.97,0.35
carles-gil-de-pareja-vicent,mlspa,mlspa,classic,2026-07-23T08:25:10+00:00,11.06,0.372
carles-gil-de-pareja-vicent,mlspa,mlspa,classic,2026-07-23T14:58:28+00:00,9.35,0.645
carles-gil-de-pareja-vicent,mlspa,mlspa,classic,2026-07-23T19:37:54+00:00,11.07,0.839
carles-gil-de-pareja-vicent,mlspa,mlspa,classic,2026-07-24T00:55:07+00:00,11.05,1.059
carles-gil-de-pareja-vicent,mlspa,mlspa,classic,2026-07-24T01:58:02+00:00,17.57,1.103
carles-gil-de-pareja-vicent,mlspa,mlspa,classic,2026-07-24T05:55:21+00:00,9.06,1.268
carles-gil-de-pareja-vicent,mlspa,mlspa,classic,2026-07-24T08:15:41+00:00,11.14,1.365
carles-gil-de-pareja-vicent,mlspa,mlspa,classic,2026-07-24T12:22:44+00:00,11.09,-1.463
carles-gil-de-pareja-vicent,mlspa,mlspa,classic,2026-07-24T12:29:56+00:00,11.26,-1.458
carles-gil-de-pareja-vicent,mlspa,mlspa,classic,2026-07-24T14:55:26+00:00,11.09,-1.357
carles-gil-de-pareja-vicent,mlspa,mlspa,classic,2026-07-24T16:55:40+00:00,8.33,-1.274
carles-gil-de-pareja-vicent,mlspa,mlspa,classic,2026-07-24T19:18:04+00:00,11.46,-1.175
carles-gil-de-pareja-vicent,mlspa,mlspa,classic,2026-07-24T20:39:32+00:00,11.63,-1.118
carles-gil-de-pareja-vicent,mlspa,mlspa,classic,2026-07-24T21:50:12+00:00,11.77,-1.069
carles-gil-de-pareja-vicent,mlspa,mlspa,classic,2026-07-24T23:24:01+00:00,12.25,-1.004
carles-gil-de-pareja-vicent,mlspa,mlspa,classic,2026-07-24T23:40:22+00:00,12.09,-0.993
carles-gil-de-pareja-vicent,mlspa,mlspa,classic,2026-07-25T07:19:02+00:00,11.91,-0.674
carles-gil-de-pareja-vicent,mlspa,mlspa,classic,2026-07-25T07:59:02+00:00,12.24,-0.647
carles-gil-de-pareja-vicent,mlspa,mlspa,classic,2026-07-25T11:04:56+00:00,10.93,-0.517
carles-gil-de-pareja-vicent,mlspa,mlspa,classic,2026-07-25T12:01:26+00:00,10.12,-0.478
carles-gil-de-pareja-vicent,mlspa,mlspa,classic,2026-07-25T13:50:22+00:00,10.13,-0.403
carles-gil-de-pareja-vicent,mlspa,mlspa,classic,2026-07-25T16:09:59+00:00,9.51,-0.306
carles-gil-de-pareja-vicent,mlspa,mlspa,classic,2026-07-25T16:23:33+00:00,9.35,-0.296
carles-gil-de-pareja-vicent,mlspa,mlspa,classic,2026-07-26T07:33:02+00:00,12.09,0.335
carles-gil-de-pareja-vicent,mlspa,mlspa,classic,2026-07-26T07:34:03+00:00,10.93,0.336
carles-gil-de-pareja-vicent,mlspa,mlspa,classic,2026-07-26T08:33:30+00:00,11.07,0.377
carles-gil-de-pareja-vicent,mlspa,mlspa,classic,2026-07-23T07:01:05+00:00,10.1,0.313
carles-gil-de-pareja-vicent,mlspa,mlspa,classic,2026-07-23T07:32:07+00:00,13.47,0.335
daniel-munie,mlspa,mlspa,in season,2026-07-22T21:47:13+00:00,4.39,-0.196
daniel-munie,mlspa,mlspa,in season,2026-07-22T22:49:37+00:00,6.79,-0.153
daniel-munie,mlspa,mlspa,in season,2026-07-23T08:26:24+00:00,5.03,0.247
daniel-munie,mlspa,mlspa,in season,2026-07-23T18:10:56+00:00,3.63,0.653
daniel-munie,mlspa,mlspa,in season,2026-07-24T09:29:59+00:00,1.82,1.292
daniel-munie,mlspa,mlspa,in season,2026-07-24T17:11:39+00:00,3.26,-1.388
daniel-munie,mlspa,mlspa,in season,2026-07-24T18:15:59+00:00,3.44,-1.343
daniel-munie,mlspa,mlspa,in season,2026-07-24T20:38:57+00:00,3.44,-1.244
daniel-munie,mlspa,mlspa,in season,2026-07-25T10:59:23+00:00,3.59,-0.646
daniel-munie,mlspa,mlspa,in season,2026-07-25T16:28:11+00:00,3.12,-0.418
daniel-munie,mlspa,mlspa,in season,2026-07-26T06:15:51+00:00,1.98,0.157
daniel-munie,mlspa,mlspa,in season,2026-07-26T09:13:02+00:00,2.48,0.28
daniel-munie,mlspa,mlspa,in season,2026-07-26T15:11:53+00:00,2.17,0.529
daniel-munie,mlspa,mlspa,in season,2026-07-27T13:19:35+00:00,1.37,1.451
daniel-munie,mlspa,mlspa,in season,2026-07-27T14:12:13+00:00,1.38,1.488
daniel-munie,mlspa,mlspa,in season,2026-07-27T16:08:56+00:00,1.35,1.569
daniel-munie,mlspa,mlspa,in season,2026-07-28T08:54:34+00:00,1.32,2.267
daniel-munie,mlspa,mlspa,in season,2026-07-28T09:04:03+00:00,1.16,2.274
daniel-munie,mlspa,mlspa,in season,2026-07-28T19:21:37+00:00,0.84,2.703
daniel-munie,mlspa,mlspa,in season,2026-07-28T21:21:16+00:00,1.18,2.786
mateo-silvetti,mlspa,mlspa,in season,2026-07-23T17:07:16+00:00,4.48,0.734
mateo-silvetti,mlspa,mlspa,in season,2026-07-24T12:06:22+00:00,3.81,-1.475
mateo-silvetti,mlspa,mlspa,in season,2026-07-24T12:20:00+00:00,4.8,-1.465
mateo-silvetti,mlspa,mlspa,in season,2026-07-24T12:23:36+00:00,4.8,-1.463
mateo-silvetti,mlspa,mlspa,in season,2026-07-24T17:49:38+00:00,4.73,-1.236
mateo-silvetti,mlspa,mlspa,in season,2026-07-24T20:20:37+00:00,3.77,-1.132
mateo-silvetti,mlspa,mlspa,in season,2026-07-25T09:18:46+00:00,2.6,-0.591
mateo-silvetti,mlspa,mlspa,in season,2026-07-25T09:35:20+00:00,4.07,-0.58
mateo-silvetti,mlspa,mlspa,in season,2026-07-25T10:37:10+00:00,4.08,-0.537
mateo-silvetti,mlspa,mlspa,in season,2026-07-25T11:48:08+00:00,4.73,-0.487
mateo-silvetti,mlspa,mlspa,in season,2026-07-25T16:56:08+00:00,4.59,-0.274
mateo-silvetti,mlspa,mlspa,in season,2026-07-26T02:45:34+00:00,4.62,0.136
mateo-silvetti,mlspa,mlspa,in season,2026-07-26T12:37:53+00:00,3.31,0.547
mateo-silvetti,mlspa,mlspa,in season,2026-07-26T21:30:10+00:00,3.19,0.917
mateo-silvetti,mlspa,mlspa,in season,2026-07-28T14:25:57+00:00,4.28,2.622
mateo-silvetti,mlspa,mlspa,in season,2026-07-29T11:46:39+00:00,2.68,-3.488
marco-reus,mlspa,mlspa,in season,2026-07-23T21:41:53+00:00,7.12,0.8
marco-reus,mlspa,mlspa,in season,2026-07-24T16:31:56+00:00,7.03,-1.415
marco-reus,mlspa,mlspa,in season,2026-07-24T20:20:32+00:00,5.08,-1.257
marco-reus,mlspa,mlspa,in season,2026-07-25T09:24:34+00:00,5.05,-0.712
marco-reus,mlspa,mlspa,in season,2026-07-25T10:27:03+00:00,6.85,-0.669
marco-reus,mlspa,mlspa,in season,2026-07-25T14:54:34+00:00,8.36,-0.483
marco-reus,mlspa,mlspa,in season,2026-07-25T15:54:25+00:00,6.07,-0.441
marco-reus,mlspa,mlspa,in season,2026-07-25T18:58:27+00:00,5.59,-0.314
marco-reus,mlspa,mlspa,in season,2026-07-25T20:45:54+00:00,5.76,-0.239
marco-reus,mlspa,mlspa,in season,2026-07-26T02:41:37+00:00,5.44,0.008
marco-reus,mlspa,mlspa,in season,2026-07-26T04:15:10+00:00,5.62,0.073
marco-reus,mlspa,mlspa,in season,2026-07-26T12:18:28+00:00,6.46,0.409
marco-reus,mlspa,mlspa,in season,2026-07-27T08:47:40+00:00,4.82,1.262
marco-reus,mlspa,mlspa,in season,2026-07-27T15:00:17+00:00,4.41,1.521
marco-reus,mlspa,mlspa,in season,2026-07-27T15:02:27+00:00,4.58,1.523
marco-reus,mlspa,mlspa,in season,2026-07-27T15:47:30+00:00,4.07,1.554
marco-reus,mlspa,mlspa,in season,2026-07-27T15:55:37+00:00,4.75,1.559
marco-reus,mlspa,mlspa,in season,2026-07-28T12:04:23+00:00,4.29,2.399
marco-reus,mlspa,mlspa,in season,2026-07-28T21:20:38+00:00,4.71,2.785
marco-reus,mlspa,mlspa,in season,2026-07-29T03:28:00+00:00,3.52,3.04
marco-reus,mlspa,mlspa,in season,2026-07-29T07:06:13+00:00,3.37,3.192
marco-reus,mlspa,mlspa,in season,2026-07-29T08:20:21+00:00,3.03,3.243
marco-reus,mlspa,mlspa,in season,2026-07-29T10:09:50+00:00,3.03,3.319
marco-reus,mlspa,mlspa,in season,2026-07-29T11:37:06+00:00,3.86,3.38
marco-reus,mlspa,mlspa,in season,2026-07-29T14:24:59+00:00,4.18,3.497
marco-reus,mlspa,mlspa,in season,2026-07-22T19:04:28+00:00,8.46,-0.309
marco-reus,mlspa,mlspa,in season,2026-07-22T21:33:01+00:00,5.91,-0.206
marco-reus,mlspa,mlspa,in season,2026-07-23T14:56:24+00:00,8.35,0.518
ryan-gauld,mlspa,mlspa,classic,2026-07-23T15:36:11+00:00,3.0,0.671
ryan-gauld,mlspa,mlspa,classic,2026-07-23T19:03:53+00:00,1.98,0.815
ryan-gauld,mlspa,mlspa,classic,2026-07-23T20:03:38+00:00,1.81,0.857
ryan-gauld,mlspa,mlspa,classic,2026-07-23T20:30:51+00:00,1.98,0.876
ryan-gauld,mlspa,mlspa,classic,2026-07-23T20:31:46+00:00,2.14,0.876
ryan-gauld,mlspa,mlspa,classic,2026-07-23T20:32:03+00:00,2.14,0.876
ryan-gauld,mlspa,mlspa,classic,2026-07-23T20:32:51+00:00,2.14,0.877
ryan-gauld,mlspa,mlspa,classic,2026-07-23T22:21:26+00:00,1.98,0.952
ryan-gauld,mlspa,mlspa,classic,2026-07-24T07:34:23+00:00,2.15,1.336
ryan-gauld,mlspa,mlspa,classic,2026-07-24T12:00:30+00:00,2.15,-1.52
ryan-gauld,mlspa,mlspa,classic,2026-07-24T15:33:39+00:00,1.8,-1.372
ryan-gauld,mlspa,mlspa,classic,2026-07-25T10:38:31+00:00,1.31,-0.577
ryan-gauld,mlspa,mlspa,classic,2026-07-25T15:59:23+00:00,1.97,-0.355
ryan-gauld,mlspa,mlspa,classic,2026-07-25T22:11:51+00:00,1.81,-0.096
ryan-gauld,mlspa,mlspa,classic,2026-07-26T21:25:47+00:00,1.68,0.872
ryan-gauld,mlspa,mlspa,classic,2026-07-27T12:34:18+00:00,1.72,1.503
ryan-gauld,mlspa,mlspa,classic,2026-07-27T16:02:20+00:00,1.69,1.647
ryan-gauld,mlspa,mlspa,classic,2026-07-28T19:48:55+00:00,2.01,2.805
ryan-gauld,mlspa,mlspa,classic,2026-07-22T22:51:54+00:00,0.85,-0.026
ryan-gauld,mlspa,mlspa,classic,2026-07-22T22:59:40+00:00,0.85,-0.021
ryan-gauld,mlspa,mlspa,classic,2026-07-22T22:59:52+00:00,1.02,-0.021
ryan-gauld,mlspa,mlspa,classic,2026-07-22T23:04:51+00:00,1.36,-0.017
ryan-gauld,mlspa,mlspa,classic,2026-07-22T23:05:55+00:00,1.36,-0.017
ryan-gauld,mlspa,mlspa,classic,2026-07-22T23:20:36+00:00,1.87,-0.007
ryan-gauld,mlspa,mlspa,classic,2026-07-23T00:07:17+00:00,1.86,0.026
ryan-gauld,mlspa,mlspa,classic,2026-07-23T00:07:31+00:00,1.86,0.026
ryan-gauld,mlspa,mlspa,classic,2026-07-23T00:08:38+00:00,1.86,0.027
ryan-gauld,mlspa,mlspa,classic,2026-07-23T04:06:15+00:00,2.52,0.192
ryan-gauld,mlspa,mlspa,classic,2026-07-23T04:48:05+00:00,1.85,0.221
ryan-gauld,mlspa,mlspa,classic,2026-07-23T06:43:04+00:00,1.85,0.301
ryan-gauld,mlspa,mlspa,classic,2026-07-23T06:43:33+00:00,1.85,0.301
ryan-gauld,mlspa,mlspa,classic,2026-07-23T12:14:34+00:00,2.03,0.531
ryan-gauld,mlspa,mlspa,classic,2026-07-23T12:15:27+00:00,2.2,0.532
ryan-gauld,mlspa,mlspa,classic,2026-07-23T13:58:49+00:00,2.17,0.603
beau-leroux,mlspa,mlspa,in season,2026-07-22T21:39:13+00:00,10.13,-0.202
beau-leroux,mlspa,mlspa,in season,2026-07-23T06:53:48+00:00,9.08,0.183
beau-leroux,mlspa,mlspa,in season,2026-07-23T08:26:01+00:00,11.73,0.247
beau-leroux,mlspa,mlspa,in season,2026-07-23T20:43:54+00:00,8.57,0.76
beau-leroux,mlspa,mlspa,in season,2026-07-23T21:35:13+00:00,8.45,0.795
beau-leroux,mlspa,mlspa,in season,2026-07-24T07:26:04+00:00,9.28,1.206
beau-leroux,mlspa,mlspa,in season,2026-07-24T18:14:03+00:00,8.04,-1.344
beau-leroux,mlspa,mlspa,in season,2026-07-24T20:47:56+00:00,7.37,-1.238
beau-leroux,mlspa,mlspa,in season,2026-07-24T21:13:29+00:00,7.03,-1.22
beau-leroux,mlspa,mlspa,in season,2026-07-25T06:46:43+00:00,8.81,-0.822
beau-leroux,mlspa,mlspa,in season,2026-07-25T10:39:08+00:00,8.81,-0.66
beau-leroux,mlspa,mlspa,in season,2026-07-25T11:09:49+00:00,8.81,-0.639
beau-leroux,mlspa,mlspa,in season,2026-07-28T08:54:00+00:00,6.29,2.267
beau-leroux,mlspa,mlspa,in season,2026-07-28T15:12:56+00:00,3.65,2.53
beau-leroux,mlspa,mlspa,in season,2026-07-28T15:22:15+00:00,4.81,2.536
thomas-muller,mlspa,mlspa,classic,2026-07-22T23:34:54+00:00,3.23,0.003
thomas-muller,mlspa,mlspa,classic,2026-07-23T06:24:09+00:00,2.19,0.288
thomas-muller,mlspa,mlspa,classic,2026-07-23T07:32:54+00:00,2.86,0.335
thomas-muller,mlspa,mlspa,classic,2026-07-24T06:08:28+00:00,3.3,1.277
thomas-muller,mlspa,mlspa,classic,2026-07-25T11:57:57+00:00,2.77,-0.522
thomas-muller,mlspa,mlspa,classic,2026-07-25T12:59:05+00:00,2.61,-0.48
thomas-muller,mlspa,mlspa,classic,2026-07-26T00:09:23+00:00,2.8,-0.014
thomas-muller,mlspa,mlspa,classic,2026-07-26T21:15:42+00:00,2.85,0.865
thomas-muller,mlspa,mlspa,classic,2026-07-27T19:51:23+00:00,1.36,1.807
thomas-muller,mlspa,mlspa,classic,2026-07-27T22:46:20+00:00,2.9,1.928
thomas-muller,mlspa,mlspa,classic,2026-07-27T23:25:05+00:00,2.83,1.955
thomas-muller,mlspa,mlspa,classic,2026-07-28T08:35:24+00:00,2.98,2.337
thomas-muller,mlspa,mlspa,classic,2026-07-29T16:47:55+00:00,1.99,-3.279
thomas-muller,mlspa,mlspa,classic,2026-07-22T23:09:24+00:00,3.4,-0.014
ashley-westwood,mlspa,mlspa,in season,2026-07-23T07:24:08+00:00,3.03,0.298
ashley-westwood,mlspa,mlspa,in season,2026-07-23T17:00:00+00:00,2.65,0.698
ashley-westwood,mlspa,mlspa,in season,2026-07-23T17:59:09+00:00,3.65,0.739
ashley-westwood,mlspa,mlspa,in season,2026-07-24T12:52:54+00:00,2.81,-1.401
ashley-westwood,mlspa,mlspa,in season,2026-07-24T14:30:10+00:00,3.1,-1.333
ashley-westwood,mlspa,mlspa,in season,2026-07-24T22:51:22+00:00,1.79,-0.985
ashley-westwood,mlspa,mlspa,in season,2026-07-25T06:22:16+00:00,2.61,-0.672
ashley-westwood,mlspa,mlspa,in season,2026-07-25T11:27:03+00:00,2.77,-0.46
ashley-westwood,mlspa,mlspa,in season,2026-07-25T13:27:12+00:00,2.61,-0.377
ashley-westwood,mlspa,mlspa,in season,2026-07-25T14:49:01+00:00,2.62,-0.32
ashley-westwood,mlspa,mlspa,in season,2026-07-25T22:56:21+00:00,2.47,0.018
ashley-westwood,mlspa,mlspa,in season,2026-07-25T22:57:49+00:00,2.63,0.019
ashley-westwood,mlspa,mlspa,in season,2026-07-26T11:22:54+00:00,1.16,0.537
ashley-westwood,mlspa,mlspa,in season,2026-07-27T08:58:47+00:00,2.07,1.437
ashley-westwood,mlspa,mlspa,in season,2026-07-27T12:39:32+00:00,2.06,1.59
ashley-westwood,mlspa,mlspa,in season,2026-07-27T14:29:07+00:00,2.07,1.666
ashley-westwood,mlspa,mlspa,in season,2026-07-28T17:58:58+00:00,1.35,2.812
anders-dreyer,mlspa,mlspa,in season,2026-07-24T20:37:56+00:00,32.09,-1.203
anders-dreyer,mlspa,mlspa,in season,2026-07-24T21:24:27+00:00,36.46,-1.171
anders-dreyer,mlspa,mlspa,in season,2026-07-25T00:05:07+00:00,36.95,-1.059
anders-dreyer,mlspa,mlspa,in season,2026-07-25T08:55:04+00:00,38.47,-0.691
anders-dreyer,mlspa,mlspa,in season,2026-07-26T18:25:42+00:00,35.94,0.705
anders-dreyer,mlspa,mlspa,in season,2026-07-26T18:33:20+00:00,35.94,0.711
anders-dreyer,mlspa,mlspa,in season,2026-07-27T12:26:39+00:00,33.01,1.456
anders-dreyer,mlspa,mlspa,in season,2026-07-28T15:11:28+00:00,37.45,2.57
anders-dreyer,mlspa,mlspa,in season,2026-07-28T15:21:40+00:00,31.32,2.578
anders-dreyer,mlspa,mlspa,in season,2026-07-28T18:10:49+00:00,36.35,2.695
anders-dreyer,mlspa,mlspa,in season,2026-07-29T02:11:17+00:00,29.91,3.029
anders-dreyer,mlspa,mlspa,in season,2026-07-29T05:35:45+00:00,31.21,3.171
anders-dreyer,mlspa,mlspa,in season,2026-07-29T06:48:22+00:00,30.67,3.221
anders-dreyer,mlspa,mlspa,in season,2026-07-29T09:43:47+00:00,26.02,3.343
anders-dreyer,mlspa,mlspa,in season,2026-07-29T12:42:04+00:00,24.71,3.467
anders-dreyer,mlspa,mlspa,in season,2026-07-29T13:36:57+00:00,25.09,-3.454
anders-dreyer,mlspa,mlspa,in season,2026-07-29T18:04:34+00:00,26.1,-3.268
anders-dreyer,mlspa,mlspa,in season,2026-07-22T20:29:13+00:00,41.83,-0.209
anders-dreyer,mlspa,mlspa,in season,2026-07-23T06:55:12+00:00,36.15,0.226
anders-dreyer,mlspa,mlspa,in season,2026-07-23T10:09:16+00:00,48.87,0.361
anders-dreyer,mlspa,mlspa,in season,2026-07-24T10:11:36+00:00,33.79,1.362
anders-dreyer,mlspa,mlspa,in season,2026-07-24T13:00:02+00:00,35.87,1.479
anders-dreyer,mlspa,mlspa,in season,2026-07-24T17:24:55+00:00,32.96,-1.337
jack-harrison,mlspa,mlspa,in season,2026-07-26T12:03:08+00:00,3.15,-6.477
jack-harrison,mlspa,mlspa,in season,2026-07-26T14:52:07+00:00,1.82,-6.36
jack-harrison,mlspa,mlspa,in season,2026-07-26T15:56:19+00:00,1.83,-6.315
jack-harrison,mlspa,mlspa,in season,2026-07-27T11:42:03+00:00,1.21,-5.492
jack-harrison,mlspa,mlspa,in season,2026-07-27T12:08:11+00:00,2.24,-5.473
jack-harrison,mlspa,mlspa,in season,2026-07-27T17:11:15+00:00,2.21,-5.263
jack-harrison,mlspa,mlspa,in season,2026-07-27T19:45:04+00:00,2.22,-5.156
jack-harrison,mlspa,mlspa,in season,2026-07-27T19:50:04+00:00,1.53,-5.153
jack-harrison,mlspa,mlspa,in season,2026-07-28T14:30:00+00:00,1.81,-4.375
jack-harrison,mlspa,mlspa,in season,2026-07-28T18:30:39+00:00,2.17,-4.208
jack-harrison,mlspa,mlspa,in season,2026-07-29T10:18:11+00:00,1.35,-3.55
jack-harrison,mlspa,mlspa,in season,2026-07-29T17:37:43+00:00,1.33,-3.245
jack-harrison,mlspa,mlspa,in season,2026-07-23T13:01:13+00:00,1.0,-9.437
jack-harrison,mlspa,mlspa,in season,2026-07-23T19:04:43+00:00,2.64,-9.184
jack-harrison,mlspa,mlspa,in season,2026-07-23T19:30:04+00:00,2.81,-9.167
jack-harrison,mlspa,mlspa,in season,2026-07-23T20:54:25+00:00,2.8,-9.108
jack-harrison,mlspa,mlspa,in season,2026-07-24T13:49:13+00:00,1.15,-8.403
jack-harrison,mlspa,mlspa,in season,2026-07-24T14:13:16+00:00,1.47,-8.387
jack-harrison,mlspa,mlspa,in season,2026-07-24T19:10:15+00:00,1.8,-8.18
jack-harrison,mlspa,mlspa,in season,2026-07-24T21:35:54+00:00,0.98,-8.079
jack-harrison,mlspa,mlspa,in season,2026-07-25T06:37:18+00:00,1.31,-7.703
jack-harrison,mlspa,mlspa,in season,2026-07-25T13:37:28+00:00,0.98,-7.411
jack-harrison,mlspa,mlspa,in season,2026-07-26T00:39:15+00:00,1.48,-6.952
jack-harrison,mlspa,mlspa,in season,2026-07-26T02:09:57+00:00,1.48,-6.889
jack-harrison,mlspa,mlspa,in season,2026-07-26T02:10:14+00:00,1.65,-6.889
jack-harrison,mlspa,mlspa,in season,2026-07-26T05:03:07+00:00,1.66,-6.769
jack-harrison,mlspa,mlspa,in season,2026-07-26T06:06:36+00:00,1.82,-6.725
jack-harrison,mlspa,mlspa,in season,2026-07-26T11:30:39+00:00,1.49,-6.5
jack-harrison,mlspa,mlspa,in season,2026-07-26T11:32:08+00:00,1.82,-6.499
jack-harrison,mlspa,mlspa,in season,2026-07-26T11:51:12+00:00,1.99,-6.485
jack-harrison,mlspa,mlspa,in season,2026-07-23T12:25:44+00:00,0.51,-9.461
jack-harrison,mlspa,mlspa,in season,2026-07-23T12:25:59+00:00,0.51,-9.461
jack-harrison,mlspa,mlspa,in season,2026-07-23T12:26:07+00:00,0.51,-9.461
jack-harrison,mlspa,mlspa,in season,2026-07-23T12:26:10+00:00,0.68,-9.461
jack-harrison,mlspa,mlspa,in season,2026-07-23T12:26:19+00:00,2.03,-9.461
jack-harrison,mlspa,mlspa,in season,2026-07-23T12:26:23+00:00,0.68,-9.461
jack-harrison,mlspa,mlspa,in season,2026-07-23T12:26:24+00:00,0.68,-9.461
jack-harrison,mlspa,mlspa,in season,2026-07-23T12:26:33+00:00,0.51,-9.461
jack-harrison,mlspa,mlspa,in season,2026-07-23T12:28:30+00:00,1.01,-9.459
jack-harrison,mlspa,mlspa,in season,2026-07-23T12:28:37+00:00,1.35,-9.459
jack-harrison,mlspa,mlspa,in season,2026-07-23T12:29:54+00:00,1.35,-9.458
jack-harrison,mlspa,mlspa,in season,2026-07-23T12:30:50+00:00,1.35,-9.458
jack-harrison,mlspa,mlspa,in season,2026-07-23T12:31:08+00:00,1.01,-9.458
manu-duah,mlspa,mlspa,in season,2026-07-24T15:28:17+00:00,9.16,-1.418
manu-duah,mlspa,mlspa,in season,2026-07-24T16:01:38+00:00,9.48,-1.395
manu-duah,mlspa,mlspa,in season,2026-07-24T16:03:28+00:00,10.13,-1.393
manu-duah,mlspa,mlspa,in season,2026-07-24T16:59:42+00:00,8.99,-1.354
manu-duah,mlspa,mlspa,in season,2026-07-24T20:46:04+00:00,10.15,-1.197
manu-duah,mlspa,mlspa,in season,2026-07-25T15:11:02+00:00,9.68,-0.43
manu-duah,mlspa,mlspa,in season,2026-07-25T19:44:42+00:00,8.07,-0.24
manu-duah,mlspa,mlspa,in season,2026-07-26T22:10:34+00:00,8.45,0.862
manu-duah,mlspa,mlspa,in season,2026-07-26T23:02:04+00:00,8.72,0.897
manu-duah,mlspa,mlspa,in season,2026-07-27T08:27:18+00:00,8.96,1.29
manu-duah,mlspa,mlspa,in season,2026-07-27T20:29:46+00:00,9.24,1.792
manu-duah,mlspa,mlspa,in season,2026-07-28T08:39:31+00:00,8.61,2.298
manu-duah,mlspa,mlspa,in season,2026-07-28T11:03:48+00:00,7.6,2.398
manu-duah,mlspa,mlspa,in season,2026-07-28T15:13:06+00:00,8.45,2.572
manu-duah,mlspa,mlspa,in season,2026-07-28T16:12:41+00:00,10.09,2.613
manu-duah,mlspa,mlspa,in season,2026-07-28T18:54:28+00:00,9.67,2.725
manu-duah,mlspa,mlspa,in season,2026-07-28T20:20:43+00:00,8.26,2.785
manu-duah,mlspa,mlspa,in season,2026-07-28T20:39:04+00:00,8.6,2.798
manu-duah,mlspa,mlspa,in season,2026-07-28T21:22:39+00:00,9.09,2.828
manu-duah,mlspa,mlspa,in season,2026-07-29T08:42:16+00:00,7.25,3.3
manu-duah,mlspa,mlspa,in season,2026-07-29T10:29:20+00:00,9.95,3.375
manu-duah,mlspa,mlspa,in season,2026-07-29T16:18:37+00:00,9.46,-3.341
manu-duah,mlspa,mlspa,in season,2026-07-29T18:21:20+00:00,8.98,-3.256
manu-duah,mlspa,mlspa,in season,2026-07-23T08:55:46+00:00,7.71,0.31
manu-duah,mlspa,mlspa,in season,2026-07-23T10:11:49+00:00,13.99,0.362
manu-duah,mlspa,mlspa,in season,2026-07-23T11:10:23+00:00,10.48,0.403
manu-duah,mlspa,mlspa,in season,2026-07-23T18:35:32+00:00,9.9,0.712
manu-duah,mlspa,mlspa,in season,2026-07-24T04:36:09+00:00,10.07,1.129
manu-duah,mlspa,mlspa,in season,2026-07-24T11:18:37+00:00,10.09,1.409
kristijan-kahlina,mlspa,mlspa,classic,2026-07-23T09:41:30+00:00,1.86,0.393
kristijan-kahlina,mlspa,mlspa,classic,2026-07-23T17:47:54+00:00,1.99,0.731
kristijan-kahlina,mlspa,mlspa,classic,2026-07-23T20:44:19+00:00,1.81,0.854
kristijan-kahlina,mlspa,mlspa,classic,2026-07-24T08:41:59+00:00,1.66,1.352
kristijan-kahlina,mlspa,mlspa,classic,2026-07-24T15:24:54+00:00,1.96,-1.295
kristijan-kahlina,mlspa,mlspa,classic,2026-07-24T17:16:22+00:00,1.96,-1.218
kristijan-kahlina,mlspa,mlspa,classic,2026-07-24T22:51:09+00:00,1.96,-0.985
kristijan-kahlina,mlspa,mlspa,classic,2026-07-25T06:52:51+00:00,1.8,-0.651
kristijan-kahlina,mlspa,mlspa,classic,2026-07-25T20:00:16+00:00,1.65,-0.104
kristijan-kahlina,mlspa,mlspa,classic,2026-07-25T23:00:24+00:00,1.98,0.021
kristijan-kahlina,mlspa,mlspa,classic,2026-07-26T00:11:42+00:00,1.98,0.071
kristijan-kahlina,mlspa,mlspa,classic,2026-07-26T03:01:41+00:00,1.82,0.189
kristijan-kahlina,mlspa,mlspa,classic,2026-07-26T10:42:07+00:00,2.15,0.508
kristijan-kahlina,mlspa,mlspa,classic,2026-07-26T10:42:18+00:00,2.15,0.509
kristijan-kahlina,mlspa,mlspa,classic,2026-07-26T10:44:12+00:00,2.15,0.51
kristijan-kahlina,mlspa,mlspa,classic,2026-07-26T14:45:39+00:00,1.66,0.678
kristijan-kahlina,mlspa,mlspa,classic,2026-07-26T20:06:16+00:00,1.68,0.9
kristijan-kahlina,mlspa,mlspa,classic,2026-07-27T10:26:59+00:00,2.07,1.498
kristijan-kahlina,mlspa,mlspa,classic,2026-07-27T11:13:47+00:00,2.07,1.53
kristijan-kahlina,mlspa,mlspa,classic,2026-07-27T22:24:18+00:00,2.73,1.996
kristijan-kahlina,mlspa,mlspa,classic,2026-07-28T09:21:38+00:00,2.15,2.453
kristijan-kahlina,mlspa,mlspa,classic,2026-07-28T10:09:19+00:00,2.15,2.486
kristijan-kahlina,mlspa,mlspa,classic,2026-07-28T19:47:31+00:00,2.18,2.887
kristijan-kahlina,mlspa,mlspa,classic,2026-07-29T09:58:20+00:00,2.01,3.478
kristijan-kahlina,mlspa,mlspa,classic,2026-07-22T23:23:58+00:00,2.55,-0.035
kristijan-kahlina,mlspa,mlspa,classic,2026-07-22T23:58:40+00:00,2.89,-0.011
marcel-hartel,mlspa,mlspa,in season,2026-07-24T13:45:59+00:00,17.44,-1.447
marcel-hartel,mlspa,mlspa,in season,2026-07-24T14:57:48+00:00,18.91,-1.397
marcel-hartel,mlspa,mlspa,in season,2026-07-24T22:14:58+00:00,16.31,-1.094
marcel-hartel,mlspa,mlspa,in season,2026-07-25T08:46:27+00:00,16.3,-0.655
marcel-hartel,mlspa,mlspa,in season,2026-07-25T10:07:15+00:00,16.48,-0.599
marcel-hartel,mlspa,mlspa,in season,2026-07-25T12:05:44+00:00,18.11,-0.517
marcel-hartel,mlspa,mlspa,in season,2026-07-25T12:33:37+00:00,18.6,-0.497
marcel-hartel,mlspa,mlspa,in season,2026-07-25T13:40:19+00:00,17.64,-0.451
marcel-hartel,mlspa,mlspa,in season,2026-07-25T13:43:22+00:00,19.93,-0.449
marcel-hartel,mlspa,mlspa,in season,2026-07-25T15:02:19+00:00,16.9,-0.394
marcel-hartel,mlspa,mlspa,in season,2026-07-25T16:07:46+00:00,18.21,-0.349
marcel-hartel,mlspa,mlspa,in season,2026-07-26T13:49:45+00:00,11.93,0.555
marcel-hartel,mlspa,mlspa,in season,2026-07-27T09:27:31+00:00,12.05,1.373
marcel-hartel,mlspa,mlspa,in season,2026-07-27T14:28:57+00:00,12.92,1.583
marcel-hartel,mlspa,mlspa,in season,2026-07-28T09:45:52+00:00,12.91,2.386
marcel-hartel,mlspa,mlspa,in season,2026-07-29T07:22:26+00:00,12.12,3.286
marcel-hartel,mlspa,mlspa,in season,2026-07-29T09:44:08+00:00,9.57,3.385
marcel-hartel,mlspa,mlspa,in season,2026-07-29T17:49:23+00:00,12.14,-3.278
marcel-hartel,mlspa,mlspa,in season,2026-07-29T18:25:48+00:00,12.97,-3.253
marcel-hartel,mlspa,mlspa,in season,2026-07-23T03:29:29+00:00,11.63,0.041
marcel-hartel,mlspa,mlspa,in season,2026-07-23T03:29:38+00:00,11.8,0.041
marcel-hartel,mlspa,mlspa,in season,2026-07-23T03:29:49+00:00,11.8,0.042
marcel-hartel,mlspa,mlspa,in season,2026-07-23T04:11:02+00:00,13.94,0.07
marcel-hartel,mlspa,mlspa,in season,2026-07-23T04:13:00+00:00,14.11,0.072
marcel-hartel,mlspa,mlspa,in season,2026-07-23T09:23:38+00:00,16.2,0.287
marcel-hartel,mlspa,mlspa,in season,2026-07-23T09:37:46+00:00,15.19,0.297
marcel-hartel,mlspa,mlspa,in season,2026-07-23T18:11:43+00:00,16.5,0.654
marcel-hartel,mlspa,mlspa,in season,2026-07-24T01:51:44+00:00,16.75,0.973
marcel-hartel,mlspa,mlspa,in season,2026-07-24T03:05:54+00:00,16.58,1.025
marcel-hartel,mlspa,mlspa,in season,2026-07-24T06:09:43+00:00,16.69,1.153
marcel-hartel,mlspa,mlspa,in season,2026-07-24T07:51:31+00:00,16.73,1.223
marcel-hartel,mlspa,mlspa,in season,2026-07-24T07:55:42+00:00,16.07,1.226
marcel-hartel,mlspa,mlspa,in season,2026-07-24T11:33:29+00:00,16.7,1.377
yohei-takaoka,mlspa,mlspa,in season,2026-07-23T08:41:30+00:00,16.42,0.383
yohei-takaoka,mlspa,mlspa,in season,2026-07-24T05:50:16+00:00,18.94,1.264
yohei-takaoka,mlspa,mlspa,in season,2026-07-24T07:26:51+00:00,18.06,1.331
yohei-takaoka,mlspa,mlspa,in season,2026-07-24T10:10:51+00:00,18.05,1.445
yohei-takaoka,mlspa,mlspa,in season,2026-07-24T21:18:02+00:00,14.06,-1.133
yohei-takaoka,mlspa,mlspa,in season,2026-07-24T22:41:39+00:00,16.96,-1.075
yohei-takaoka,mlspa,mlspa,in season,2026-07-27T08:50:56+00:00,15.5,1.348
yohei-takaoka,mlspa,mlspa,in season,2026-07-27T11:40:17+00:00,16.56,1.465
yohei-takaoka,mlspa,mlspa,in season,2026-07-27T13:49:38+00:00,13.57,1.555
yohei-takaoka,mlspa,mlspa,in season,2026-07-27T18:02:05+00:00,17.24,1.731
yohei-takaoka,mlspa,mlspa,in season,2026-07-28T14:58:24+00:00,15.14,2.603
yohei-takaoka,mlspa,mlspa,in season,2026-07-28T16:05:16+00:00,15.48,2.649
yohei-takaoka,mlspa,mlspa,in season,2026-07-29T07:28:05+00:00,15.15,3.29
yohei-takaoka,mlspa,mlspa,in season,2026-07-29T16:23:39+00:00,14.61,-3.296
angus-gunn,mlspa,mlspa,in season,2026-07-25T11:22:14+00:00,7.18,-0.63
angus-gunn,mlspa,mlspa,in season,2026-07-25T12:02:40+00:00,7.67,-0.602
angus-gunn,mlspa,mlspa,in season,2026-07-25T13:12:21+00:00,7.35,-0.554
angus-gunn,mlspa,mlspa,in season,2026-07-25T14:12:27+00:00,8.36,-0.512
angus-gunn,mlspa,mlspa,in season,2026-07-25T14:42:06+00:00,7.71,-0.492
angus-gunn,mlspa,mlspa,in season,2026-07-25T16:23:49+00:00,7.71,-0.421
angus-gunn,mlspa,mlspa,in season,2026-07-25T17:56:51+00:00,8.37,-0.356
angus-gunn,mlspa,mlspa,in season,2026-07-25T18:42:58+00:00,14.31,-0.324
angus-gunn,mlspa,mlspa,in season,2026-07-25T19:20:57+00:00,8.07,-0.298
angus-gunn,mlspa,mlspa,in season,2026-07-26T12:12:09+00:00,4.97,0.404
angus-gunn,mlspa,mlspa,in season,2026-07-26T15:48:11+00:00,11.67,0.554
angus-gunn,mlspa,mlspa,in season,2026-07-26T16:52:57+00:00,6.56,0.599
angus-gunn,mlspa,mlspa,in season,2026-07-26T17:34:20+00:00,6.56,0.628
angus-gunn,mlspa,mlspa,in season,2026-07-27T05:19:37+00:00,6.85,1.118
angus-gunn,mlspa,mlspa,in season,2026-07-27T14:19:06+00:00,6.89,1.492
angus-gunn,mlspa,mlspa,in season,2026-07-27T19:07:42+00:00,6.82,1.693
angus-gunn,mlspa,mlspa,in season,2026-07-27T22:44:33+00:00,11.6,1.843
angus-gunn,mlspa,mlspa,in season,2026-07-28T08:32:05+00:00,5.13,2.251
angus-gunn,mlspa,mlspa,in season,2026-07-28T10:54:50+00:00,10.07,2.351
angus-gunn,mlspa,mlspa,in season,2026-07-28T15:04:06+00:00,8.62,2.524
angus-gunn,mlspa,mlspa,in season,2026-07-28T15:21:19+00:00,5.63,2.536
angus-gunn,mlspa,mlspa,in season,2026-07-28T15:26:02+00:00,5.14,2.539
angus-gunn,mlspa,mlspa,in season,2026-07-28T19:17:53+00:00,6.04,2.7
angus-gunn,mlspa,mlspa,in season,2026-07-28T20:29:59+00:00,4.21,2.75
angus-gunn,mlspa,mlspa,in season,2026-07-28T21:12:19+00:00,10.94,2.779
angus-gunn,mlspa,mlspa,in season,2026-07-28T21:20:34+00:00,11.27,2.785
angus-gunn,mlspa,mlspa,in season,2026-07-29T07:26:59+00:00,4.55,3.206
angus-gunn,mlspa,mlspa,in season,2026-07-29T10:11:51+00:00,3.2,3.321
angus-gunn,mlspa,mlspa,in season,2026-07-29T15:18:30+00:00,7.82,-3.341
angus-gunn,mlspa,mlspa,in season,2026-07-29T17:09:16+00:00,4.16,-3.264
angus-gunn,mlspa,mlspa,in season,2026-07-22T18:49:20+00:00,9.0,-0.32
angus-gunn,mlspa,mlspa,in season,2026-07-22T22:04:32+00:00,10.02,-0.184
angus-gunn,mlspa,mlspa,in season,2026-07-22T22:43:02+00:00,10.19,-0.158
angus-gunn,mlspa,mlspa,in season,2026-07-23T00:21:24+00:00,12.54,-0.089
angus-gunn,mlspa,mlspa,in season,2026-07-23T07:13:13+00:00,9.09,0.197
angus-gunn,mlspa,mlspa,in season,2026-07-23T07:53:29+00:00,13.81,0.225
angus-gunn,mlspa,mlspa,in season,2026-07-23T10:04:13+00:00,8.59,0.315
angus-gunn,mlspa,mlspa,in season,2026-07-23T10:24:55+00:00,10.11,0.33
angus-gunn,mlspa,mlspa,in season,2026-07-23T12:15:12+00:00,8.62,0.406
angus-gunn,mlspa,mlspa,in season,2026-07-23T12:52:20+00:00,4.05,0.432
angus-gunn,mlspa,mlspa,in season,2026-07-23T12:56:43+00:00,5.57,0.435
angus-gunn,mlspa,mlspa,in season,2026-07-23T12:59:14+00:00,8.45,0.437
angus-gunn,mlspa,mlspa,in season,2026-07-23T14:54:26+00:00,9.52,0.517
angus-gunn,mlspa,mlspa,in season,2026-07-23T15:16:19+00:00,10.0,0.532
angus-gunn,mlspa,mlspa,in season,2026-07-23T17:22:02+00:00,9.45,0.619
angus-gunn,mlspa,mlspa,in season,2026-07-23T17:25:45+00:00,8.12,0.622
angus-gunn,mlspa,mlspa,in season,2026-07-23T17:59:43+00:00,7.13,0.646
angus-gunn,mlspa,mlspa,in season,2026-07-23T18:51:27+00:00,9.57,0.682
angus-gunn,mlspa,mlspa,in season,2026-07-23T23:25:46+00:00,9.92,0.872
angus-gunn,mlspa,mlspa,in season,2026-07-24T04:46:43+00:00,9.91,1.095
angus-gunn,mlspa,mlspa,in season,2026-07-24T09:48:42+00:00,5.3,1.305
angus-gunn,mlspa,mlspa,in season,2026-07-24T11:02:23+00:00,7.94,1.356
angus-gunn,mlspa,mlspa,in season,2026-07-24T13:42:17+00:00,8.72,1.467
angus-gunn,mlspa,mlspa,in season,2026-07-24T14:07:50+00:00,8.64,1.485
angus-gunn,mlspa,mlspa,in season,2026-07-24T18:31:01+00:00,7.54,-1.333
angus-gunn,mlspa,mlspa,in season,2026-07-25T10:54:03+00:00,7.18,-0.65
morgan-guilavogui,mlspa,mlspa,in season,2026-07-23T10:46:48+00:00,2.02,0.345
morgan-guilavogui,mlspa,mlspa,in season,2026-07-23T11:28:53+00:00,2.03,0.374
morgan-guilavogui,mlspa,mlspa,in season,2026-07-23T16:39:19+00:00,2.0,0.59
morgan-guilavogui,mlspa,mlspa,in season,2026-07-23T21:13:17+00:00,1.82,0.78
morgan-guilavogui,mlspa,mlspa,in season,2026-07-24T06:53:50+00:00,1.82,1.183
morgan-guilavogui,mlspa,mlspa,in season,2026-07-24T06:54:10+00:00,1.98,1.183
morgan-guilavogui,mlspa,mlspa,in season,2026-07-24T07:49:36+00:00,2.15,1.222
morgan-guilavogui,mlspa,mlspa,in season,2026-07-24T08:29:43+00:00,2.0,1.25
morgan-guilavogui,mlspa,mlspa,in season,2026-07-24T09:26:10+00:00,2.32,1.289
morgan-guilavogui,mlspa,mlspa,in season,2026-07-24T11:08:46+00:00,1.82,1.36
morgan-guilavogui,mlspa,mlspa,in season,2026-07-24T12:24:49+00:00,2.32,1.413
morgan-guilavogui,mlspa,mlspa,in season,2026-07-24T16:19:47+00:00,1.8,-1.424
morgan-guilavogui,mlspa,mlspa,in season,2026-07-24T21:50:51+00:00,2.45,-1.194
morgan-guilavogui,mlspa,mlspa,in season,2026-07-25T10:26:11+00:00,1.96,-0.669
morgan-guilavogui,mlspa,mlspa,in season,2026-07-25T10:56:50+00:00,1.31,-0.648
morgan-guilavogui,mlspa,mlspa,in season,2026-07-25T10:56:51+00:00,2.28,-0.648
morgan-guilavogui,mlspa,mlspa,in season,2026-07-25T14:53:02+00:00,2.13,-0.484
morgan-guilavogui,mlspa,mlspa,in season,2026-07-25T16:10:42+00:00,1.8,-0.43
morgan-guilavogui,mlspa,mlspa,in season,2026-07-25T16:58:29+00:00,1.97,-0.397
morgan-guilavogui,mlspa,mlspa,in season,2026-07-26T03:01:25+00:00,2.31,0.022
morgan-guilavogui,mlspa,mlspa,in season,2026-07-26T03:03:37+00:00,1.98,0.023
morgan-guilavogui,mlspa,mlspa,in season,2026-07-26T03:04:51+00:00,2.31,0.024
morgan-guilavogui,mlspa,mlspa,in season,2026-07-26T03:15:30+00:00,2.31,0.032
morgan-guilavogui,mlspa,mlspa,in season,2026-07-26T20:19:11+00:00,1.51,0.742
morgan-guilavogui,mlspa,mlspa,in season,2026-07-27T09:51:19+00:00,1.21,1.306
morgan-guilavogui,mlspa,mlspa,in season,2026-07-27T13:57:40+00:00,1.55,1.478
morgan-guilavogui,mlspa,mlspa,in season,2026-07-27T17:43:53+00:00,1.53,1.635
morgan-guilavogui,mlspa,mlspa,in season,2026-07-28T08:39:57+00:00,0.99,2.257
morgan-guilavogui,mlspa,mlspa,in season,2026-07-28T11:16:47+00:00,1.32,2.366
morgan-guilavogui,mlspa,mlspa,in season,2026-07-28T16:17:20+00:00,1.35,2.575
morgan-guilavogui,mlspa,mlspa,in season,2026-07-29T06:09:07+00:00,0.67,3.152
morgan-guilavogui,mlspa,mlspa,in season,2026-07-29T11:13:42+00:00,1.01,3.364
morgan-guilavogui,mlspa,mlspa,in season,2026-07-22T23:27:05+00:00,1.19,-0.127
morgan-guilavogui,mlspa,mlspa,in season,2026-07-23T04:30:14+00:00,1.85,0.083
morgan-guilavogui,mlspa,mlspa,in season,2026-07-23T06:22:22+00:00,2.02,0.161
morgan-guilavogui,mlspa,mlspa,in season,2026-07-23T08:35:11+00:00,1.01,0.254
milan-iloski,mlspa,mlspa,classic,2026-07-26T20:49:42+00:00,3.02,0.889
milan-iloski,mlspa,mlspa,classic,2026-07-26T21:22:04+00:00,4.03,0.911
milan-iloski,mlspa,mlspa,classic,2026-07-27T11:38:53+00:00,2.07,1.506
milan-iloski,mlspa,mlspa,classic,2026-07-27T13:18:00+00:00,3.95,1.575
milan-iloski,mlspa,mlspa,classic,2026-07-27T13:38:45+00:00,4.47,1.589
milan-iloski,mlspa,mlspa,classic,2026-07-28T07:39:39+00:00,4.15,2.34
milan-iloski,mlspa,mlspa,classic,2026-07-28T10:42:15+00:00,4.13,2.467
milan-iloski,mlspa,mlspa,classic,2026-07-28T16:29:09+00:00,3.2,2.708
milan-iloski,mlspa,mlspa,classic,2026-07-28T17:47:43+00:00,4.05,2.762
milan-iloski,mlspa,mlspa,classic,2026-07-29T11:10:16+00:00,3.86,3.486
milan-iloski,mlspa,mlspa,classic,2026-07-29T13:37:46+00:00,3.85,-3.411
milan-iloski,mlspa,mlspa,classic,2026-07-23T12:14:44+00:00,4.22,0.531
milan-iloski,mlspa,mlspa,classic,2026-07-23T13:02:20+00:00,4.01,0.564
milan-iloski,mlspa,mlspa,classic,2026-07-23T17:32:28+00:00,4.31,0.752
milan-iloski,mlspa,mlspa,classic,2026-07-24T07:05:02+00:00,5.47,1.316
milan-iloski,mlspa,mlspa,classic,2026-07-24T09:00:18+00:00,4.81,1.396
milan-iloski,mlspa,mlspa,classic,2026-07-24T09:33:12+00:00,5.64,1.419
milan-iloski,mlspa,mlspa,classic,2026-07-24T14:14:05+00:00,4.4,-1.386
milan-iloski,mlspa,mlspa,classic,2026-07-24T22:17:00+00:00,4.4,-1.051
milan-iloski,mlspa,mlspa,classic,2026-07-25T06:59:36+00:00,4.57,-0.688
milan-iloski,mlspa,mlspa,classic,2026-07-25T09:41:52+00:00,4.23,-0.575
milan-iloski,mlspa,mlspa,classic,2026-07-25T15:39:24+00:00,4.76,-0.327
milan-iloski,mlspa,mlspa,classic,2026-07-25T18:27:56+00:00,2.96,-0.21
milan-iloski,mlspa,mlspa,classic,2026-07-25T19:43:02+00:00,7.25,-0.158
milan-iloski,mlspa,mlspa,classic,2026-07-25T22:21:19+00:00,3.95,-0.048
milan-iloski,mlspa,mlspa,classic,2026-07-25T22:40:55+00:00,4.11,-0.034
milan-iloski,mlspa,mlspa,classic,2026-07-26T08:10:27+00:00,4.13,0.361
milan-iloski,mlspa,mlspa,classic,2026-07-23T05:39:20+00:00,3.52,0.256
milan-iloski,mlspa,mlspa,classic,2026-07-23T06:02:43+00:00,4.04,0.273
milan-iloski,mlspa,mlspa,classic,2026-07-23T07:25:02+00:00,3.7,0.33
milan-iloski,mlspa,mlspa,classic,2026-07-23T07:51:58+00:00,4.21,0.349
sam-surridge,mlspa,mlspa,classic,2026-07-23T08:07:49+00:00,1.51,0.318
sam-surridge,mlspa,mlspa,classic,2026-07-24T01:21:18+00:00,1.48,1.036
sam-surridge,mlspa,mlspa,classic,2026-07-24T07:27:38+00:00,1.49,1.29
sam-surridge,mlspa,mlspa,classic,2026-07-24T08:41:43+00:00,1.5,1.341
sam-surridge,mlspa,mlspa,classic,2026-07-24T09:03:46+00:00,1.49,1.357
sam-surridge,mlspa,mlspa,classic,2026-07-24T09:37:42+00:00,1.49,1.38
sam-surridge,mlspa,mlspa,classic,2026-07-24T09:59:03+00:00,1.82,1.395
sam-surridge,mlspa,mlspa,classic,2026-07-24T13:31:31+00:00,3.13,-1.468
sam-surridge,mlspa,mlspa,classic,2026-07-24T20:05:51+00:00,1.8,-1.195
sam-surridge,mlspa,mlspa,classic,2026-07-24T22:28:08+00:00,1.63,-1.096
sam-surridge,mlspa,mlspa,classic,2026-07-24T22:42:19+00:00,1.79,-1.086
sam-surridge,mlspa,mlspa,classic,2026-07-25T05:18:09+00:00,1.8,-0.811
sam-surridge,mlspa,mlspa,classic,2026-07-25T15:37:33+00:00,2.46,-0.381
sam-surridge,mlspa,mlspa,classic,2026-07-25T22:56:56+00:00,2.14,-0.076
sam-surridge,mlspa,mlspa,classic,2026-07-22T21:17:22+00:00,1.52,-0.134
sam-surridge,mlspa,mlspa,classic,2026-07-23T02:18:12+00:00,1.35,0.075
yohei-takaoka,mlspa,mlspa,classic,2026-07-23T19:02:49+00:00,3.63,0.814
yohei-takaoka,mlspa,mlspa,classic,2026-07-24T07:52:25+00:00,3.15,1.349
yohei-takaoka,mlspa,mlspa,classic,2026-07-24T09:21:48+00:00,3.48,1.411
yohei-takaoka,mlspa,mlspa,classic,2026-07-24T15:02:52+00:00,3.6,-1.394
yohei-takaoka,mlspa,mlspa,classic,2026-07-24T16:59:47+00:00,2.12,-1.313
yohei-takaoka,mlspa,mlspa,classic,2026-07-24T23:45:07+00:00,3.59,-1.031
yohei-takaoka,mlspa,mlspa,classic,2026-07-25T08:52:39+00:00,2.61,-0.651
yohei-takaoka,mlspa,mlspa,classic,2026-07-25T21:36:29+00:00,3.12,-0.12
yohei-takaoka,mlspa,mlspa,classic,2026-07-25T22:23:46+00:00,3.29,-0.088
yohei-takaoka,mlspa,mlspa,classic,2026-07-26T06:05:05+00:00,2.65,0.233
yohei-takaoka,mlspa,mlspa,classic,2026-07-26T08:04:24+00:00,4.13,0.316
yohei-takaoka,mlspa,mlspa,classic,2026-07-26T09:34:05+00:00,3.31,0.378
yohei-takaoka,mlspa,mlspa,classic,2026-07-26T21:03:35+00:00,3.19,0.857
yohei-takaoka,mlspa,mlspa,classic,2026-07-29T08:37:44+00:00,3.03,3.339
yohei-takaoka,mlspa,mlspa,classic,2026-07-29T15:56:11+00:00,2.49,-3.315
yohei-takaoka,mlspa,mlspa,classic,2026-07-29T16:51:04+00:00,2.99,-3.277
yohei-takaoka,mlspa,mlspa,classic,2026-07-22T19:40:55+00:00,4.91,-0.159
yohei-takaoka,mlspa,mlspa,classic,2026-07-22T21:05:20+00:00,4.89,-0.1
yohei-takaoka,mlspa,mlspa,classic,2026-07-22T21:30:46+00:00,3.04,-0.083
yohei-takaoka,mlspa,mlspa,classic,2026-07-22T21:47:40+00:00,5.06,-0.071
yohei-takaoka,mlspa,mlspa,classic,2026-07-22T22:11:16+00:00,3.91,-0.055
yohei-takaoka,mlspa,mlspa,classic,2026-07-22T23:16:27+00:00,4.92,-0.009
alonso-coello-camarero,mlspa,mlspa,in season,2026-07-24T14:17:54+00:00,7.99,-1.383
alonso-coello-camarero,mlspa,mlspa,in season,2026-07-24T16:18:19+00:00,6.7,-1.3
alonso-coello-camarero,mlspa,mlspa,in season,2026-07-24T17:54:01+00:00,7.83,-1.233
alonso-coello-camarero,mlspa,mlspa,in season,2026-07-24T20:11:53+00:00,7.7,-1.138
alonso-coello-camarero,mlspa,mlspa,in season,2026-07-24T20:44:34+00:00,7.7,-1.115
alonso-coello-camarero,mlspa,mlspa,in season,2026-07-24T20:55:20+00:00,5.73,-1.107
alonso-coello-camarero,mlspa,mlspa,in season,2026-07-25T15:06:17+00:00,5.25,-0.35
alonso-coello-camarero,mlspa,mlspa,in season,2026-07-25T15:42:22+00:00,6.89,-0.325
alonso-coello-camarero,mlspa,mlspa,in season,2026-07-25T22:08:33+00:00,6.74,-0.057
alonso-coello-camarero,mlspa,mlspa,in season,2026-07-25T22:26:04+00:00,7.07,-0.044
alonso-coello-camarero,mlspa,mlspa,in season,2026-07-25T22:28:40+00:00,6.08,-0.043
alonso-coello-camarero,mlspa,mlspa,in season,2026-07-26T11:46:34+00:00,4.97,0.512
alonso-coello-camarero,mlspa,mlspa,in season,2026-07-26T19:56:21+00:00,5.72,0.852
alonso-coello-camarero,mlspa,mlspa,in season,2026-07-27T02:13:29+00:00,5.63,1.114
alonso-coello-camarero,mlspa,mlspa,in season,2026-07-27T13:38:36+00:00,4.98,1.589
alonso-coello-camarero,mlspa,mlspa,in season,2026-07-27T16:50:21+00:00,4.06,1.722
alonso-coello-camarero,mlspa,mlspa,in season,2026-07-28T01:01:26+00:00,5.12,2.063
alonso-coello-camarero,mlspa,mlspa,in season,2026-07-28T16:48:24+00:00,5.22,2.721
alonso-coello-camarero,mlspa,mlspa,in season,2026-07-28T22:12:01+00:00,5.23,2.946
alonso-coello-camarero,mlspa,mlspa,in season,2026-07-29T07:23:23+00:00,5.05,-2.671
alonso-coello-camarero,mlspa,mlspa,in season,2026-07-29T10:41:59+00:00,5.39,-2.533
alonso-coello-camarero,mlspa,mlspa,in season,2026-07-22T18:57:17+00:00,8.49,-0.189
alonso-coello-camarero,mlspa,mlspa,in season,2026-07-22T23:01:58+00:00,8.49,-0.019
alonso-coello-camarero,mlspa,mlspa,in season,2026-07-23T00:27:00+00:00,9.83,0.04
alonso-coello-camarero,mlspa,mlspa,in season,2026-07-23T06:05:10+00:00,8.24,0.274
alonso-coello-camarero,mlspa,mlspa,in season,2026-07-23T12:35:41+00:00,7.26,0.546
alonso-coello-camarero,mlspa,mlspa,in season,2026-07-23T18:19:59+00:00,6.11,0.785
alonso-coello-camarero,mlspa,mlspa,in season,2026-07-23T18:46:57+00:00,7.1,0.803
alonso-coello-camarero,mlspa,mlspa,in season,2026-07-23T18:55:15+00:00,8.58,0.809
alonso-coello-camarero,mlspa,mlspa,in season,2026-07-23T19:30:06+00:00,8.76,0.833
alonso-coello-camarero,mlspa,mlspa,in season,2026-07-23T23:58:06+00:00,8.6,1.02
alonso-coello-camarero,mlspa,mlspa,in season,2026-07-24T09:00:24+00:00,7.96,1.396
alonso-coello-camarero,mlspa,mlspa,in season,2026-07-24T09:08:22+00:00,8.12,1.402
luis-alberto-suarez-diaz,mlspa,mlspa,classic,2026-07-26T08:26:53+00:00,3.31,0.373
luis-alberto-suarez-diaz,mlspa,mlspa,classic,2026-07-26T11:11:41+00:00,1.99,0.487
luis-alberto-suarez-diaz,mlspa,mlspa,classic,2026-07-26T13:22:29+00:00,3.31,0.578
luis-alberto-suarez-diaz,mlspa,mlspa,classic,2026-07-26T21:15:14+00:00,3.36,0.906
luis-alberto-suarez-diaz,mlspa,mlspa,classic,2026-07-27T08:55:52+00:00,2.41,1.393
luis-alberto-suarez-diaz,mlspa,mlspa,classic,2026-07-27T16:01:45+00:00,2.88,1.689
luis-alberto-suarez-diaz,mlspa,mlspa,classic,2026-07-27T17:38:25+00:00,2.21,1.756
luis-alberto-suarez-diaz,mlspa,mlspa,classic,2026-07-27T21:48:37+00:00,3.08,1.93
luis-alberto-suarez-diaz,mlspa,mlspa,classic,2026-07-28T05:24:38+00:00,3.14,2.246
luis-alberto-suarez-diaz,mlspa,mlspa,classic,2026-07-28T15:17:50+00:00,2.98,2.658
luis-alberto-suarez-diaz,mlspa,mlspa,classic,2026-07-28T16:30:31+00:00,3.2,2.709
luis-alberto-suarez-diaz,mlspa,mlspa,classic,2026-07-28T18:14:30+00:00,2.17,2.781
luis-alberto-suarez-diaz,mlspa,mlspa,classic,2026-07-28T20:45:37+00:00,2.87,2.886
luis-alberto-suarez-diaz,mlspa,mlspa,classic,2026-07-28T23:14:50+00:00,2.52,2.989
luis-alberto-suarez-diaz,mlspa,mlspa,classic,2026-07-29T00:37:18+00:00,2.53,3.047
luis-alberto-suarez-diaz,mlspa,mlspa,classic,2026-07-29T16:59:04+00:00,2.49,-3.271
luis-alberto-suarez-diaz,mlspa,mlspa,classic,2026-07-23T18:47:19+00:00,1.82,0.804
luis-alberto-suarez-diaz,mlspa,mlspa,classic,2026-07-23T20:06:21+00:00,1.81,0.859
luis-alberto-suarez-diaz,mlspa,mlspa,classic,2026-07-23T21:21:35+00:00,1.66,0.911
luis-alberto-suarez-diaz,mlspa,mlspa,classic,2026-07-23T22:54:39+00:00,1.82,0.975
luis-alberto-suarez-diaz,mlspa,mlspa,classic,2026-07-24T06:56:51+00:00,1.98,1.31
luis-alberto-suarez-diaz,mlspa,mlspa,classic,2026-07-24T07:02:09+00:00,1.99,1.314
luis-alberto-suarez-diaz,mlspa,mlspa,classic,2026-07-24T07:02:53+00:00,1.99,1.315
luis-alberto-suarez-diaz,mlspa,mlspa,classic,2026-07-24T08:08:43+00:00,2.16,1.36
luis-alberto-suarez-diaz,mlspa,mlspa,classic,2026-07-24T08:28:11+00:00,2.33,1.374
luis-alberto-suarez-diaz,mlspa,mlspa,classic,2026-07-24T09:08:59+00:00,2.49,1.402
luis-alberto-suarez-diaz,mlspa,mlspa,classic,2026-07-24T11:45:50+00:00,3.64,-1.489
luis-alberto-suarez-diaz,mlspa,mlspa,classic,2026-07-24T13:53:39+00:00,2.14,-1.4
luis-alberto-suarez-diaz,mlspa,mlspa,classic,2026-07-24T17:44:43+00:00,3.75,-1.24
luis-alberto-suarez-diaz,mlspa,mlspa,classic,2026-07-24T17:48:21+00:00,2.12,-1.237
luis-alberto-suarez-diaz,mlspa,mlspa,classic,2026-07-24T18:57:34+00:00,2.13,-1.189
luis-alberto-suarez-diaz,mlspa,mlspa,classic,2026-07-24T20:24:05+00:00,2.13,-1.129
luis-alberto-suarez-diaz,mlspa,mlspa,classic,2026-07-24T20:35:14+00:00,2.95,-1.121
luis-alberto-suarez-diaz,mlspa,mlspa,classic,2026-07-25T12:54:50+00:00,2.94,-0.441
luis-alberto-suarez-diaz,mlspa,mlspa,classic,2026-07-25T16:46:38+00:00,3.12,-0.28
luis-alberto-suarez-diaz,mlspa,mlspa,classic,2026-07-25T17:30:48+00:00,3.61,-0.249
luis-alberto-suarez-diaz,mlspa,mlspa,classic,2026-07-26T08:09:37+00:00,3.8,0.361
luis-alberto-suarez-diaz,mlspa,mlspa,classic,2026-07-23T01:09:48+00:00,1.69,0.069
luis-alberto-suarez-diaz,mlspa,mlspa,classic,2026-07-23T01:13:48+00:00,1.69,0.072
luis-alberto-suarez-diaz,mlspa,mlspa,classic,2026-07-23T04:15:39+00:00,1.85,0.198
luis-alberto-suarez-diaz,mlspa,mlspa,classic,2026-07-23T07:10:28+00:00,1.68,0.32
luis-alberto-suarez-diaz,mlspa,mlspa,classic,2026-07-23T08:07:27+00:00,2.01,0.359
luis-alberto-suarez-diaz,mlspa,mlspa,classic,2026-07-23T08:10:10+00:00,1.84,0.361
luis-alberto-suarez-diaz,mlspa,mlspa,classic,2026-07-23T09:17:36+00:00,1.86,0.408
luis-alberto-suarez-diaz,mlspa,mlspa,classic,2026-07-23T14:27:02+00:00,1.0,0.623
luis-alberto-suarez-diaz,mlspa,mlspa,classic,2026-07-23T16:18:10+00:00,3.0,0.7
walker-zimmerman,mlspa,mlspa,in season,2026-07-24T06:04:51+00:00,3.63,1.274
walker-zimmerman,mlspa,mlspa,in season,2026-07-24T06:29:59+00:00,4.46,1.292
walker-zimmerman,mlspa,mlspa,in season,2026-07-24T07:57:00+00:00,4.8,1.352
walker-zimmerman,mlspa,mlspa,in season,2026-07-24T09:27:05+00:00,4.31,1.415
walker-zimmerman,mlspa,mlspa,in season,2026-07-24T11:31:41+00:00,4.3,-1.499
walker-zimmerman,mlspa,mlspa,in season,2026-07-24T13:46:46+00:00,4.44,-1.405
walker-zimmerman,mlspa,mlspa,in season,2026-07-25T14:34:49+00:00,4.59,-0.372
walker-zimmerman,mlspa,mlspa,in season,2026-07-25T16:57:50+00:00,4.59,-0.272
walker-zimmerman,mlspa,mlspa,in season,2026-07-26T03:28:59+00:00,4.46,0.166
walker-zimmerman,mlspa,mlspa,in season,2026-07-26T06:42:12+00:00,4.3,0.3
walker-zimmerman,mlspa,mlspa,in season,2026-07-26T07:08:21+00:00,4.64,0.318
walker-zimmerman,mlspa,mlspa,in season,2026-07-26T07:34:14+00:00,4.8,0.336
walker-zimmerman,mlspa,mlspa,in season,2026-07-26T07:36:35+00:00,4.97,0.338
walker-zimmerman,mlspa,mlspa,in season,2026-07-26T07:46:43+00:00,5.96,0.345
walker-zimmerman,mlspa,mlspa,in season,2026-07-26T11:56:19+00:00,3.64,0.518
walker-zimmerman,mlspa,mlspa,in season,2026-07-26T16:36:27+00:00,5.38,0.713
walker-zimmerman,mlspa,mlspa,in season,2026-07-27T00:19:11+00:00,4.8,1.034
walker-zimmerman,mlspa,mlspa,in season,2026-07-27T19:48:52+00:00,4.77,1.846
walker-zimmerman,mlspa,mlspa,in season,2026-07-28T22:11:34+00:00,4.22,2.946
walker-zimmerman,mlspa,mlspa,in season,2026-07-29T10:38:13+00:00,4.21,-2.536
walker-zimmerman,mlspa,mlspa,in season,2026-07-29T12:16:18+00:00,4.03,-2.468
walker-zimmerman,mlspa,mlspa,in season,2026-07-22T19:31:21+00:00,4.91,-0.166
walker-zimmerman,mlspa,mlspa,in season,2026-07-22T19:42:21+00:00,5.24,-0.158
walker-zimmerman,mlspa,mlspa,in season,2026-07-22T21:46:47+00:00,5.06,-0.072
walker-zimmerman,mlspa,mlspa,in season,2026-07-22T22:59:01+00:00,5.09,-0.022
walker-zimmerman,mlspa,mlspa,in season,2026-07-22T22:59:24+00:00,5.09,-0.021
walker-zimmerman,mlspa,mlspa,in season,2026-07-23T18:53:48+00:00,4.79,0.808
marcel-hartel,mlspa,mlspa,classic,2026-07-24T19:55:11+00:00,2.95,-1.191
marcel-hartel,mlspa,mlspa,classic,2026-07-24T22:04:14+00:00,2.94,-1.101
marcel-hartel,mlspa,mlspa,classic,2026-07-25T10:15:29+00:00,3.1,-0.593
marcel-hartel,mlspa,mlspa,classic,2026-07-25T10:31:22+00:00,5.06,-0.582
marcel-hartel,mlspa,mlspa,classic,2026-07-25T12:12:36+00:00,3.1,-0.512
marcel-hartel,mlspa,mlspa,classic,2026-07-25T12:59:11+00:00,3.1,-0.48
marcel-hartel,mlspa,mlspa,classic,2026-07-25T17:41:26+00:00,2.95,-0.284
marcel-hartel,mlspa,mlspa,classic,2026-07-26T16:59:47+00:00,2.52,0.687
marcel-hartel,mlspa,mlspa,classic,2026-07-26T17:31:50+00:00,2.52,0.71
marcel-hartel,mlspa,mlspa,classic,2026-07-27T16:02:49+00:00,2.37,1.648
marcel-hartel,mlspa,mlspa,classic,2026-07-28T07:43:01+00:00,2.32,2.301
marcel-hartel,mlspa,mlspa,classic,2026-07-28T15:42:22+00:00,1.66,2.634
marcel-hartel,mlspa,mlspa,classic,2026-07-29T14:24:16+00:00,3.01,-3.421
marcel-hartel,mlspa,mlspa,classic,2026-07-29T15:54:18+00:00,2.0,-3.358
marcel-hartel,mlspa,mlspa,classic,2026-07-22T18:59:42+00:00,1.36,-0.313
marcel-hartel,mlspa,mlspa,classic,2026-07-23T03:33:21+00:00,1.52,0.044
marcel-hartel,mlspa,mlspa,classic,2026-07-23T03:33:35+00:00,1.52,0.044
marcel-hartel,mlspa,mlspa,classic,2026-07-23T03:33:50+00:00,1.52,0.044
marcel-hartel,mlspa,mlspa,classic,2026-07-23T04:17:22+00:00,1.51,0.075
marcel-hartel,mlspa,mlspa,classic,2026-07-23T04:22:57+00:00,1.68,0.078
marcel-hartel,mlspa,mlspa,classic,2026-07-23T04:44:56+00:00,1.85,0.094
marcel-hartel,mlspa,mlspa,classic,2026-07-23T08:04:17+00:00,2.18,0.232
marcel-hartel,mlspa,mlspa,classic,2026-07-23T11:02:03+00:00,2.2,0.356
marcel-hartel,mlspa,mlspa,classic,2026-07-23T11:38:11+00:00,2.2,0.381
marcel-hartel,mlspa,mlspa,classic,2026-07-23T11:49:20+00:00,2.2,0.388
marcel-hartel,mlspa,mlspa,classic,2026-07-23T12:43:12+00:00,1.18,0.426
marcel-hartel,mlspa,mlspa,classic,2026-07-23T14:38:11+00:00,2.5,0.506
marcel-hartel,mlspa,mlspa,classic,2026-07-23T16:55:17+00:00,2.66,0.601
marcel-hartel,mlspa,mlspa,classic,2026-07-23T17:29:52+00:00,2.49,0.625
marcel-hartel,mlspa,mlspa,classic,2026-07-23T18:44:02+00:00,2.31,0.676
marcel-hartel,mlspa,mlspa,classic,2026-07-23T20:31:53+00:00,2.31,0.751
marcel-hartel,mlspa,mlspa,classic,2026-07-23T21:31:17+00:00,2.82,0.793
marcel-hartel,mlspa,mlspa,classic,2026-07-23T22:54:00+00:00,2.98,0.85
marcel-hartel,mlspa,mlspa,classic,2026-07-24T00:07:06+00:00,3.63,0.901
marcel-hartel,mlspa,mlspa,classic,2026-07-24T01:24:10+00:00,2.96,0.954
marcel-hartel,mlspa,mlspa,classic,2026-07-24T08:20:06+00:00,2.99,1.243
marcel-hartel,mlspa,mlspa,classic,2026-07-24T08:24:16+00:00,3.16,1.246
marcel-hartel,mlspa,mlspa,classic,2026-07-24T12:29:21+00:00,3.14,1.416
thomas-muller,mlspa,mlspa,in season,2026-07-23T05:19:31+00:00,12.08,0.243
thomas-muller,mlspa,mlspa,in season,2026-07-24T15:21:18+00:00,7.85,-1.381
thomas-muller,mlspa,mlspa,in season,2026-07-24T21:10:35+00:00,8.01,-1.138
thomas-muller,mlspa,mlspa,in season,2026-07-25T07:26:25+00:00,9.95,-0.711
thomas-muller,mlspa,mlspa,in season,2026-07-26T07:23:05+00:00,8.44,0.287
thomas-muller,mlspa,mlspa,in season,2026-07-26T11:52:21+00:00,6.13,0.474
thomas-muller,mlspa,mlspa,in season,2026-07-26T17:09:30+00:00,6.9,0.694
thomas-muller,mlspa,mlspa,in season,2026-07-26T23:39:46+00:00,5.64,0.965
thomas-muller,mlspa,mlspa,in season,2026-07-28T10:53:16+00:00,5.12,2.433
thomas-muller,mlspa,mlspa,in season,2026-07-28T13:18:56+00:00,5.16,2.534
thomas-muller,mlspa,mlspa,in season,2026-07-28T16:59:59+00:00,5.89,2.687
thomas-muller,mlspa,mlspa,in season,2026-07-28T21:34:10+00:00,4.71,2.878
thomas-muller,mlspa,mlspa,in season,2026-07-28T22:20:39+00:00,5.4,2.91
thomas-muller,mlspa,mlspa,in season,2026-07-29T07:01:23+00:00,5.39,3.272
thomas-muller,mlspa,mlspa,in season,2026-07-29T08:09:27+00:00,5.39,3.319
thomas-muller,mlspa,mlspa,in season,2026-07-29T10:54:26+00:00,5.06,3.434
thomas-muller,mlspa,mlspa,in season,2026-07-29T11:37:01+00:00,3.35,3.463
thomas-muller,mlspa,mlspa,in season,2026-07-29T12:14:41+00:00,4.03,-3.469
thomas-muller,mlspa,mlspa,in season,2026-07-29T13:10:06+00:00,4.85,-3.43
thomas-muller,mlspa,mlspa,in season,2026-07-29T14:03:41+00:00,4.85,-3.393
thomas-muller,mlspa,mlspa,in season,2026-07-29T16:23:49+00:00,4.81,-3.296
thomas-muller,mlspa,mlspa,in season,2026-07-29T18:06:49+00:00,5.15,-3.224
hugo-lloris,mlspa,mlspa,in season,2026-07-24T12:08:01+00:00,25.16,1.401
hugo-lloris,mlspa,mlspa,in season,2026-07-24T19:41:50+00:00,22.75,-1.283
hugo-lloris,mlspa,mlspa,in season,2026-07-24T21:17:41+00:00,21.42,-1.217
hugo-lloris,mlspa,mlspa,in season,2026-07-24T23:10:33+00:00,24.01,-1.139
hugo-lloris,mlspa,mlspa,in season,2026-07-25T00:36:38+00:00,25.18,-1.079
hugo-lloris,mlspa,mlspa,in season,2026-07-25T09:14:13+00:00,24.91,-0.719
hugo-lloris,mlspa,mlspa,in season,2026-07-25T13:21:41+00:00,24.17,-0.547
hugo-lloris,mlspa,mlspa,in season,2026-07-25T22:46:32+00:00,20.06,-0.155
hugo-lloris,mlspa,mlspa,in season,2026-07-26T09:42:43+00:00,23.8,0.3
hugo-lloris,mlspa,mlspa,in season,2026-07-26T20:35:09+00:00,22.66,0.754
hugo-lloris,mlspa,mlspa,in season,2026-07-27T11:27:18+00:00,22.94,1.373
hugo-lloris,mlspa,mlspa,in season,2026-07-27T16:52:44+00:00,20.99,1.599
hugo-lloris,mlspa,mlspa,in season,2026-07-27T21:57:12+00:00,16.6,1.811
hugo-lloris,mlspa,mlspa,in season,2026-07-28T13:24:01+00:00,21.29,2.454
hugo-lloris,mlspa,mlspa,in season,2026-07-28T14:46:47+00:00,19.09,2.512
hugo-lloris,mlspa,mlspa,in season,2026-07-28T16:05:34+00:00,20.86,2.566
hugo-lloris,mlspa,mlspa,in season,2026-07-28T18:09:11+00:00,14.84,2.652
hugo-lloris,mlspa,mlspa,in season,2026-07-28T18:59:12+00:00,21.68,2.687
hugo-lloris,mlspa,mlspa,in season,2026-07-29T02:43:08+00:00,22.56,3.009
hugo-lloris,mlspa,mlspa,in season,2026-07-29T18:37:44+00:00,14.13,-3.203
hugo-lloris,mlspa,mlspa,in season,2026-07-23T02:06:05+00:00,26.52,-0.017
hugo-lloris,mlspa,mlspa,in season,2026-07-23T06:02:28+00:00,27.41,0.148
hugo-lloris,mlspa,mlspa,in season,2026-07-23T17:53:38+00:00,26.86,0.641
hugo-lloris,mlspa,mlspa,in season,2026-07-24T06:36:16+00:00,26.6,1.171
hugo-lloris,mlspa,mlspa,in season,2026-07-24T07:19:25+00:00,27.0,1.201
hugo-lloris,mlspa,mlspa,in season,2026-07-24T08:03:22+00:00,26.12,1.232
hugo-lloris,mlspa,mlspa,in season,2026-07-24T11:19:50+00:00,26.95,1.368
hugo-lloris,mlspa,mlspa,in season,2026-07-24T11:35:05+00:00,26.79,1.379
rafael-cabral-barbosa,mlspa,mlspa,in season,2026-07-22T22:20:24+00:00,15.11,-0.173
rafael-cabral-barbosa,mlspa,mlspa,in season,2026-07-23T08:54:40+00:00,7.04,0.267
rafael-cabral-barbosa,mlspa,mlspa,in season,2026-07-23T11:06:33+00:00,6.76,0.359
rafael-cabral-barbosa,mlspa,mlspa,in season,2026-07-23T18:58:07+00:00,9.74,0.686
rafael-cabral-barbosa,mlspa,mlspa,in season,2026-07-24T14:46:59+00:00,7.99,-1.488
rafael-cabral-barbosa,mlspa,mlspa,in season,2026-07-24T16:12:58+00:00,8.01,-1.428
rafael-cabral-barbosa,mlspa,mlspa,in season,2026-07-24T20:55:50+00:00,5.4,-1.232
rafael-cabral-barbosa,mlspa,mlspa,in season,2026-07-25T11:06:05+00:00,6.53,-0.642
rafael-cabral-barbosa,mlspa,mlspa,in season,2026-07-25T11:41:27+00:00,8.0,-0.617
rafael-cabral-barbosa,mlspa,mlspa,in season,2026-07-25T13:38:42+00:00,6.53,-0.536
rafael-cabral-barbosa,mlspa,mlspa,in season,2026-07-26T06:25:52+00:00,3.8,0.164
rafael-cabral-barbosa,mlspa,mlspa,in season,2026-07-26T16:39:53+00:00,5.05,0.59
rafael-cabral-barbosa,mlspa,mlspa,in season,2026-07-27T00:07:12+00:00,4.28,0.901
rafael-cabral-barbosa,mlspa,mlspa,in season,2026-07-28T02:46:07+00:00,4.28,2.011
rafael-cabral-barbosa,mlspa,mlspa,in season,2026-07-28T02:54:49+00:00,4.28,2.017
rafael-cabral-barbosa,mlspa,mlspa,in season,2026-07-28T17:05:46+00:00,4.39,2.608
rafael-cabral-barbosa,mlspa,mlspa,in season,2026-07-29T00:24:13+00:00,3.03,2.913
rafael-cabral-barbosa,mlspa,mlspa,in season,2026-07-29T01:59:01+00:00,3.19,2.978
rafael-cabral-barbosa,mlspa,mlspa,in season,2026-07-29T10:41:39+00:00,3.54,3.341
timo-baumgartl,mlspa,mlspa,in season,2026-07-24T05:55:53+00:00,3.62,1.143
timo-baumgartl,mlspa,mlspa,in season,2026-07-24T07:57:33+00:00,3.64,1.227
timo-baumgartl,mlspa,mlspa,in season,2026-07-24T10:00:46+00:00,3.48,1.313
timo-baumgartl,mlspa,mlspa,in season,2026-07-24T20:31:02+00:00,3.6,-1.166
timo-baumgartl,mlspa,mlspa,in season,2026-07-24T22:05:31+00:00,4.24,-1.1
timo-baumgartl,mlspa,mlspa,in season,2026-07-25T14:16:22+00:00,4.76,-0.426
timo-baumgartl,mlspa,mlspa,in season,2026-07-25T16:20:15+00:00,4.59,-0.34
timo-baumgartl,mlspa,mlspa,in season,2026-07-26T17:12:36+00:00,4.88,0.696
timo-baumgartl,mlspa,mlspa,in season,2026-07-26T20:37:12+00:00,4.53,0.838
timo-baumgartl,mlspa,mlspa,in season,2026-07-27T08:05:06+00:00,4.13,1.316
timo-baumgartl,mlspa,mlspa,in season,2026-07-27T08:30:41+00:00,3.44,1.334
timo-baumgartl,mlspa,mlspa,in season,2026-07-27T12:12:35+00:00,3.44,1.488
timo-baumgartl,mlspa,mlspa,in season,2026-07-28T12:20:54+00:00,3.13,2.494
timo-baumgartl,mlspa,mlspa,in season,2026-07-28T12:35:20+00:00,2.97,2.504
timo-baumgartl,mlspa,mlspa,in season,2026-07-28T12:53:31+00:00,2.8,2.516
timo-baumgartl,mlspa,mlspa,in season,2026-07-28T21:44:18+00:00,3.37,2.885
timo-baumgartl,mlspa,mlspa,in season,2026-07-29T18:19:47+00:00,2.83,-3.257
timo-baumgartl,mlspa,mlspa,in season,2026-07-23T02:33:11+00:00,4.05,0.002
timo-baumgartl,mlspa,mlspa,in season,2026-07-23T07:35:09+00:00,4.04,0.212
timo-baumgartl,mlspa,mlspa,in season,2026-07-23T12:54:54+00:00,3.38,0.434
felipe-andres-mora-aliaga,mlspa,mlspa,in season,2026-07-24T19:21:12+00:00,1.15,-1.298
felipe-andres-mora-aliaga,mlspa,mlspa,in season,2026-07-24T21:42:02+00:00,1.14,-1.2
felipe-andres-mora-aliaga,mlspa,mlspa,in season,2026-07-24T21:42:42+00:00,1.14,-1.2
felipe-andres-mora-aliaga,mlspa,mlspa,in season,2026-07-24T22:15:47+00:00,1.3,-1.177
felipe-andres-mora-aliaga,mlspa,mlspa,in season,2026-07-24T22:20:27+00:00,1.47,-1.173
felipe-andres-mora-aliaga,mlspa,mlspa,in season,2026-07-25T06:42:01+00:00,2.61,-0.825
felipe-andres-mora-aliaga,mlspa,mlspa,in season,2026-07-25T07:32:58+00:00,1.63,-0.79
felipe-andres-mora-aliaga,mlspa,mlspa,in season,2026-07-25T07:49:21+00:00,3.1,-0.778
felipe-andres-mora-aliaga,mlspa,mlspa,in season,2026-07-25T08:05:34+00:00,2.12,-0.767
felipe-andres-mora-aliaga,mlspa,mlspa,in season,2026-07-26T04:11:11+00:00,1.98,0.07
felipe-andres-mora-aliaga,mlspa,mlspa,in season,2026-07-26T04:41:21+00:00,1.98,0.091
felipe-andres-mora-aliaga,mlspa,mlspa,in season,2026-07-26T07:18:27+00:00,1.82,0.2
felipe-andres-mora-aliaga,mlspa,mlspa,in season,2026-07-26T07:57:55+00:00,2.15,0.228
felipe-andres-mora-aliaga,mlspa,mlspa,in season,2026-07-26T11:27:42+00:00,2.32,0.373
felipe-andres-mora-aliaga,mlspa,mlspa,in season,2026-07-26T18:42:41+00:00,2.35,0.675
felipe-andres-mora-aliaga,mlspa,mlspa,in season,2026-07-26T20:15:01+00:00,2.52,0.74
mamadou-fofana,mlspa,mlspa,classic,2026-07-23T17:44:34+00:00,1.66,0.76
mamadou-fofana,mlspa,mlspa,classic,2026-07-23T18:21:53+00:00,2.64,0.786
mamadou-fofana,mlspa,mlspa,classic,2026-07-23T22:56:45+00:00,1.65,0.977
mamadou-fofana,mlspa,mlspa,classic,2026-07-24T01:14:19+00:00,2.13,1.072
mamadou-fofana,mlspa,mlspa,classic,2026-07-24T01:34:46+00:00,1.64,1.087
mamadou-fofana,mlspa,mlspa,classic,2026-07-24T07:59:04+00:00,1.66,1.354
mamadou-fofana,mlspa,mlspa,classic,2026-07-24T08:08:01+00:00,1.83,1.36
mamadou-fofana,mlspa,mlspa,classic,2026-07-24T08:31:33+00:00,1.83,1.376
mamadou-fofana,mlspa,mlspa,classic,2026-07-24T08:37:16+00:00,2.16,1.38
mamadou-fofana,mlspa,mlspa,classic,2026-07-24T13:13:29+00:00,3.62,-1.428
mamadou-fofana,mlspa,mlspa,classic,2026-07-24T14:17:44+00:00,2.28,-1.384
mamadou-fofana,mlspa,mlspa,classic,2026-07-24T17:06:56+00:00,2.77,-1.266
mamadou-fofana,mlspa,mlspa,classic,2026-07-24T20:06:11+00:00,2.95,-1.142
mamadou-fofana,mlspa,mlspa,classic,2026-07-25T16:52:26+00:00,2.79,-0.276
mamadou-fofana,mlspa,mlspa,classic,2026-07-27T12:43:09+00:00,2.58,1.551
mamadou-fofana,mlspa,mlspa,classic,2026-07-27T19:50:49+00:00,2.39,1.848
mamadou-fofana,mlspa,mlspa,classic,2026-07-28T04:25:26+00:00,1.98,2.205
mamadou-fofana,mlspa,mlspa,classic,2026-07-28T14:56:51+00:00,0.99,2.644
mamadou-fofana,mlspa,mlspa,classic,2026-07-29T09:48:42+00:00,1.01,3.43
mamadou-fofana,mlspa,mlspa,classic,2026-07-23T08:06:58+00:00,1.68,0.359
mamadou-fofana,mlspa,mlspa,classic,2026-07-23T10:41:41+00:00,1.52,0.466
mamadou-fofana,mlspa,mlspa,classic,2026-07-23T14:52:52+00:00,1.34,0.641
mamadou-fofana,mlspa,mlspa,classic,2026-07-23T17:09:52+00:00,1.66,0.736
zavier-gozo,mlspa,mlspa,in season,2026-07-22T22:25:14+00:00,20.2,-0.17
zavier-gozo,mlspa,mlspa,in season,2026-07-23T09:29:23+00:00,14.18,0.291
zavier-gozo,mlspa,mlspa,in season,2026-07-23T12:22:32+00:00,15.04,0.411
zavier-gozo,mlspa,mlspa,in season,2026-07-23T16:19:30+00:00,16.49,0.576
zavier-gozo,mlspa,mlspa,in season,2026-07-23T23:06:05+00:00,14.06,0.858
zavier-gozo,mlspa,mlspa,in season,2026-07-24T11:33:51+00:00,15.05,1.378
zavier-gozo,mlspa,mlspa,in season,2026-07-24T16:38:13+00:00,14.22,-1.411
zavier-gozo,mlspa,mlspa,in season,2026-07-24T20:36:26+00:00,14.08,-1.246
zavier-gozo,mlspa,mlspa,in season,2026-07-24T23:49:52+00:00,14.86,-1.111
zavier-gozo,mlspa,mlspa,in season,2026-07-25T10:11:13+00:00,14.68,-0.68
zavier-gozo,mlspa,mlspa,in season,2026-07-25T10:29:39+00:00,15.17,-0.667
zavier-gozo,mlspa,mlspa,in season,2026-07-25T10:51:02+00:00,15.34,-0.652
zavier-gozo,mlspa,mlspa,in season,2026-07-25T11:14:58+00:00,15.66,-0.635
zavier-gozo,mlspa,mlspa,in season,2026-07-25T11:29:23+00:00,15.83,-0.625
zavier-gozo,mlspa,mlspa,in season,2026-07-25T16:54:26+00:00,16.4,-0.4
zavier-gozo,mlspa,mlspa,in season,2026-07-26T08:11:40+00:00,13.22,0.237
zavier-gozo,mlspa,mlspa,in season,2026-07-26T11:59:18+00:00,11.43,0.395
zavier-gozo,mlspa,mlspa,in season,2026-07-27T03:37:45+00:00,11.74,1.047
zavier-gozo,mlspa,mlspa,in season,2026-07-27T05:53:54+00:00,11.64,1.142
zavier-gozo,mlspa,mlspa,in season,2026-07-27T05:55:44+00:00,12.15,1.143
zavier-gozo,mlspa,mlspa,in season,2026-07-27T21:56:58+00:00,9.92,1.81
zavier-gozo,mlspa,mlspa,in season,2026-07-28T15:11:06+00:00,7.95,2.529
zavier-gozo,mlspa,mlspa,in season,2026-07-28T23:26:07+00:00,9.06,2.872
zavier-gozo,mlspa,mlspa,in season,2026-07-29T18:12:00+00:00,8.15,-3.263
mathieu-choiniere,mlspa,mlspa,in season,2026-07-24T12:40:36+00:00,1.66,1.424
mathieu-choiniere,mlspa,mlspa,in season,2026-07-24T13:21:05+00:00,3.13,1.452
mathieu-choiniere,mlspa,mlspa,in season,2026-07-25T11:17:54+00:00,2.94,-0.633
mathieu-choiniere,mlspa,mlspa,in season,2026-07-25T11:40:36+00:00,2.94,-0.618
mathieu-choiniere,mlspa,mlspa,in season,2026-07-25T16:02:09+00:00,2.79,-0.436
mathieu-choiniere,mlspa,mlspa,in season,2026-07-25T20:26:17+00:00,3.13,-0.253
mathieu-choiniere,mlspa,mlspa,in season,2026-07-26T00:13:16+00:00,2.8,-0.095
mathieu-choiniere,mlspa,mlspa,in season,2026-07-26T02:03:52+00:00,3.63,-0.018
mathieu-choiniere,mlspa,mlspa,in season,2026-07-26T02:46:41+00:00,4.12,0.012
mathieu-choiniere,mlspa,mlspa,in season,2026-07-26T03:22:16+00:00,3.63,0.036
mathieu-choiniere,mlspa,mlspa,in season,2026-07-26T10:04:42+00:00,4.14,0.316
mathieu-choiniere,mlspa,mlspa,in season,2026-07-26T11:21:08+00:00,4.14,0.369
mathieu-choiniere,mlspa,mlspa,in season,2026-07-26T11:58:06+00:00,4.14,0.395
mathieu-choiniere,mlspa,mlspa,in season,2026-07-26T13:25:19+00:00,5.3,0.455
mathieu-choiniere,mlspa,mlspa,in season,2026-07-26T20:48:29+00:00,4.7,0.763
mathieu-choiniere,mlspa,mlspa,in season,2026-07-27T06:46:44+00:00,4.13,1.178
mathieu-choiniere,mlspa,mlspa,in season,2026-07-28T14:52:18+00:00,3.79,2.515
mathieu-choiniere,mlspa,mlspa,in season,2026-07-29T10:42:51+00:00,3.71,3.342
mathieu-choiniere,mlspa,mlspa,in season,2026-07-29T11:32:47+00:00,3.02,3.377
mathieu-choiniere,mlspa,mlspa,in season,2026-07-23T17:38:32+00:00,3.48,0.631
telasco-jose-segovia-perez,mlspa,mlspa,in season,2026-07-24T11:34:16+00:00,4.46,-1.497
telasco-jose-segovia-perez,mlspa,mlspa,in season,2026-07-24T11:48:45+00:00,4.8,-1.487
telasco-jose-segovia-perez,mlspa,mlspa,in season,2026-07-24T12:27:27+00:00,5.13,-1.46
telasco-jose-segovia-perez,mlspa,mlspa,in season,2026-07-24T12:30:23+00:00,5.13,-1.458
telasco-jose-segovia-perez,mlspa,mlspa,in season,2026-07-24T19:35:03+00:00,5.4,-1.163
telasco-jose-segovia-perez,mlspa,mlspa,in season,2026-07-25T07:28:41+00:00,3.26,-0.668
telasco-jose-segovia-perez,mlspa,mlspa,in season,2026-07-25T09:24:01+00:00,4.4,-0.587
telasco-jose-segovia-perez,mlspa,mlspa,in season,2026-07-25T16:56:25+00:00,5.25,-0.273
telasco-jose-segovia-perez,mlspa,mlspa,in season,2026-07-26T03:17:33+00:00,5.45,0.158
telasco-jose-segovia-perez,mlspa,mlspa,in season,2026-07-26T10:58:59+00:00,5.46,0.478
telasco-jose-segovia-perez,mlspa,mlspa,in season,2026-07-26T11:00:33+00:00,5.47,0.48
telasco-jose-segovia-perez,mlspa,mlspa,in season,2026-07-26T21:50:42+00:00,5.03,0.931
telasco-jose-segovia-perez,mlspa,mlspa,in season,2026-07-27T00:27:14+00:00,3.94,1.04
telasco-jose-segovia-perez,mlspa,mlspa,in season,2026-07-27T02:16:05+00:00,5.63,1.115
telasco-jose-segovia-perez,mlspa,mlspa,in season,2026-07-27T14:44:54+00:00,6.03,1.635
telasco-jose-segovia-perez,mlspa,mlspa,in season,2026-07-27T15:00:37+00:00,5.6,1.646
telasco-jose-segovia-perez,mlspa,mlspa,in season,2026-07-28T20:06:33+00:00,5.9,2.859
telasco-jose-segovia-perez,mlspa,mlspa,in season,2026-07-28T22:01:30+00:00,7.09,2.939
telasco-jose-segovia-perez,mlspa,mlspa,in season,2026-07-29T08:33:54+00:00,5.9,3.378
telasco-jose-segovia-perez,mlspa,mlspa,in season,2026-07-29T12:19:42+00:00,5.04,-3.465
telasco-jose-segovia-perez,mlspa,mlspa,in season,2026-07-29T17:10:40+00:00,4.32,-3.263
telasco-jose-segovia-perez,mlspa,mlspa,in season,2026-07-22T19:19:19+00:00,3.55,-0.174
telasco-jose-segovia-perez,mlspa,mlspa,in season,2026-07-22T20:24:55+00:00,4.55,-0.129
telasco-jose-segovia-perez,mlspa,mlspa,in season,2026-07-22T21:40:58+00:00,4.89,-0.076
telasco-jose-segovia-perez,mlspa,mlspa,in season,2026-07-23T14:17:01+00:00,4.84,0.616
dae-won-kim,k-league-1,k-league-1,in season,2026-07-24T09:16:19+00:00,19.39,-2.051
dae-won-kim,k-league-1,k-league-1,in season,2026-07-24T16:56:09+00:00,13.56,-1.732
dae-won-kim,k-league-1,k-league-1,in season,2026-07-24T20:44:48+00:00,16.37,-1.573
dae-won-kim,k-league-1,k-league-1,in season,2026-07-25T16:19:55+00:00,15.26,-0.757
dae-won-kim,k-league-1,k-league-1,in season,2026-07-26T00:02:28+00:00,14.65,-0.436
dae-won-kim,k-league-1,k-league-1,in season,2026-07-26T13:37:06+00:00,11.27,0.13
dae-won-kim,k-league-1,k-league-1,in season,2026-07-27T14:38:41+00:00,14.12,1.173
dae-won-kim,k-league-1,k-league-1,in season,2026-07-27T20:46:26+00:00,14.04,1.428
dae-won-kim,k-league-1,k-league-1,in season,2026-07-28T04:48:53+00:00,13.05,1.763
dae-won-kim,k-league-1,k-league-1,in season,2026-07-28T07:29:44+00:00,14.1,1.875
dae-won-kim,k-league-1,k-league-1,in season,2026-07-28T15:42:13+00:00,12.59,2.217
dae-won-kim,k-league-1,k-league-1,in season,2026-07-28T18:34:41+00:00,11.01,2.337
dae-won-kim,k-league-1,k-league-1,in season,2026-07-28T20:59:21+00:00,10.28,2.437
dae-won-kim,k-league-1,k-league-1,in season,2026-07-29T17:00:38+00:00,10.81,-2.729
dae-won-kim,k-league-1,k-league-1,in season,2026-07-29T17:10:43+00:00,10.97,-2.722
dae-won-kim,k-league-1,k-league-1,in season,2026-07-22T19:22:25+00:00,13.53,1.37
dae-won-kim,k-league-1,k-league-1,in season,2026-07-23T14:05:22+00:00,21.03,2.15
patryk-klimala,k-league-1,k-league-1,in season,2026-07-22T19:22:45+00:00,4.91,0.37
patryk-klimala,k-league-1,k-league-1,in season,2026-07-23T09:32:55+00:00,6.24,0.96
patryk-klimala,k-league-1,k-league-1,in season,2026-07-23T14:09:40+00:00,4.84,1.153
patryk-klimala,k-league-1,k-league-1,in season,2026-07-24T04:37:27+00:00,4.95,1.755
patryk-klimala,k-league-1,k-league-1,in season,2026-07-24T04:38:53+00:00,4.79,1.756
patryk-klimala,k-league-1,k-league-1,in season,2026-07-24T10:37:36+00:00,5.96,-1.995
patryk-klimala,k-league-1,k-league-1,in season,2026-07-24T11:57:01+00:00,6.28,-1.94
patryk-klimala,k-league-1,k-league-1,in season,2026-07-24T13:35:43+00:00,6.09,-1.871
patryk-klimala,k-league-1,k-league-1,in season,2026-07-24T15:22:38+00:00,6.22,-1.797
patryk-klimala,k-league-1,k-league-1,in season,2026-07-24T15:46:22+00:00,8.83,-1.78
patryk-klimala,k-league-1,k-league-1,in season,2026-07-25T12:26:56+00:00,6.69,-0.919
patryk-klimala,k-league-1,k-league-1,in season,2026-07-26T13:56:02+00:00,4.64,0.143
patryk-klimala,k-league-1,k-league-1,in season,2026-07-28T05:06:16+00:00,3.3,1.775
patryk-klimala,k-league-1,k-league-1,in season,2026-07-28T20:27:30+00:00,2.02,2.415
patryk-klimala,k-league-1,k-league-1,in season,2026-07-29T08:02:08+00:00,1.69,2.897
patryk-klimala,k-league-1,k-league-1,in season,2026-07-29T08:06:37+00:00,2.02,2.9
patryk-klimala,k-league-1,k-league-1,in season,2026-07-29T15:42:52+00:00,1.83,-2.783
seung-won-jung,k-league-1,k-league-1,in season,2026-07-25T12:29:45+00:00,9.63,-0.917
seung-won-jung,k-league-1,k-league-1,in season,2026-07-25T18:58:53+00:00,7.07,-0.647
seung-won-jung,k-league-1,k-league-1,in season,2026-07-26T11:15:21+00:00,6.13,0.031
seung-won-jung,k-league-1,k-league-1,in season,2026-07-26T18:16:45+00:00,7.89,0.324
seung-won-jung,k-league-1,k-league-1,in season,2026-07-27T13:02:57+00:00,8.59,1.106
seung-won-jung,k-league-1,k-league-1,in season,2026-07-27T17:49:31+00:00,10.73,1.305
seung-won-jung,k-league-1,k-league-1,in season,2026-07-27T18:24:31+00:00,7.0,1.33
seung-won-jung,k-league-1,k-league-1,in season,2026-07-27T19:26:29+00:00,8.18,1.373
seung-won-jung,k-league-1,k-league-1,in season,2026-07-27T20:16:00+00:00,7.53,1.407
seung-won-jung,k-league-1,k-league-1,in season,2026-07-28T15:43:09+00:00,7.12,2.217
seung-won-jung,k-league-1,k-league-1,in season,2026-07-28T19:59:42+00:00,5.03,2.396
seung-won-jung,k-league-1,k-league-1,in season,2026-07-28T21:15:41+00:00,4.88,2.448
seung-won-jung,k-league-1,k-league-1,in season,2026-07-29T07:49:05+00:00,5.56,2.888
seung-won-jung,k-league-1,k-league-1,in season,2026-07-29T08:09:29+00:00,6.07,2.902
seung-won-jung,k-league-1,k-league-1,in season,2026-07-29T10:48:48+00:00,5.9,-2.987
seung-won-jung,k-league-1,k-league-1,in season,2026-07-29T16:27:17+00:00,4.15,-2.752
seung-won-jung,k-league-1,k-league-1,in season,2026-07-29T17:05:57+00:00,5.49,-2.725
seung-won-jung,k-league-1,k-league-1,in season,2026-07-23T08:37:53+00:00,6.03,0.922
seung-won-jung,k-league-1,k-league-1,in season,2026-07-23T10:39:21+00:00,5.56,1.006
seung-won-jung,k-league-1,k-league-1,in season,2026-07-23T10:44:32+00:00,6.23,1.01
seung-won-jung,k-league-1,k-league-1,in season,2026-07-23T14:09:21+00:00,6.51,1.152
seung-won-jung,k-league-1,k-league-1,in season,2026-07-23T17:27:17+00:00,6.47,1.29
seung-won-jung,k-league-1,k-league-1,in season,2026-07-23T18:41:07+00:00,6.6,1.341
seung-won-jung,k-league-1,k-league-1,in season,2026-07-24T04:38:42+00:00,8.92,1.756
seung-won-jung,k-league-1,k-league-1,in season,2026-07-24T12:42:54+00:00,11.92,-1.908
seung-won-jung,k-league-1,k-league-1,in season,2026-07-24T13:18:04+00:00,11.85,-1.883
seung-won-jung,k-league-1,k-league-1,in season,2026-07-24T21:21:26+00:00,11.94,-1.548
seung-won-jung,k-league-1,k-league-1,in season,2026-07-22T19:21:57+00:00,6.26,0.369
juan-antonio-ros-martinez,k-league-1,k-league-1,in season,2026-07-23T10:17:06+00:00,4.38,0.991
juan-antonio-ros-martinez,k-league-1,k-league-1,in season,2026-07-23T10:49:31+00:00,5.06,1.014
juan-antonio-ros-martinez,k-league-1,k-league-1,in season,2026-07-23T14:14:59+00:00,5.01,1.156
juan-antonio-ros-martinez,k-league-1,k-league-1,in season,2026-07-23T14:40:55+00:00,4.51,1.174
juan-antonio-ros-martinez,k-league-1,k-league-1,in season,2026-07-24T01:40:23+00:00,4.6,1.632
juan-antonio-ros-martinez,k-league-1,k-league-1,in season,2026-07-24T04:43:05+00:00,4.13,1.759
juan-antonio-ros-martinez,k-league-1,k-league-1,in season,2026-07-24T06:26:29+00:00,4.13,1.831
juan-antonio-ros-martinez,k-league-1,k-league-1,in season,2026-07-24T12:41:41+00:00,5.79,-1.909
juan-antonio-ros-martinez,k-league-1,k-league-1,in season,2026-07-24T13:11:47+00:00,5.92,-1.888
juan-antonio-ros-martinez,k-league-1,k-league-1,in season,2026-07-25T03:06:52+00:00,6.2,-1.308
juan-antonio-ros-martinez,k-league-1,k-league-1,in season,2026-07-26T13:57:02+00:00,5.14,0.144
juan-antonio-ros-martinez,k-league-1,k-league-1,in season,2026-07-26T21:19:06+00:00,3.36,0.451
juan-antonio-ros-martinez,k-league-1,k-league-1,in season,2026-07-28T12:04:29+00:00,3.46,2.066
juan-antonio-ros-martinez,k-league-1,k-league-1,in season,2026-07-28T15:51:33+00:00,3.48,2.223
juan-antonio-ros-martinez,k-league-1,k-league-1,in season,2026-07-28T21:46:25+00:00,2.52,2.47
juan-antonio-ros-martinez,k-league-1,k-league-1,in season,2026-07-29T07:11:39+00:00,2.53,2.862
juan-antonio-ros-martinez,k-league-1,k-league-1,in season,2026-07-29T08:42:32+00:00,4.05,2.925
juan-antonio-ros-martinez,k-league-1,k-league-1,in season,2026-07-29T14:23:39+00:00,2.85,-2.838
juan-antonio-ros-martinez,k-league-1,k-league-1,in season,2026-07-29T15:52:06+00:00,2.0,-2.776
dong-heon-kim,k-league-1,k-league-1,in season,2026-07-22T23:13:14+00:00,8.15,1.53
dong-heon-kim,k-league-1,k-league-1,in season,2026-07-23T10:35:57+00:00,8.09,2.004
dong-heon-kim,k-league-1,k-league-1,in season,2026-07-23T18:01:45+00:00,5.12,2.314
dong-heon-kim,k-league-1,k-league-1,in season,2026-07-24T08:34:24+00:00,6.32,-2.08
dong-heon-kim,k-league-1,k-league-1,in season,2026-07-24T08:55:46+00:00,8.65,-2.065
dong-heon-kim,k-league-1,k-league-1,in season,2026-07-24T11:14:35+00:00,5.46,-1.969
dong-heon-kim,k-league-1,k-league-1,in season,2026-07-24T13:08:42+00:00,5.27,-1.89
dong-heon-kim,k-league-1,k-league-1,in season,2026-07-24T18:09:07+00:00,5.58,-1.681
dong-heon-kim,k-league-1,k-league-1,in season,2026-07-24T19:36:07+00:00,5.24,-1.621
dong-heon-kim,k-league-1,k-league-1,in season,2026-07-25T07:49:17+00:00,5.22,-1.112
dong-heon-kim,k-league-1,k-league-1,in season,2026-07-25T16:26:37+00:00,5.41,-0.752
dong-heon-kim,k-league-1,k-league-1,in season,2026-07-26T11:54:01+00:00,4.64,0.058
dong-heon-kim,k-league-1,k-league-1,in season,2026-07-26T17:20:46+00:00,4.04,0.285
dong-heon-kim,k-league-1,k-league-1,in season,2026-07-29T18:27:30+00:00,2.99,3.332
oberdan-alionco-de-lima,k-league-1,k-league-1,in season,2026-07-23T09:35:49+00:00,5.23,1.962
oberdan-alionco-de-lima,k-league-1,k-league-1,in season,2026-07-23T10:34:15+00:00,8.26,-1.997
oberdan-alionco-de-lima,k-league-1,k-league-1,in season,2026-07-23T18:18:07+00:00,8.25,-1.675
oberdan-alionco-de-lima,k-league-1,k-league-1,in season,2026-07-23T19:09:33+00:00,6.11,-1.639
oberdan-alionco-de-lima,k-league-1,k-league-1,in season,2026-07-24T05:25:05+00:00,7.91,-1.212
oberdan-alionco-de-lima,k-league-1,k-league-1,in season,2026-07-24T10:52:32+00:00,7.78,-0.984
oberdan-alionco-de-lima,k-league-1,k-league-1,in season,2026-07-24T23:51:36+00:00,7.35,-0.443
oberdan-alionco-de-lima,k-league-1,k-league-1,in season,2026-07-26T11:28:55+00:00,4.47,1.041
oberdan-alionco-de-lima,k-league-1,k-league-1,in season,2026-07-27T14:01:24+00:00,4.48,2.147
oberdan-alionco-de-lima,k-league-1,k-league-1,in season,2026-07-27T18:50:25+00:00,4.1,2.348
oberdan-alionco-de-lima,k-league-1,k-league-1,in season,2026-07-28T15:50:24+00:00,4.14,3.223
oberdan-alionco-de-lima,k-league-1,k-league-1,in season,2026-07-29T08:38:41+00:00,3.71,-3.077
oberdan-alionco-de-lima,k-league-1,k-league-1,in season,2026-07-29T10:45:26+00:00,3.2,-2.989
oberdan-alionco-de-lima,k-league-1,k-league-1,in season,2026-07-29T10:53:05+00:00,2.87,-2.984
oberdan-alionco-de-lima,k-league-1,k-league-1,in season,2026-07-29T12:20:43+00:00,3.36,-2.923
oberdan-alionco-de-lima,k-league-1,k-league-1,in season,2026-07-29T16:02:46+00:00,3.49,-2.769
joon-hyuck-kang,k-league-1,k-league-1,in season,2026-07-23T09:39:01+00:00,10.97,1.965
joon-hyuck-kang,k-league-1,k-league-1,in season,2026-07-23T16:43:12+00:00,10.82,2.259
joon-hyuck-kang,k-league-1,k-league-1,in season,2026-07-23T20:11:11+00:00,11.53,2.404
joon-hyuck-kang,k-league-1,k-league-1,in season,2026-07-24T12:35:24+00:00,11.59,-1.913
joon-hyuck-kang,k-league-1,k-league-1,in season,2026-07-24T12:38:32+00:00,12.08,-1.911
joon-hyuck-kang,k-league-1,k-league-1,in season,2026-07-24T18:58:12+00:00,11.97,-1.647
joon-hyuck-kang,k-league-1,k-league-1,in season,2026-07-25T04:47:02+00:00,11.92,-1.238
joon-hyuck-kang,k-league-1,k-league-1,in season,2026-07-25T16:17:33+00:00,12.14,-0.759
joon-hyuck-kang,k-league-1,k-league-1,in season,2026-07-26T13:40:35+00:00,10.77,0.132
joon-hyuck-kang,k-league-1,k-league-1,in season,2026-07-26T13:52:10+00:00,10.11,0.14
joon-hyuck-kang,k-league-1,k-league-1,in season,2026-07-27T13:18:24+00:00,11.68,1.117
joon-hyuck-kang,k-league-1,k-league-1,in season,2026-07-27T15:40:18+00:00,12.22,1.215
joon-hyuck-kang,k-league-1,k-league-1,in season,2026-07-27T16:40:40+00:00,8.63,1.257
joon-hyuck-kang,k-league-1,k-league-1,in season,2026-07-28T07:24:15+00:00,12.11,1.871
joon-hyuck-kang,k-league-1,k-league-1,in season,2026-07-28T14:57:19+00:00,11.69,2.186
joon-hyuck-kang,k-league-1,k-league-1,in season,2026-07-29T02:55:51+00:00,10.53,2.685
joon-hyuck-kang,k-league-1,k-league-1,in season,2026-07-29T14:33:01+00:00,6.53,-2.831
joon-hyuck-kang,k-league-1,k-league-1,in season,2026-07-22T21:23:24+00:00,10.29,1.454
seo-jae-min,k-league-1,k-league-1,in season,2026-07-22T19:21:32+00:00,5.75,1.369
seo-jae-min,k-league-1,k-league-1,in season,2026-07-23T14:03:51+00:00,7.51,2.149
seo-jae-min,k-league-1,k-league-1,in season,2026-07-23T17:54:45+00:00,4.81,2.309
seo-jae-min,k-league-1,k-league-1,in season,2026-07-24T06:09:38+00:00,5.62,-2.181
seo-jae-min,k-league-1,k-league-1,in season,2026-07-24T06:35:39+00:00,6.28,-2.163
seo-jae-min,k-league-1,k-league-1,in season,2026-07-24T10:14:14+00:00,7.12,-2.011
seo-jae-min,k-league-1,k-league-1,in season,2026-07-24T12:31:49+00:00,5.79,-1.915
seo-jae-min,k-league-1,k-league-1,in season,2026-07-24T12:39:56+00:00,5.13,-1.91
seo-jae-min,k-league-1,k-league-1,in season,2026-07-24T12:49:06+00:00,6.29,-1.903
seo-jae-min,k-league-1,k-league-1,in season,2026-07-24T18:14:06+00:00,8.86,-1.678
seo-jae-min,k-league-1,k-league-1,in season,2026-07-24T18:14:57+00:00,8.86,-1.677
seo-jae-min,k-league-1,k-league-1,in season,2026-07-27T08:10:24+00:00,7.58,0.903
seo-jae-min,k-league-1,k-league-1,in season,2026-07-28T07:02:31+00:00,6.3,1.856
seo-jae-min,k-league-1,k-league-1,in season,2026-07-28T13:26:25+00:00,6.65,2.123
seo-jae-min,k-league-1,k-league-1,in season,2026-07-28T22:24:29+00:00,5.4,2.496
hrvoje-babec,k-league-1,k-league-1,in season,2026-07-22T22:52:10+00:00,4.24,0.515
hrvoje-babec,k-league-1,k-league-1,in season,2026-07-22T23:13:19+00:00,3.57,0.53
hrvoje-babec,k-league-1,k-league-1,in season,2026-07-23T13:28:05+00:00,3.18,1.124
hrvoje-babec,k-league-1,k-league-1,in season,2026-07-23T15:17:57+00:00,3.67,1.2
hrvoje-babec,k-league-1,k-league-1,in season,2026-07-23T19:28:21+00:00,3.63,1.374
hrvoje-babec,k-league-1,k-league-1,in season,2026-07-24T06:13:50+00:00,4.13,1.822
hrvoje-babec,k-league-1,k-league-1,in season,2026-07-24T07:12:27+00:00,4.31,1.863
hrvoje-babec,k-league-1,k-league-1,in season,2026-07-24T08:06:10+00:00,3.83,1.9
hrvoje-babec,k-league-1,k-league-1,in season,2026-07-24T16:57:33+00:00,3.1,-1.731
hrvoje-babec,k-league-1,k-league-1,in season,2026-07-24T21:16:34+00:00,4.58,-1.551
hrvoje-babec,k-league-1,k-league-1,in season,2026-07-25T11:07:42+00:00,4.08,-0.974
hrvoje-babec,k-league-1,k-league-1,in season,2026-07-26T16:53:57+00:00,2.36,0.267
hrvoje-babec,k-league-1,k-league-1,in season,2026-07-27T12:42:55+00:00,2.58,1.092
hrvoje-babec,k-league-1,k-league-1,in season,2026-07-27T14:00:53+00:00,2.58,1.146
hrvoje-babec,k-league-1,k-league-1,in season,2026-07-27T16:26:50+00:00,2.54,1.248
hrvoje-babec,k-league-1,k-league-1,in season,2026-07-27T17:57:30+00:00,1.53,1.311
hrvoje-babec,k-league-1,k-league-1,in season,2026-07-27T20:13:42+00:00,2.4,1.405
hrvoje-babec,k-league-1,k-league-1,in season,2026-07-29T08:45:51+00:00,2.19,2.928
hrvoje-babec,k-league-1,k-league-1,in season,2026-07-29T16:03:58+00:00,2.32,-2.768
hrvoje-babec,k-league-1,k-league-1,in season,2026-07-22T19:06:50+00:00,4.06,0.359
jae-hyun-mo,k-league-1,k-league-1,in season,2026-07-23T11:28:59+00:00,1.69,2.041
jae-hyun-mo,k-league-1,k-league-1,in season,2026-07-23T17:38:26+00:00,1.49,2.298
jae-hyun-mo,k-league-1,k-league-1,in season,2026-07-23T19:08:48+00:00,1.16,2.36
jae-hyun-mo,k-league-1,k-league-1,in season,2026-07-23T21:41:32+00:00,1.49,2.466
jae-hyun-mo,k-league-1,k-league-1,in season,2026-07-24T06:49:50+00:00,1.16,-2.153
jae-hyun-mo,k-league-1,k-league-1,in season,2026-07-24T08:46:57+00:00,1.33,-2.072
jae-hyun-mo,k-league-1,k-league-1,in season,2026-07-24T09:59:16+00:00,1.66,-2.021
jae-hyun-mo,k-league-1,k-league-1,in season,2026-07-24T09:59:58+00:00,1.66,-2.021
jae-hyun-mo,k-league-1,k-league-1,in season,2026-07-24T11:54:58+00:00,1.65,-1.941
jae-hyun-mo,k-league-1,k-league-1,in season,2026-07-24T18:23:20+00:00,1.8,-1.671
jae-hyun-mo,k-league-1,k-league-1,in season,2026-07-25T04:49:47+00:00,1.8,-1.236
jae-hyun-mo,k-league-1,k-league-1,in season,2026-07-25T07:09:55+00:00,1.63,-1.139
jae-hyun-mo,k-league-1,k-league-1,in season,2026-07-26T13:01:23+00:00,1.99,0.105
jae-hyun-mo,k-league-1,k-league-1,in season,2026-07-27T11:31:54+00:00,1.21,1.043
jae-hyun-mo,k-league-1,k-league-1,in season,2026-07-27T12:24:14+00:00,1.55,1.079
jae-hyun-mo,k-league-1,k-league-1,in season,2026-07-27T20:54:05+00:00,1.37,1.433
jae-hyun-mo,k-league-1,k-league-1,in season,2026-07-28T17:37:43+00:00,1.52,2.297
jae-hyun-mo,k-league-1,k-league-1,in season,2026-07-29T17:17:41+00:00,0.5,-2.717
jae-hyun-mo,k-league-1,k-league-1,in season,2026-07-29T18:08:48+00:00,1.0,-2.681
matheus-oliveira-santos,k-league-1,k-league-1,in season,2026-07-24T15:40:12+00:00,14.23,-1.785
matheus-oliveira-santos,k-league-1,k-league-1,in season,2026-07-24T16:20:31+00:00,16.01,-1.757
matheus-oliveira-santos,k-league-1,k-league-1,in season,2026-07-24T16:55:47+00:00,11.28,-1.732
matheus-oliveira-santos,k-league-1,k-league-1,in season,2026-07-24T21:36:30+00:00,13.08,-1.537
matheus-oliveira-santos,k-league-1,k-league-1,in season,2026-07-24T23:10:50+00:00,13.56,-1.472
matheus-oliveira-santos,k-league-1,k-league-1,in season,2026-07-25T00:08:49+00:00,13.08,-1.431
matheus-oliveira-santos,k-league-1,k-league-1,in season,2026-07-25T00:10:24+00:00,13.08,-1.43
matheus-oliveira-santos,k-league-1,k-league-1,in season,2026-07-25T10:59:11+00:00,14.85,-0.98
matheus-oliveira-santos,k-league-1,k-league-1,in season,2026-07-25T12:27:34+00:00,14.52,-0.918
matheus-oliveira-santos,k-league-1,k-league-1,in season,2026-07-26T10:26:33+00:00,16.88,-0.002
matheus-oliveira-santos,k-league-1,k-league-1,in season,2026-07-26T15:10:04+00:00,15.34,0.194
matheus-oliveira-santos,k-league-1,k-league-1,in season,2026-07-26T15:59:44+00:00,10.67,0.229
matheus-oliveira-santos,k-league-1,k-league-1,in season,2026-07-27T07:36:10+00:00,14.31,0.879
matheus-oliveira-santos,k-league-1,k-league-1,in season,2026-07-27T10:24:15+00:00,14.13,0.996
matheus-oliveira-santos,k-league-1,k-league-1,in season,2026-07-28T15:41:45+00:00,10.6,2.216
matheus-oliveira-santos,k-league-1,k-league-1,in season,2026-07-28T15:51:53+00:00,11.1,2.224
matheus-oliveira-santos,k-league-1,k-league-1,in season,2026-07-29T08:07:48+00:00,11.13,2.901
matheus-oliveira-santos,k-league-1,k-league-1,in season,2026-07-29T14:33:56+00:00,7.87,3.169
matheus-oliveira-santos,k-league-1,k-league-1,in season,2026-07-23T03:59:56+00:00,15.01,0.729
matheus-oliveira-santos,k-league-1,k-league-1,in season,2026-07-23T09:04:28+00:00,14.68,0.941
matheus-oliveira-santos,k-league-1,k-league-1,in season,2026-07-23T16:44:16+00:00,14.99,1.26
matheus-oliveira-santos,k-league-1,k-league-1,in season,2026-07-23T18:38:06+00:00,15.02,1.339
matheus-oliveira-santos,k-league-1,k-league-1,in season,2026-07-23T18:49:55+00:00,15.02,1.347
matheus-oliveira-santos,k-league-1,k-league-1,in season,2026-07-23T22:23:26+00:00,15.05,1.495
matheus-oliveira-santos,k-league-1,k-league-1,in season,2026-07-24T05:26:19+00:00,15.81,1.789
gi-hyuk-lee,k-league-1,k-league-1,in season,2026-07-24T10:13:01+00:00,10.1,-2.012
gi-hyuk-lee,k-league-1,k-league-1,in season,2026-07-24T10:22:31+00:00,13.42,-2.005
gi-hyuk-lee,k-league-1,k-league-1,in season,2026-07-24T10:46:08+00:00,10.1,-1.989
gi-hyuk-lee,k-league-1,k-league-1,in season,2026-07-24T11:01:04+00:00,11.08,-1.978
gi-hyuk-lee,k-league-1,k-league-1,in season,2026-07-24T19:25:27+00:00,10.64,-1.628
gi-hyuk-lee,k-league-1,k-league-1,in season,2026-07-24T19:27:32+00:00,9.98,-1.627
gi-hyuk-lee,k-league-1,k-league-1,in season,2026-07-24T20:27:13+00:00,10.97,-1.585
gi-hyuk-lee,k-league-1,k-league-1,in season,2026-07-24T23:48:05+00:00,10.94,-1.446
gi-hyuk-lee,k-league-1,k-league-1,in season,2026-07-25T00:07:14+00:00,11.12,-1.432
gi-hyuk-lee,k-league-1,k-league-1,in season,2026-07-25T04:47:28+00:00,11.1,-1.238
gi-hyuk-lee,k-league-1,k-league-1,in season,2026-07-26T14:12:23+00:00,9.61,0.154
gi-hyuk-lee,k-league-1,k-league-1,in season,2026-07-26T15:09:24+00:00,12.17,0.194
gi-hyuk-lee,k-league-1,k-league-1,in season,2026-07-26T19:17:54+00:00,11.61,0.367
gi-hyuk-lee,k-league-1,k-league-1,in season,2026-07-27T13:14:53+00:00,11.68,1.115
gi-hyuk-lee,k-league-1,k-league-1,in season,2026-07-27T14:47:54+00:00,11.19,1.179
gi-hyuk-lee,k-league-1,k-league-1,in season,2026-07-27T19:50:05+00:00,12.1,1.389
gi-hyuk-lee,k-league-1,k-league-1,in season,2026-07-27T20:43:51+00:00,12.15,1.426
gi-hyuk-lee,k-league-1,k-league-1,in season,2026-07-28T10:49:10+00:00,12.38,2.013
gi-hyuk-lee,k-league-1,k-league-1,in season,2026-07-28T15:40:19+00:00,12.43,2.215
gi-hyuk-lee,k-league-1,k-league-1,in season,2026-07-29T06:51:54+00:00,11.73,2.849
gi-hyuk-lee,k-league-1,k-league-1,in season,2026-07-29T10:34:06+00:00,11.63,-2.997
gi-hyuk-lee,k-league-1,k-league-1,in season,2026-07-29T12:01:50+00:00,13.11,-2.936
gi-hyuk-lee,k-league-1,k-league-1,in season,2026-07-29T16:41:01+00:00,11.78,-2.742
gi-hyuk-lee,k-league-1,k-league-1,in season,2026-07-29T17:16:48+00:00,12.14,-2.717
gi-hyuk-lee,k-league-1,k-league-1,in season,2026-07-29T18:30:24+00:00,12.14,-2.666
gi-hyuk-lee,k-league-1,k-league-1,in season,2026-07-22T21:37:12+00:00,9.62,1.463
gi-hyuk-lee,k-league-1,k-league-1,in season,2026-07-23T03:04:53+00:00,10.45,1.691
gi-hyuk-lee,k-league-1,k-league-1,in season,2026-07-23T04:58:03+00:00,10.08,1.769
gi-hyuk-lee,k-league-1,k-league-1,in season,2026-07-23T16:37:04+00:00,9.49,2.255
gi-hyuk-lee,k-league-1,k-league-1,in season,2026-07-23T18:38:32+00:00,9.9,2.339
gi-hyuk-lee,k-league-1,k-league-1,in season,2026-07-24T07:22:36+00:00,9.94,-2.13
joo-yong-lee,k-league-1,k-league-1,in season,2026-07-23T16:25:34+00:00,3.33,2.247
joo-yong-lee,k-league-1,k-league-1,in season,2026-07-23T18:37:12+00:00,3.3,2.338
joo-yong-lee,k-league-1,k-league-1,in season,2026-07-23T20:27:49+00:00,3.13,2.415
joo-yong-lee,k-league-1,k-league-1,in season,2026-07-24T05:06:57+00:00,4.61,-2.224
joo-yong-lee,k-league-1,k-league-1,in season,2026-07-24T07:59:26+00:00,3.15,-2.105
joo-yong-lee,k-league-1,k-league-1,in season,2026-07-24T10:05:06+00:00,3.98,-2.017
joo-yong-lee,k-league-1,k-league-1,in season,2026-07-24T11:18:16+00:00,4.13,-1.966
joo-yong-lee,k-league-1,k-league-1,in season,2026-07-24T14:16:29+00:00,3.26,-1.843
joo-yong-lee,k-league-1,k-league-1,in season,2026-07-24T19:38:38+00:00,3.44,-1.619
joo-yong-lee,k-league-1,k-league-1,in season,2026-07-25T05:42:45+00:00,3.43,-1.199
joo-yong-lee,k-league-1,k-league-1,in season,2026-07-27T15:28:25+00:00,2.72,1.207
joo-yong-lee,k-league-1,k-league-1,in season,2026-07-27T16:24:40+00:00,2.03,1.246
joo-yong-lee,k-league-1,k-league-1,in season,2026-07-28T11:40:43+00:00,1.98,2.049
joo-yong-lee,k-league-1,k-league-1,in season,2026-07-28T15:50:33+00:00,2.82,2.223
joo-yong-lee,k-league-1,k-league-1,in season,2026-07-28T23:12:16+00:00,2.68,2.529
chang-geun-lee,k-league-1,k-league-1,in season,2026-07-22T20:25:27+00:00,6.58,1.414
chang-geun-lee,k-league-1,k-league-1,in season,2026-07-24T13:12:44+00:00,3.62,-0.887
chang-geun-lee,k-league-1,k-league-1,in season,2026-07-24T14:26:05+00:00,4.57,-0.836
chang-geun-lee,k-league-1,k-league-1,in season,2026-07-25T00:01:23+00:00,4.74,-0.437
chang-geun-lee,k-league-1,k-league-1,in season,2026-07-26T13:59:21+00:00,4.14,1.145
chang-geun-lee,k-league-1,k-league-1,in season,2026-07-26T14:43:03+00:00,3.48,1.176
chang-geun-lee,k-league-1,k-league-1,in season,2026-07-26T18:27:18+00:00,4.03,1.331
chang-geun-lee,k-league-1,k-league-1,in season,2026-07-27T06:36:00+00:00,4.13,1.837
chang-geun-lee,k-league-1,k-league-1,in season,2026-07-27T06:54:53+00:00,4.13,1.851
chang-geun-lee,k-league-1,k-league-1,in season,2026-07-27T15:36:08+00:00,4.75,2.213
chang-geun-lee,k-league-1,k-league-1,in season,2026-07-27T18:01:23+00:00,4.78,2.313
chang-geun-lee,k-league-1,k-league-1,in season,2026-07-28T15:48:48+00:00,5.63,3.221
chang-geun-lee,k-league-1,k-league-1,in season,2026-07-28T19:55:17+00:00,4.02,3.393
chang-geun-lee,k-league-1,k-league-1,in season,2026-07-29T16:09:22+00:00,3.65,-3.764
chang-geun-lee,k-league-1,k-league-1,in season,2026-07-29T17:07:37+00:00,3.82,-3.724
chang-geun-lee,k-league-1,k-league-1,in season,2026-07-29T18:32:12+00:00,2.83,-3.665
dae-won-kim,k-league-1,k-league-1,classic,2026-07-24T09:51:29+00:00,4.31,-2.027
dae-won-kim,k-league-1,k-league-1,classic,2026-07-24T13:57:07+00:00,3.78,-1.856
dae-won-kim,k-league-1,k-league-1,classic,2026-07-24T15:44:48+00:00,3.11,-1.781
dae-won-kim,k-league-1,k-league-1,classic,2026-07-24T19:01:30+00:00,3.6,-1.645
dae-won-kim,k-league-1,k-league-1,classic,2026-07-24T19:02:01+00:00,3.6,-1.644
dae-won-kim,k-league-1,k-league-1,classic,2026-07-24T19:19:10+00:00,3.27,-1.633
dae-won-kim,k-league-1,k-league-1,classic,2026-07-24T22:14:48+00:00,3.43,-1.511
dae-won-kim,k-league-1,k-league-1,classic,2026-07-25T00:11:28+00:00,3.6,-1.43
dae-won-kim,k-league-1,k-league-1,classic,2026-07-25T03:05:43+00:00,3.59,-1.309
dae-won-kim,k-league-1,k-league-1,classic,2026-07-25T05:07:00+00:00,5.56,-1.224
dae-won-kim,k-league-1,k-league-1,classic,2026-07-25T08:27:07+00:00,5.05,-1.085
dae-won-kim,k-league-1,k-league-1,classic,2026-07-27T17:52:03+00:00,5.11,1.307
dae-won-kim,k-league-1,k-league-1,classic,2026-07-28T15:48:09+00:00,6.3,2.221
dae-won-kim,k-league-1,k-league-1,classic,2026-07-28T17:17:03+00:00,5.4,2.283
dae-won-kim,k-league-1,k-league-1,classic,2026-07-28T17:47:03+00:00,4.9,2.304
dae-won-kim,k-league-1,k-league-1,classic,2026-07-29T04:30:58+00:00,4.81,2.751
dae-won-kim,k-league-1,k-league-1,classic,2026-07-29T10:35:02+00:00,4.72,-2.997
dae-won-kim,k-league-1,k-league-1,classic,2026-07-29T13:26:44+00:00,4.52,-2.877
dae-won-kim,k-league-1,k-league-1,classic,2026-07-29T15:28:42+00:00,3.49,-2.793
dae-won-kim,k-league-1,k-league-1,classic,2026-07-29T16:11:09+00:00,4.48,-2.763
dae-won-kim,k-league-1,k-league-1,classic,2026-07-23T03:32:58+00:00,4.05,1.71
dae-won-kim,k-league-1,k-league-1,classic,2026-07-23T08:36:34+00:00,4.02,1.921
dae-won-kim,k-league-1,k-league-1,classic,2026-07-23T10:14:25+00:00,3.03,1.989
dae-won-kim,k-league-1,k-league-1,classic,2026-07-23T15:25:13+00:00,3.5,2.205
dae-won-kim,k-league-1,k-league-1,classic,2026-07-23T15:48:22+00:00,3.17,2.221
dae-won-kim,k-league-1,k-league-1,classic,2026-07-23T20:46:57+00:00,3.79,2.428
dae-won-kim,k-league-1,k-league-1,classic,2026-07-23T22:34:29+00:00,3.97,-2.497
dae-won-kim,k-league-1,k-league-1,classic,2026-07-24T06:11:26+00:00,5.12,-2.18
dae-won-kim,k-league-1,k-league-1,classic,2026-07-24T07:02:54+00:00,3.31,-2.144
dae-won-kim,k-league-1,k-league-1,classic,2026-07-24T08:43:11+00:00,3.66,-2.074
dae-won-kim,k-league-1,k-league-1,classic,2026-07-24T08:52:33+00:00,4.99,-2.068
dae-won-kim,k-league-1,k-league-1,classic,2026-07-24T09:05:34+00:00,3.98,-2.059
dong-kyung-lee,k-league-1,k-league-1,in season,2026-07-24T08:46:24+00:00,9.32,-2.072
dong-kyung-lee,k-league-1,k-league-1,in season,2026-07-24T09:40:25+00:00,9.12,-2.034
dong-kyung-lee,k-league-1,k-league-1,in season,2026-07-24T11:25:06+00:00,9.42,-1.962
dong-kyung-lee,k-league-1,k-league-1,in season,2026-07-24T16:58:14+00:00,7.03,-1.73
dong-kyung-lee,k-league-1,k-league-1,in season,2026-07-25T00:04:05+00:00,9.16,-1.435
dong-kyung-lee,k-league-1,k-league-1,in season,2026-07-25T00:13:12+00:00,8.99,-1.428
dong-kyung-lee,k-league-1,k-league-1,in season,2026-07-26T11:12:53+00:00,9.11,0.03
dong-kyung-lee,k-league-1,k-league-1,in season,2026-07-26T11:15:48+00:00,9.11,0.032
dong-kyung-lee,k-league-1,k-league-1,in season,2026-07-26T15:12:22+00:00,14.18,0.196
dong-kyung-lee,k-league-1,k-league-1,in season,2026-07-27T07:39:32+00:00,13.62,0.882
dong-kyung-lee,k-league-1,k-league-1,in season,2026-07-27T18:19:05+00:00,10.76,1.326
dong-kyung-lee,k-league-1,k-league-1,in season,2026-07-27T20:45:35+00:00,13.52,1.427
dong-kyung-lee,k-league-1,k-league-1,in season,2026-07-28T04:37:28+00:00,12.06,1.755
dong-kyung-lee,k-league-1,k-league-1,in season,2026-07-28T09:01:59+00:00,13.41,1.939
dong-kyung-lee,k-league-1,k-league-1,in season,2026-07-28T15:41:10+00:00,13.09,2.216
dong-kyung-lee,k-league-1,k-league-1,in season,2026-07-28T15:52:13+00:00,12.1,2.224
dong-kyung-lee,k-league-1,k-league-1,in season,2026-07-28T20:26:56+00:00,12.14,2.415
dong-kyung-lee,k-league-1,k-league-1,in season,2026-07-28T22:32:43+00:00,11.81,2.502
dong-kyung-lee,k-league-1,k-league-1,in season,2026-07-29T07:32:27+00:00,9.77,2.877
dong-kyung-lee,k-league-1,k-league-1,in season,2026-07-29T07:32:36+00:00,12.46,2.877
dong-kyung-lee,k-league-1,k-league-1,in season,2026-07-29T09:16:44+00:00,11.08,2.949
dong-kyung-lee,k-league-1,k-league-1,in season,2026-07-29T13:42:35+00:00,13.21,3.134
dong-kyung-lee,k-league-1,k-league-1,in season,2026-07-29T17:12:04+00:00,13.8,3.279
dong-kyung-lee,k-league-1,k-league-1,in season,2026-07-29T17:18:35+00:00,11.64,3.284
dong-kyung-lee,k-league-1,k-league-1,in season,2026-07-22T20:01:53+00:00,9.44,1.397
dong-kyung-lee,k-league-1,k-league-1,in season,2026-07-22T22:09:46+00:00,9.17,1.486
dong-kyung-lee,k-league-1,k-league-1,in season,2026-07-23T10:50:48+00:00,9.44,2.014
yago-cariello-ribeiro,k-league-1,k-league-1,in season,2026-07-23T15:36:48+00:00,4.33,2.213
yago-cariello-ribeiro,k-league-1,k-league-1,in season,2026-07-23T19:59:01+00:00,3.47,2.395
yago-cariello-ribeiro,k-league-1,k-league-1,in season,2026-07-24T16:35:48+00:00,3.27,-1.746
yago-cariello-ribeiro,k-league-1,k-league-1,in season,2026-07-24T17:28:13+00:00,3.1,-1.71
yago-cariello-ribeiro,k-league-1,k-league-1,in season,2026-07-24T22:46:38+00:00,1.79,-1.488
yago-cariello-ribeiro,k-league-1,k-league-1,in season,2026-07-25T02:24:40+00:00,2.78,-1.337
yago-cariello-ribeiro,k-league-1,k-league-1,in season,2026-07-25T06:43:24+00:00,2.12,-1.157
yago-cariello-ribeiro,k-league-1,k-league-1,in season,2026-07-25T10:49:14+00:00,2.28,-0.987
yago-cariello-ribeiro,k-league-1,k-league-1,in season,2026-07-25T13:02:22+00:00,2.29,-0.894
yago-cariello-ribeiro,k-league-1,k-league-1,in season,2026-07-25T21:10:26+00:00,2.47,-0.555
yago-cariello-ribeiro,k-league-1,k-league-1,in season,2026-07-26T13:46:38+00:00,1.99,0.137
yago-cariello-ribeiro,k-league-1,k-league-1,in season,2026-07-26T14:38:58+00:00,2.65,0.173
yago-cariello-ribeiro,k-league-1,k-league-1,in season,2026-07-26T17:03:35+00:00,1.51,0.273
yago-cariello-ribeiro,k-league-1,k-league-1,in season,2026-07-26T19:58:39+00:00,1.51,0.395
yago-cariello-ribeiro,k-league-1,k-league-1,in season,2026-07-26T21:31:50+00:00,2.18,0.46
yago-cariello-ribeiro,k-league-1,k-league-1,in season,2026-07-27T14:21:29+00:00,2.41,1.161
yago-cariello-ribeiro,k-league-1,k-league-1,in season,2026-07-27T23:36:05+00:00,2.17,1.546
yago-cariello-ribeiro,k-league-1,k-league-1,in season,2026-07-28T08:38:07+00:00,2.48,1.922
yago-cariello-ribeiro,k-league-1,k-league-1,in season,2026-07-28T11:01:17+00:00,3.14,2.022
yago-cariello-ribeiro,k-league-1,k-league-1,in season,2026-07-29T06:34:39+00:00,2.85,2.837
yago-cariello-ribeiro,k-league-1,k-league-1,in season,2026-07-29T11:10:21+00:00,2.52,3.028
anderson-de-oliveira-da-silva,k-league-1,k-league-1,in season,2026-07-23T17:57:15+00:00,3.98,1.311
anderson-de-oliveira-da-silva,k-league-1,k-league-1,in season,2026-07-23T18:40:18+00:00,4.13,1.34
anderson-de-oliveira-da-silva,k-league-1,k-league-1,in season,2026-07-24T04:36:45+00:00,4.95,1.755
anderson-de-oliveira-da-silva,k-league-1,k-league-1,in season,2026-07-24T06:41:55+00:00,4.96,1.842
anderson-de-oliveira-da-silva,k-league-1,k-league-1,in season,2026-07-24T11:54:51+00:00,4.3,-1.941
anderson-de-oliveira-da-silva,k-league-1,k-league-1,in season,2026-07-24T12:22:35+00:00,4.3,-1.922
anderson-de-oliveira-da-silva,k-league-1,k-league-1,in season,2026-07-24T16:44:40+00:00,5.23,-1.74
anderson-de-oliveira-da-silva,k-league-1,k-league-1,in season,2026-07-24T20:34:52+00:00,5.24,-1.58
anderson-de-oliveira-da-silva,k-league-1,k-league-1,in season,2026-07-25T02:28:35+00:00,4.9,-1.334
anderson-de-oliveira-da-silva,k-league-1,k-league-1,in season,2026-07-25T04:27:53+00:00,5.06,-1.251
anderson-de-oliveira-da-silva,k-league-1,k-league-1,in season,2026-07-25T04:45:25+00:00,5.06,-1.239
anderson-de-oliveira-da-silva,k-league-1,k-league-1,in season,2026-07-25T06:28:05+00:00,5.39,-1.168
anderson-de-oliveira-da-silva,k-league-1,k-league-1,in season,2026-07-26T09:44:30+00:00,4.96,-0.032
anderson-de-oliveira-da-silva,k-league-1,k-league-1,in season,2026-07-26T11:19:21+00:00,3.48,0.034
anderson-de-oliveira-da-silva,k-league-1,k-league-1,in season,2026-07-26T11:55:50+00:00,3.15,0.06
anderson-de-oliveira-da-silva,k-league-1,k-league-1,in season,2026-07-27T13:29:12+00:00,2.75,1.124
anderson-de-oliveira-da-silva,k-league-1,k-league-1,in season,2026-07-27T18:28:33+00:00,2.56,1.332
anderson-de-oliveira-da-silva,k-league-1,k-league-1,in season,2026-07-28T15:55:50+00:00,3.98,2.226
anderson-de-oliveira-da-silva,k-league-1,k-league-1,in season,2026-07-29T16:06:04+00:00,3.65,-2.767
anderson-de-oliveira-da-silva,k-league-1,k-league-1,in season,2026-07-22T20:09:22+00:00,2.53,0.402
anderson-de-oliveira-da-silva,k-league-1,k-league-1,in season,2026-07-23T13:05:35+00:00,3.84,1.108
anderson-de-oliveira-da-silva,k-league-1,k-league-1,in season,2026-07-23T15:39:01+00:00,4.0,1.215
kim-gun-hee,k-league-1,k-league-1,in season,2026-07-24T12:33:29+00:00,8.28,-1.914
kim-gun-hee,k-league-1,k-league-1,in season,2026-07-24T12:50:14+00:00,9.77,-1.903
kim-gun-hee,k-league-1,k-league-1,in season,2026-07-24T17:09:52+00:00,7.83,-1.722
kim-gun-hee,k-league-1,k-league-1,in season,2026-07-24T18:12:46+00:00,8.86,-1.679
kim-gun-hee,k-league-1,k-league-1,in season,2026-07-24T19:37:08+00:00,8.68,-1.62
kim-gun-hee,k-league-1,k-league-1,in season,2026-07-24T21:20:39+00:00,7.85,-1.548
kim-gun-hee,k-league-1,k-league-1,in season,2026-07-25T01:27:14+00:00,8.66,-1.377
kim-gun-hee,k-league-1,k-league-1,in season,2026-07-25T16:23:15+00:00,8.04,-0.755
kim-gun-hee,k-league-1,k-league-1,in season,2026-07-27T11:59:51+00:00,8.45,1.062
kim-gun-hee,k-league-1,k-league-1,in season,2026-07-28T04:43:27+00:00,8.26,1.759
kim-gun-hee,k-league-1,k-league-1,in season,2026-07-28T09:39:35+00:00,8.61,1.965
kim-gun-hee,k-league-1,k-league-1,in season,2026-07-28T15:40:43+00:00,9.28,2.216
kim-gun-hee,k-league-1,k-league-1,in season,2026-07-29T16:30:28+00:00,10.12,3.25
kim-gun-hee,k-league-1,k-league-1,in season,2026-07-29T16:37:51+00:00,6.31,3.255
kim-gun-hee,k-league-1,k-league-1,in season,2026-07-22T19:18:38+00:00,6.93,1.367
kim-gun-hee,k-league-1,k-league-1,in season,2026-07-22T21:00:55+00:00,6.41,1.438
kim-gun-hee,k-league-1,k-league-1,in season,2026-07-22T22:44:37+00:00,6.62,1.51
kim-gun-hee,k-league-1,k-league-1,in season,2026-07-23T09:44:58+00:00,8.44,1.969
kim-gun-hee,k-league-1,k-league-1,in season,2026-07-23T18:06:53+00:00,5.12,2.317
kim-gun-hee,k-league-1,k-league-1,in season,2026-07-23T20:57:06+00:00,8.4,2.435
kim-gun-hee,k-league-1,k-league-1,in season,2026-07-24T06:33:32+00:00,8.43,-2.164
kim-gun-hee,k-league-1,k-league-1,in season,2026-07-24T10:04:12+00:00,7.12,-2.018
kim-gun-hee,k-league-1,k-league-1,in season,2026-07-24T10:47:25+00:00,8.45,-1.988
matheus-oliveira-santos,k-league-1,k-league-1,classic,2026-07-24T10:04:11+00:00,5.96,1.982
matheus-oliveira-santos,k-league-1,k-league-1,classic,2026-07-24T11:07:02+00:00,5.62,-1.974
matheus-oliveira-santos,k-league-1,k-league-1,classic,2026-07-24T13:40:55+00:00,5.1,-1.867
matheus-oliveira-santos,k-league-1,k-league-1,classic,2026-07-24T13:56:49+00:00,5.76,-1.856
matheus-oliveira-santos,k-league-1,k-league-1,classic,2026-07-24T17:56:03+00:00,5.06,-1.69
matheus-oliveira-santos,k-league-1,k-league-1,classic,2026-07-24T18:58:28+00:00,4.76,-1.647
matheus-oliveira-santos,k-league-1,k-league-1,classic,2026-07-24T23:49:17+00:00,5.72,-1.445
matheus-oliveira-santos,k-league-1,k-league-1,classic,2026-07-25T08:47:48+00:00,6.03,-1.071
matheus-oliveira-santos,k-league-1,k-league-1,classic,2026-07-25T11:12:26+00:00,5.71,-0.971
matheus-oliveira-santos,k-league-1,k-league-1,classic,2026-07-25T16:18:52+00:00,6.07,-0.758
matheus-oliveira-santos,k-league-1,k-league-1,classic,2026-07-26T23:29:10+00:00,6.33,0.541
matheus-oliveira-santos,k-league-1,k-league-1,classic,2026-07-27T15:29:45+00:00,5.6,1.208
matheus-oliveira-santos,k-league-1,k-league-1,classic,2026-07-28T10:30:39+00:00,5.94,2.0
matheus-oliveira-santos,k-league-1,k-league-1,classic,2026-07-29T09:43:09+00:00,4.36,2.967
matheus-oliveira-santos,k-league-1,k-league-1,classic,2026-07-29T16:11:34+00:00,5.64,3.237
matheus-oliveira-santos,k-league-1,k-league-1,classic,2026-07-23T14:09:19+00:00,6.68,1.152
matheus-oliveira-santos,k-league-1,k-league-1,classic,2026-07-23T17:01:36+00:00,5.31,1.272
matheus-oliveira-santos,k-league-1,k-league-1,classic,2026-07-23T20:18:20+00:00,5.44,1.409
matheus-oliveira-santos,k-league-1,k-league-1,classic,2026-07-24T09:27:17+00:00,5.47,1.956
matheus-oliveira-santos,k-league-1,k-league-1,classic,2026-07-24T09:30:39+00:00,5.47,1.959
bong-soo-kim,k-league-1,k-league-1,in season,2026-07-22T19:07:16+00:00,3.55,1.359
bong-soo-kim,k-league-1,k-league-1,in season,2026-07-23T20:18:59+00:00,3.29,-1.591
bong-soo-kim,k-league-1,k-league-1,in season,2026-07-24T05:47:23+00:00,3.29,-1.196
bong-soo-kim,k-league-1,k-league-1,in season,2026-07-24T06:27:43+00:00,3.63,-1.168
bong-soo-kim,k-league-1,k-league-1,in season,2026-07-24T11:28:16+00:00,3.64,-0.96
bong-soo-kim,k-league-1,k-league-1,in season,2026-07-24T17:42:10+00:00,4.41,-0.7
bong-soo-kim,k-league-1,k-league-1,in season,2026-07-24T17:44:39+00:00,4.89,-0.698
bong-soo-kim,k-league-1,k-league-1,in season,2026-07-24T18:44:01+00:00,3.94,-0.657
bong-soo-kim,k-league-1,k-league-1,in season,2026-07-25T09:29:56+00:00,4.88,-0.042
bong-soo-kim,k-league-1,k-league-1,in season,2026-07-26T05:39:13+00:00,4.14,0.798
bong-soo-kim,k-league-1,k-league-1,in season,2026-07-26T17:20:51+00:00,4.04,1.285
bong-soo-kim,k-league-1,k-league-1,in season,2026-07-27T19:57:57+00:00,4.43,2.394
bong-soo-kim,k-league-1,k-league-1,in season,2026-07-28T15:55:09+00:00,4.47,3.226
bong-soo-kim,k-league-1,k-league-1,in season,2026-07-29T10:34:47+00:00,4.21,-3.997
bong-soo-kim,k-league-1,k-league-1,in season,2026-07-29T17:36:31+00:00,3.66,-3.704
dong-jun-kim,k-league-1,k-league-1,in season,2026-07-23T09:54:01+00:00,2.87,1.975
dong-jun-kim,k-league-1,k-league-1,in season,2026-07-23T11:58:33+00:00,3.04,2.061
dong-jun-kim,k-league-1,k-league-1,in season,2026-07-23T13:00:29+00:00,3.01,2.105
dong-jun-kim,k-league-1,k-league-1,in season,2026-07-23T14:16:06+00:00,3.17,2.157
dong-jun-kim,k-league-1,k-league-1,in season,2026-07-24T02:53:16+00:00,3.95,-2.317
dong-jun-kim,k-league-1,k-league-1,in season,2026-07-24T12:55:13+00:00,3.48,-1.899
dong-jun-kim,k-league-1,k-league-1,in season,2026-07-24T18:59:05+00:00,3.12,-1.646
dong-jun-kim,k-league-1,k-league-1,in season,2026-07-24T19:01:47+00:00,3.6,-1.645
dong-jun-kim,k-league-1,k-league-1,in season,2026-07-25T12:47:29+00:00,3.1,-0.905
dong-jun-kim,k-league-1,k-league-1,in season,2026-07-26T06:42:16+00:00,2.65,-0.158
dong-jun-kim,k-league-1,k-league-1,in season,2026-07-26T10:27:48+00:00,2.98,-0.002
dong-jun-kim,k-league-1,k-league-1,in season,2026-07-26T21:18:48+00:00,3.02,0.451
dong-jun-kim,k-league-1,k-league-1,in season,2026-07-28T10:17:27+00:00,2.97,1.991
dong-jun-kim,k-league-1,k-league-1,in season,2026-07-28T16:04:06+00:00,3.2,2.232
dong-jun-kim,k-league-1,k-league-1,in season,2026-07-29T14:11:41+00:00,3.01,3.154
dong-jun-kim,k-league-1,k-league-1,in season,2026-07-29T17:20:47+00:00,3.16,3.285
dong-jun-kim,k-league-1,k-league-1,in season,2026-07-22T19:05:19+00:00,2.88,1.358
dong-jun-kim,k-league-1,k-league-1,in season,2026-07-22T20:54:02+00:00,2.36,1.433
dong-jun-kim,k-league-1,k-league-1,in season,2026-07-22T21:32:27+00:00,2.03,1.46
jin-gyu-kim,k-league-1,k-league-1,in season,2026-07-22T20:46:15+00:00,5.9,1.428
jin-gyu-kim,k-league-1,k-league-1,in season,2026-07-22T21:36:55+00:00,5.57,1.463
jin-gyu-kim,k-league-1,k-league-1,in season,2026-07-23T08:04:42+00:00,5.86,1.899
jin-gyu-kim,k-league-1,k-league-1,in season,2026-07-23T09:43:25+00:00,6.41,1.968
jin-gyu-kim,k-league-1,k-league-1,in season,2026-07-23T10:33:43+00:00,6.91,-1.997
jin-gyu-kim,k-league-1,k-league-1,in season,2026-07-23T18:54:56+00:00,6.93,-1.649
jin-gyu-kim,k-league-1,k-league-1,in season,2026-07-23T21:41:06+00:00,4.47,-1.534
jin-gyu-kim,k-league-1,k-league-1,in season,2026-07-24T09:44:57+00:00,5.8,-1.031
jin-gyu-kim,k-league-1,k-league-1,in season,2026-07-24T09:58:03+00:00,6.3,-1.022
jin-gyu-kim,k-league-1,k-league-1,in season,2026-07-24T11:56:43+00:00,7.11,-0.94
jin-gyu-kim,k-league-1,k-league-1,in season,2026-07-24T17:33:07+00:00,3.92,-0.706
jin-gyu-kim,k-league-1,k-league-1,in season,2026-07-24T19:16:46+00:00,6.06,-0.634
jin-gyu-kim,k-league-1,k-league-1,in season,2026-07-24T19:42:35+00:00,5.73,-0.616
jin-gyu-kim,k-league-1,k-league-1,in season,2026-07-24T23:21:13+00:00,6.21,-0.464
jin-gyu-kim,k-league-1,k-league-1,in season,2026-07-25T08:03:37+00:00,6.52,-0.102
jin-gyu-kim,k-league-1,k-league-1,in season,2026-07-26T17:51:29+00:00,5.05,1.307
jin-gyu-kim,k-league-1,k-league-1,in season,2026-07-27T18:26:44+00:00,4.44,2.331
jin-gyu-kim,k-league-1,k-league-1,in season,2026-07-27T18:48:26+00:00,5.12,2.346
jin-gyu-kim,k-league-1,k-league-1,in season,2026-07-29T11:04:51+00:00,5.37,-2.976
sung-yun-gu,k-league-1,k-league-1,in season,2026-07-24T04:39:14+00:00,9.74,1.756
sung-yun-gu,k-league-1,k-league-1,in season,2026-07-24T08:52:59+00:00,8.65,1.933
sung-yun-gu,k-league-1,k-league-1,in season,2026-07-24T11:19:10+00:00,11.08,-1.966
sung-yun-gu,k-league-1,k-league-1,in season,2026-07-25T03:40:23+00:00,9.31,-1.284
sung-yun-gu,k-league-1,k-league-1,in season,2026-07-26T14:08:38+00:00,5.47,0.152
sung-yun-gu,k-league-1,k-league-1,in season,2026-07-26T16:53:51+00:00,6.9,0.267
sung-yun-gu,k-league-1,k-league-1,in season,2026-07-27T14:03:29+00:00,7.75,1.148
sung-yun-gu,k-league-1,k-league-1,in season,2026-07-27T17:11:39+00:00,7.32,1.279
sung-yun-gu,k-league-1,k-league-1,in season,2026-07-28T15:15:54+00:00,5.97,2.199
sung-yun-gu,k-league-1,k-league-1,in season,2026-07-28T17:51:42+00:00,4.73,2.307
sung-yun-gu,k-league-1,k-league-1,in season,2026-07-29T08:43:05+00:00,5.9,2.926
sung-yun-gu,k-league-1,k-league-1,in season,2026-07-29T11:08:40+00:00,5.54,-2.973
sung-yun-gu,k-league-1,k-league-1,in season,2026-07-29T12:05:27+00:00,5.88,-2.934
sung-yun-gu,k-league-1,k-league-1,in season,2026-07-29T15:02:37+00:00,5.16,-2.811
sung-yun-gu,k-league-1,k-league-1,in season,2026-07-29T16:08:39+00:00,5.81,-2.765
sung-yun-gu,k-league-1,k-league-1,in season,2026-07-22T19:17:00+00:00,8.96,0.366
sung-yun-gu,k-league-1,k-league-1,in season,2026-07-23T10:55:45+00:00,9.44,1.018
chang-min-lee,k-league-1,k-league-1,in season,2026-07-23T04:54:07+00:00,2.69,1.767
chang-min-lee,k-league-1,k-league-1,in season,2026-07-23T08:37:16+00:00,3.02,1.922
chang-min-lee,k-league-1,k-league-1,in season,2026-07-23T19:50:56+00:00,3.14,2.39
chang-min-lee,k-league-1,k-league-1,in season,2026-07-24T00:38:31+00:00,3.13,-2.411
chang-min-lee,k-league-1,k-league-1,in season,2026-07-24T06:14:51+00:00,3.14,-2.177
chang-min-lee,k-league-1,k-league-1,in season,2026-07-24T07:30:41+00:00,2.98,-2.125
chang-min-lee,k-league-1,k-league-1,in season,2026-07-24T09:12:19+00:00,2.65,-2.054
chang-min-lee,k-league-1,k-league-1,in season,2026-07-24T10:41:07+00:00,3.15,-1.992
chang-min-lee,k-league-1,k-league-1,in season,2026-07-24T14:03:49+00:00,2.45,-1.852
chang-min-lee,k-league-1,k-league-1,in season,2026-07-24T17:41:20+00:00,2.94,-1.7
chang-min-lee,k-league-1,k-league-1,in season,2026-07-24T20:12:32+00:00,2.78,-1.595
chang-min-lee,k-league-1,k-league-1,in season,2026-07-25T08:01:57+00:00,2.77,-1.103
chang-min-lee,k-league-1,k-league-1,in season,2026-07-25T09:03:27+00:00,2.77,-1.06
chang-min-lee,k-league-1,k-league-1,in season,2026-07-27T09:12:28+00:00,2.07,0.946
chang-min-lee,k-league-1,k-league-1,in season,2026-07-29T06:36:06+00:00,2.85,2.838
chang-min-lee,k-league-1,k-league-1,in season,2026-07-29T13:11:00+00:00,2.34,3.112
chang-min-lee,k-league-1,k-league-1,in season,2026-07-29T14:17:20+00:00,2.85,3.158
chang-min-lee,k-league-1,k-league-1,in season,2026-07-29T17:21:46+00:00,2.66,3.286
sung-yun-gu,k-league-1,k-league-1,classic,2026-07-23T16:19:51+00:00,3.16,1.243
sung-yun-gu,k-league-1,k-league-1,classic,2026-07-23T16:29:47+00:00,3.5,1.25
sung-yun-gu,k-league-1,k-league-1,classic,2026-07-23T17:06:53+00:00,3.65,1.276
sung-yun-gu,k-league-1,k-league-1,classic,2026-07-23T17:53:57+00:00,3.65,1.308
sung-yun-gu,k-league-1,k-league-1,classic,2026-07-23T19:07:36+00:00,3.63,1.359
sung-yun-gu,k-league-1,k-league-1,classic,2026-07-23T20:48:19+00:00,3.46,1.429
sung-yun-gu,k-league-1,k-league-1,classic,2026-07-23T20:51:22+00:00,3.79,1.432
sung-yun-gu,k-league-1,k-league-1,classic,2026-07-23T21:08:43+00:00,4.14,1.444
sung-yun-gu,k-league-1,k-league-1,classic,2026-07-24T00:31:54+00:00,4.45,1.585
sung-yun-gu,k-league-1,k-league-1,classic,2026-07-24T08:13:19+00:00,4.49,1.905
sung-yun-gu,k-league-1,k-league-1,classic,2026-07-24T08:19:10+00:00,4.49,1.909
sung-yun-gu,k-league-1,k-league-1,classic,2026-07-24T14:32:28+00:00,4.24,-1.832
sung-yun-gu,k-league-1,k-league-1,classic,2026-07-24T16:56:25+00:00,3.27,-1.732
sung-yun-gu,k-league-1,k-league-1,classic,2026-07-25T07:11:42+00:00,3.92,-1.138
sung-yun-gu,k-league-1,k-league-1,classic,2026-07-25T15:34:52+00:00,3.12,-0.788
sung-yun-gu,k-league-1,k-league-1,classic,2026-07-26T10:12:15+00:00,4.47,-0.012
sung-yun-gu,k-league-1,k-league-1,classic,2026-07-26T11:41:51+00:00,2.98,0.05
sung-yun-gu,k-league-1,k-league-1,classic,2026-07-26T19:34:19+00:00,3.2,0.378
sung-yun-gu,k-league-1,k-league-1,classic,2026-07-28T15:04:31+00:00,3.15,2.191
sung-yun-gu,k-league-1,k-league-1,classic,2026-07-23T07:04:55+00:00,3.7,0.858
sung-yun-gu,k-league-1,k-league-1,classic,2026-07-23T15:39:49+00:00,3.5,1.215
morgan-ferrier,k-league-1,k-league-1,in season,2026-07-22T19:08:41+00:00,3.04,1.36
morgan-ferrier,k-league-1,k-league-1,in season,2026-07-22T20:48:05+00:00,3.04,1.429
morgan-ferrier,k-league-1,k-league-1,in season,2026-07-23T17:25:13+00:00,2.82,2.288
morgan-ferrier,k-league-1,k-league-1,in season,2026-07-23T20:42:46+00:00,2.8,2.426
morgan-ferrier,k-league-1,k-league-1,in season,2026-07-24T10:18:07+00:00,2.48,-2.008
morgan-ferrier,k-league-1,k-league-1,in season,2026-07-24T10:48:23+00:00,2.15,-1.987
morgan-ferrier,k-league-1,k-league-1,in season,2026-07-24T13:30:24+00:00,3.13,-1.875
morgan-ferrier,k-league-1,k-league-1,in season,2026-07-25T22:09:03+00:00,2.63,-0.515
morgan-ferrier,k-league-1,k-league-1,in season,2026-07-26T10:18:47+00:00,3.14,-0.008
morgan-ferrier,k-league-1,k-league-1,in season,2026-07-28T10:15:18+00:00,3.47,1.99
morgan-ferrier,k-league-1,k-league-1,in season,2026-07-28T16:00:31+00:00,3.7,2.23
morgan-ferrier,k-league-1,k-league-1,in season,2026-07-28T22:20:38+00:00,3.54,2.493
morgan-ferrier,k-league-1,k-league-1,in season,2026-07-28T23:19:59+00:00,3.52,2.535
morgan-ferrier,k-league-1,k-league-1,in season,2026-07-29T11:39:05+00:00,3.69,3.048
morgan-ferrier,k-league-1,k-league-1,in season,2026-07-29T16:06:47+00:00,3.15,3.234
morgan-ferrier,k-league-1,k-league-1,in season,2026-07-29T17:23:02+00:00,3.66,3.287
marko-tuci,k-league-1,k-league-1,in season,2026-07-22T19:19:21+00:00,5.07,1.368
marko-tuci,k-league-1,k-league-1,in season,2026-07-23T17:23:32+00:00,3.65,2.287
marko-tuci,k-league-1,k-league-1,in season,2026-07-23T23:15:28+00:00,3.8,-2.468
marko-tuci,k-league-1,k-league-1,in season,2026-07-24T02:35:48+00:00,2.96,-2.329
marko-tuci,k-league-1,k-league-1,in season,2026-07-24T07:53:21+00:00,3.64,-2.109
marko-tuci,k-league-1,k-league-1,in season,2026-07-24T07:54:57+00:00,2.82,-2.108
marko-tuci,k-league-1,k-league-1,in season,2026-07-24T08:08:57+00:00,2.83,-2.098
marko-tuci,k-league-1,k-league-1,in season,2026-07-24T19:24:18+00:00,2.95,-1.629
marko-tuci,k-league-1,k-league-1,in season,2026-07-25T01:03:37+00:00,3.43,-1.393
marko-tuci,k-league-1,k-league-1,in season,2026-07-25T20:13:41+00:00,1.81,-0.595
marko-tuci,k-league-1,k-league-1,in season,2026-07-26T17:38:14+00:00,2.36,0.297
marko-tuci,k-league-1,k-league-1,in season,2026-07-27T04:51:49+00:00,2.05,0.765
marko-tuci,k-league-1,k-league-1,in season,2026-07-27T10:50:24+00:00,2.07,1.014
marko-tuci,k-league-1,k-league-1,in season,2026-07-27T17:29:00+00:00,2.04,1.291
marko-tuci,k-league-1,k-league-1,in season,2026-07-28T05:20:39+00:00,2.31,1.785
ho-jin-kim,k-league-1,k-league-1,in season,2026-07-23T13:08:43+00:00,1.5,1.11
ho-jin-kim,k-league-1,k-league-1,in season,2026-07-23T16:28:03+00:00,2.0,1.249
ho-jin-kim,k-league-1,k-league-1,in season,2026-07-24T12:55:54+00:00,1.49,-0.899
ho-jin-kim,k-league-1,k-league-1,in season,2026-07-24T14:09:43+00:00,1.14,-0.847
ho-jin-kim,k-league-1,k-league-1,in season,2026-07-24T18:54:28+00:00,1.48,-0.65
ho-jin-kim,k-league-1,k-league-1,in season,2026-07-25T03:30:59+00:00,1.63,-0.291
ho-jin-kim,k-league-1,k-league-1,in season,2026-07-25T06:46:09+00:00,1.63,-0.155
ho-jin-kim,k-league-1,k-league-1,in season,2026-07-25T15:21:06+00:00,1.64,0.202
ho-jin-kim,k-league-1,k-league-1,in season,2026-07-25T22:36:56+00:00,1.81,0.505
ho-jin-kim,k-league-1,k-league-1,in season,2026-07-26T12:59:25+00:00,1.82,1.104
ho-jin-kim,k-league-1,k-league-1,in season,2026-07-26T13:52:48+00:00,1.82,1.141
ho-jin-kim,k-league-1,k-league-1,in season,2026-07-26T19:20:28+00:00,1.68,1.368
ho-jin-kim,k-league-1,k-league-1,in season,2026-07-29T00:33:36+00:00,1.18,-3.414
juan-fernandez-blanco,k-league-1,k-league-1,in season,2026-07-22T19:05:53+00:00,3.55,1.358
juan-fernandez-blanco,k-league-1,k-league-1,in season,2026-07-23T10:45:59+00:00,3.54,2.011
juan-fernandez-blanco,k-league-1,k-league-1,in season,2026-07-23T13:03:47+00:00,3.51,2.107
juan-fernandez-blanco,k-league-1,k-league-1,in season,2026-07-23T20:16:28+00:00,3.46,2.407
juan-fernandez-blanco,k-league-1,k-league-1,in season,2026-07-24T05:56:35+00:00,3.79,-2.19
juan-fernandez-blanco,k-league-1,k-league-1,in season,2026-07-24T07:36:27+00:00,3.64,-2.121
juan-fernandez-blanco,k-league-1,k-league-1,in season,2026-07-24T08:18:29+00:00,3.83,-2.091
juan-fernandez-blanco,k-league-1,k-league-1,in season,2026-07-24T09:57:40+00:00,4.48,-2.022
juan-fernandez-blanco,k-league-1,k-league-1,in season,2026-07-24T09:59:39+00:00,4.48,-2.021
juan-fernandez-blanco,k-league-1,k-league-1,in season,2026-07-24T12:20:48+00:00,5.46,-1.923
juan-fernandez-blanco,k-league-1,k-league-1,in season,2026-07-24T13:07:38+00:00,5.92,-1.891
juan-fernandez-blanco,k-league-1,k-league-1,in season,2026-07-24T18:11:34+00:00,6.72,-1.679
juan-fernandez-blanco,k-league-1,k-league-1,in season,2026-07-25T12:24:36+00:00,6.04,-0.92
juan-fernandez-blanco,k-league-1,k-league-1,in season,2026-07-26T17:20:40+00:00,3.7,0.285
juan-fernandez-blanco,k-league-1,k-league-1,in season,2026-07-26T20:10:41+00:00,4.03,0.403
juan-fernandez-blanco,k-league-1,k-league-1,in season,2026-07-27T13:46:01+00:00,4.64,1.136
juan-fernandez-blanco,k-league-1,k-league-1,in season,2026-07-28T21:13:46+00:00,4.04,2.447
cheong-hyo-park,k-league-1,k-league-1,in season,2026-07-23T22:52:00+00:00,11.57,-2.485
cheong-hyo-park,k-league-1,k-league-1,in season,2026-07-24T14:27:40+00:00,7.99,-1.835
cheong-hyo-park,k-league-1,k-league-1,in season,2026-07-24T19:24:16+00:00,7.69,-1.629
cheong-hyo-park,k-league-1,k-league-1,in season,2026-07-24T20:24:52+00:00,7.7,-1.587
cheong-hyo-park,k-league-1,k-league-1,in season,2026-07-25T00:04:32+00:00,8.01,-1.434
cheong-hyo-park,k-league-1,k-league-1,in season,2026-07-25T03:47:22+00:00,7.84,-1.28
cheong-hyo-park,k-league-1,k-league-1,in season,2026-07-25T08:57:39+00:00,7.99,-1.064
cheong-hyo-park,k-league-1,k-league-1,in season,2026-07-25T09:22:17+00:00,7.98,-1.047
cheong-hyo-park,k-league-1,k-league-1,in season,2026-07-25T16:15:07+00:00,7.05,-0.76
cheong-hyo-park,k-league-1,k-league-1,in season,2026-07-26T09:58:19+00:00,7.44,-0.022
cheong-hyo-park,k-league-1,k-league-1,in season,2026-07-26T13:31:51+00:00,6.96,0.126
cheong-hyo-park,k-league-1,k-league-1,in season,2026-07-26T15:39:35+00:00,7.17,0.215
cheong-hyo-park,k-league-1,k-league-1,in season,2026-07-26T16:34:06+00:00,6.56,0.253
cheong-hyo-park,k-league-1,k-league-1,in season,2026-07-26T16:43:46+00:00,7.4,0.26
cheong-hyo-park,k-league-1,k-league-1,in season,2026-07-26T18:39:25+00:00,7.39,0.34
cheong-hyo-park,k-league-1,k-league-1,in season,2026-07-26T19:17:10+00:00,8.92,0.366
cheong-hyo-park,k-league-1,k-league-1,in season,2026-07-27T12:12:06+00:00,7.91,1.071
cheong-hyo-park,k-league-1,k-league-1,in season,2026-07-27T15:36:17+00:00,12.9,1.213
cheong-hyo-park,k-league-1,k-league-1,in season,2026-07-28T07:25:11+00:00,9.46,1.872
cheong-hyo-park,k-league-1,k-league-1,in season,2026-07-28T07:40:21+00:00,7.63,1.882
cheong-hyo-park,k-league-1,k-league-1,in season,2026-07-28T08:21:09+00:00,9.11,1.911
cheong-hyo-park,k-league-1,k-league-1,in season,2026-07-28T14:56:11+00:00,9.55,2.185
cheong-hyo-park,k-league-1,k-league-1,in season,2026-07-28T15:54:23+00:00,9.78,2.225
cheong-hyo-park,k-league-1,k-league-1,in season,2026-07-29T07:17:57+00:00,9.77,2.867
cheong-hyo-park,k-league-1,k-league-1,in season,2026-07-23T03:06:55+00:00,13.66,1.692
cheong-hyo-park,k-league-1,k-league-1,in season,2026-07-23T10:35:52+00:00,9.6,2.004
seung-seop-kim,k-league-1,k-league-1,in season,2026-07-22T21:05:02+00:00,0.84,1.441
seung-seop-kim,k-league-1,k-league-1,in season,2026-07-23T02:59:44+00:00,1.01,1.687
seung-seop-kim,k-league-1,k-league-1,in season,2026-07-23T12:57:56+00:00,1.01,-1.897
seung-seop-kim,k-league-1,k-league-1,in season,2026-07-24T12:33:39+00:00,0.83,-0.914
seung-seop-kim,k-league-1,k-league-1,in season,2026-07-24T13:16:14+00:00,0.82,-0.885
seung-seop-kim,k-league-1,k-league-1,in season,2026-07-24T16:02:59+00:00,0.82,-0.769
seung-seop-kim,k-league-1,k-league-1,in season,2026-07-24T21:09:21+00:00,0.98,-0.556
seung-seop-kim,k-league-1,k-league-1,in season,2026-07-24T22:58:58+00:00,0.98,-0.48
seung-seop-kim,k-league-1,k-league-1,in season,2026-07-25T00:41:20+00:00,0.82,-0.409
seung-seop-kim,k-league-1,k-league-1,in season,2026-07-25T09:12:50+00:00,0.98,-0.054
seung-seop-kim,k-league-1,k-league-1,in season,2026-07-25T11:38:07+00:00,0.82,0.047
seung-seop-kim,k-league-1,k-league-1,in season,2026-07-26T12:54:08+00:00,0.83,1.1
seung-seop-kim,k-league-1,k-league-1,in season,2026-07-26T12:57:41+00:00,0.83,1.103
seung-seop-kim,k-league-1,k-league-1,in season,2026-07-26T15:44:34+00:00,0.83,1.218
seung-seop-kim,k-league-1,k-league-1,in season,2026-07-26T18:23:04+00:00,0.84,1.329
seung-seop-kim,k-league-1,k-league-1,in season,2026-07-27T13:11:53+00:00,0.86,2.112
seung-seop-kim,k-league-1,k-league-1,in season,2026-07-27T15:47:07+00:00,0.85,2.22
seung-seop-kim,k-league-1,k-league-1,in season,2026-07-27T22:36:34+00:00,0.85,2.505
seung-seop-kim,k-league-1,k-league-1,in season,2026-07-28T09:42:58+00:00,1.16,2.967
seung-seop-kim,k-league-1,k-league-1,in season,2026-07-28T23:00:54+00:00,0.84,-3.479
seung-seop-kim,k-league-1,k-league-1,in season,2026-07-29T03:25:46+00:00,0.84,-3.295
seung-mo-lee,k-league-1,k-league-1,in season,2026-07-22T19:21:51+00:00,0.85,0.369
seung-mo-lee,k-league-1,k-league-1,in season,2026-07-23T03:26:42+00:00,0.84,0.706
seung-mo-lee,k-league-1,k-league-1,in season,2026-07-23T07:21:54+00:00,0.67,0.869
seung-mo-lee,k-league-1,k-league-1,in season,2026-07-23T09:15:10+00:00,0.68,0.948
seung-mo-lee,k-league-1,k-league-1,in season,2026-07-23T13:01:53+00:00,0.84,1.105
seung-mo-lee,k-league-1,k-league-1,in season,2026-07-23T15:27:12+00:00,0.67,1.206
seung-mo-lee,k-league-1,k-league-1,in season,2026-07-23T16:25:44+00:00,0.83,1.247
seung-mo-lee,k-league-1,k-league-1,in season,2026-07-23T17:54:00+00:00,0.83,1.308
seung-mo-lee,k-league-1,k-league-1,in season,2026-07-23T18:12:16+00:00,0.99,1.321
seung-mo-lee,k-league-1,k-league-1,in season,2026-07-24T11:15:47+00:00,0.99,-1.968
seung-mo-lee,k-league-1,k-league-1,in season,2026-07-24T19:02:15+00:00,1.31,-1.644
seung-mo-lee,k-league-1,k-league-1,in season,2026-07-24T19:16:00+00:00,1.15,-1.635
seung-mo-lee,k-league-1,k-league-1,in season,2026-07-25T00:22:41+00:00,0.98,-1.422
seung-mo-lee,k-league-1,k-league-1,in season,2026-07-25T05:18:16+00:00,1.14,-1.216
seung-mo-lee,k-league-1,k-league-1,in season,2026-07-25T21:53:02+00:00,1.15,-0.526
seung-mo-lee,k-league-1,k-league-1,in season,2026-07-25T22:18:31+00:00,1.15,-0.508
seung-mo-lee,k-league-1,k-league-1,in season,2026-07-27T12:51:53+00:00,1.2,1.099
seung-mo-lee,k-league-1,k-league-1,in season,2026-07-29T14:10:06+00:00,0.84,-2.847
darijan-bojanic,k-league-1,k-league-1,in season,2026-07-22T19:53:02+00:00,2.88,1.391
darijan-bojanic,k-league-1,k-league-1,in season,2026-07-22T22:58:05+00:00,3.57,1.52
darijan-bojanic,k-league-1,k-league-1,in season,2026-07-23T10:29:10+00:00,3.54,1.999
darijan-bojanic,k-league-1,k-league-1,in season,2026-07-23T15:38:50+00:00,3.5,2.214
darijan-bojanic,k-league-1,k-league-1,in season,2026-07-23T17:59:46+00:00,3.81,2.312
darijan-bojanic,k-league-1,k-league-1,in season,2026-07-23T19:58:51+00:00,3.14,2.395
darijan-bojanic,k-league-1,k-league-1,in season,2026-07-24T06:31:00+00:00,3.47,-2.166
darijan-bojanic,k-league-1,k-league-1,in season,2026-07-24T11:24:14+00:00,3.97,-1.962
darijan-bojanic,k-league-1,k-league-1,in season,2026-07-24T20:39:33+00:00,3.77,-1.577
darijan-bojanic,k-league-1,k-league-1,in season,2026-07-25T15:22:10+00:00,3.28,-0.797
darijan-bojanic,k-league-1,k-league-1,in season,2026-07-25T18:08:03+00:00,3.29,-0.682
darijan-bojanic,k-league-1,k-league-1,in season,2026-07-26T16:24:45+00:00,2.69,0.246
darijan-bojanic,k-league-1,k-league-1,in season,2026-07-27T07:38:09+00:00,3.45,0.881
darijan-bojanic,k-league-1,k-league-1,in season,2026-07-27T19:31:59+00:00,3.24,1.376
darijan-bojanic,k-league-1,k-league-1,in season,2026-07-27T20:04:04+00:00,2.23,1.399
darijan-bojanic,k-league-1,k-league-1,in season,2026-07-27T22:43:31+00:00,3.07,1.509
darijan-bojanic,k-league-1,k-league-1,in season,2026-07-28T08:37:51+00:00,3.15,1.922
darijan-bojanic,k-league-1,k-league-1,in season,2026-07-28T15:12:58+00:00,2.15,2.197
hyun-woo-cho,k-league-1,k-league-1,classic,2026-07-24T06:44:14+00:00,1.16,-2.157
hyun-woo-cho,k-league-1,k-league-1,classic,2026-07-24T07:10:14+00:00,1.16,-2.139
hyun-woo-cho,k-league-1,k-league-1,classic,2026-07-24T08:16:43+00:00,1.0,-2.093
hyun-woo-cho,k-league-1,k-league-1,classic,2026-07-24T11:59:10+00:00,0.99,-1.938
hyun-woo-cho,k-league-1,k-league-1,classic,2026-07-24T13:46:17+00:00,1.15,-1.864
hyun-woo-cho,k-league-1,k-league-1,classic,2026-07-25T07:06:31+00:00,1.14,-1.141
hyun-woo-cho,k-league-1,k-league-1,classic,2026-07-25T08:44:53+00:00,1.14,-1.073
hyun-woo-cho,k-league-1,k-league-1,classic,2026-07-25T09:54:12+00:00,1.14,-1.025
hyun-woo-cho,k-league-1,k-league-1,classic,2026-07-25T11:34:10+00:00,1.47,-0.955
hyun-woo-cho,k-league-1,k-league-1,classic,2026-07-25T15:17:57+00:00,1.48,-0.8
hyun-woo-cho,k-league-1,k-league-1,classic,2026-07-25T22:47:33+00:00,1.64,-0.488
hyun-woo-cho,k-league-1,k-league-1,classic,2026-07-25T22:47:44+00:00,1.32,-0.488
hyun-woo-cho,k-league-1,k-league-1,classic,2026-07-25T22:48:35+00:00,1.48,-0.487
hyun-woo-cho,k-league-1,k-league-1,classic,2026-07-25T22:49:07+00:00,1.64,-0.487
hyun-woo-cho,k-league-1,k-league-1,classic,2026-07-27T13:04:49+00:00,1.55,1.108
hyun-woo-cho,k-league-1,k-league-1,classic,2026-07-28T06:37:16+00:00,1.66,1.838
hyun-woo-cho,k-league-1,k-league-1,classic,2026-07-28T11:41:20+00:00,1.32,2.05
hyun-woo-cho,k-league-1,k-league-1,classic,2026-07-28T12:07:32+00:00,1.65,2.068
hyun-woo-cho,k-league-1,k-league-1,classic,2026-07-28T15:57:25+00:00,1.33,2.227
hyun-woo-cho,k-league-1,k-league-1,classic,2026-07-28T21:03:38+00:00,1.51,2.44
hyun-woo-cho,k-league-1,k-league-1,classic,2026-07-29T00:35:18+00:00,1.18,2.587
hyun-woo-cho,k-league-1,k-league-1,classic,2026-07-29T09:52:35+00:00,1.51,2.974
hyun-woo-cho,k-league-1,k-league-1,classic,2026-07-29T10:34:12+00:00,1.52,3.003
hyun-woo-cho,k-league-1,k-league-1,classic,2026-07-29T12:47:00+00:00,1.68,3.095
hyun-woo-cho,k-league-1,k-league-1,classic,2026-07-29T17:22:25+00:00,1.5,3.286
hyun-woo-cho,k-league-1,k-league-1,classic,2026-07-29T18:24:29+00:00,1.33,3.33
hyun-woo-cho,k-league-1,k-league-1,classic,2026-07-23T22:13:43+00:00,0.99,2.489
hyun-woo-cho,k-league-1,k-league-1,classic,2026-07-24T00:06:05+00:00,0.82,-2.433
julien-celestine,k-league-1,k-league-1,in season,2026-07-22T22:15:31+00:00,2.38,1.49
julien-celestine,k-league-1,k-league-1,in season,2026-07-23T11:59:42+00:00,2.87,2.062
julien-celestine,k-league-1,k-league-1,in season,2026-07-23T19:59:09+00:00,2.48,2.395
julien-celestine,k-league-1,k-league-1,in season,2026-07-24T15:31:27+00:00,2.78,-1.791
julien-celestine,k-league-1,k-league-1,in season,2026-07-24T18:54:02+00:00,2.62,-1.65
julien-celestine,k-league-1,k-league-1,in season,2026-07-25T03:05:55+00:00,2.61,-1.308
julien-celestine,k-league-1,k-league-1,in season,2026-07-25T08:34:21+00:00,2.61,-1.08
julien-celestine,k-league-1,k-league-1,in season,2026-07-25T08:52:22+00:00,2.61,-1.068
julien-celestine,k-league-1,k-league-1,in season,2026-07-25T21:59:12+00:00,1.81,-0.521
julien-celestine,k-league-1,k-league-1,in season,2026-07-25T22:05:16+00:00,1.64,-0.517
julien-celestine,k-league-1,k-league-1,in season,2026-07-26T12:52:48+00:00,1.66,0.099
julien-celestine,k-league-1,k-league-1,in season,2026-07-27T07:39:59+00:00,2.41,0.882
julien-celestine,k-league-1,k-league-1,in season,2026-07-27T20:02:15+00:00,2.05,1.397
julien-celestine,k-league-1,k-league-1,in season,2026-07-28T15:43:29+00:00,1.99,2.218
julien-celestine,k-league-1,k-league-1,in season,2026-07-29T14:12:36+00:00,1.51,3.155
julien-celestine,k-league-1,k-league-1,in season,2026-07-29T15:59:19+00:00,2.0,3.229
julien-celestine,k-league-1,k-league-1,in season,2026-07-29T16:29:42+00:00,2.32,3.25
bum-keun-song,k-league-1,k-league-1,in season,2026-07-24T10:09:36+00:00,6.79,-1.014
bum-keun-song,k-league-1,k-league-1,in season,2026-07-24T12:16:22+00:00,6.29,-0.926
bum-keun-song,k-league-1,k-league-1,in season,2026-07-24T12:21:50+00:00,6.29,-0.922
bum-keun-song,k-league-1,k-league-1,in season,2026-07-24T12:53:51+00:00,6.12,-0.9
bum-keun-song,k-league-1,k-league-1,in season,2026-07-24T17:30:52+00:00,5.06,-0.708
bum-keun-song,k-league-1,k-league-1,in season,2026-07-24T19:18:34+00:00,5.89,-0.633
bum-keun-song,k-league-1,k-league-1,in season,2026-07-24T20:57:17+00:00,5.4,-0.564
bum-keun-song,k-league-1,k-league-1,in season,2026-07-24T21:32:04+00:00,6.05,-0.54
bum-keun-song,k-league-1,k-league-1,in season,2026-07-24T23:33:48+00:00,7.02,-0.456
bum-keun-song,k-league-1,k-league-1,in season,2026-07-25T02:56:30+00:00,7.02,-0.315
bum-keun-song,k-league-1,k-league-1,in season,2026-07-25T12:50:20+00:00,7.99,0.097
bum-keun-song,k-league-1,k-league-1,in season,2026-07-25T15:37:19+00:00,8.04,0.213
bum-keun-song,k-league-1,k-league-1,in season,2026-07-26T12:23:01+00:00,7.62,1.078
bum-keun-song,k-league-1,k-league-1,in season,2026-07-26T21:34:15+00:00,8.73,1.461
bum-keun-song,k-league-1,k-league-1,in season,2026-07-27T13:33:26+00:00,8.42,2.127
bum-keun-song,k-league-1,k-league-1,in season,2026-07-27T18:48:34+00:00,8.54,2.346
bum-keun-song,k-league-1,k-league-1,in season,2026-07-27T20:42:56+00:00,8.56,2.426
bum-keun-song,k-league-1,k-league-1,in season,2026-07-28T05:10:59+00:00,7.43,2.778
bum-keun-song,k-league-1,k-league-1,in season,2026-07-28T15:42:42+00:00,8.62,3.217
bum-keun-song,k-league-1,k-league-1,in season,2026-07-28T17:45:16+00:00,9.29,3.302
bum-keun-song,k-league-1,k-league-1,in season,2026-07-28T21:53:43+00:00,8.92,3.475
bum-keun-song,k-league-1,k-league-1,in season,2026-07-29T06:35:04+00:00,8.71,-3.163
bum-keun-song,k-league-1,k-league-1,in season,2026-07-29T09:38:15+00:00,10.07,-3.036
bum-keun-song,k-league-1,k-league-1,in season,2026-07-29T10:33:54+00:00,8.77,-2.997
bum-keun-song,k-league-1,k-league-1,in season,2026-07-29T18:11:20+00:00,9.14,-2.68
bum-keun-song,k-league-1,k-league-1,in season,2026-07-22T22:00:52+00:00,7.64,1.48
bum-keun-song,k-league-1,k-league-1,in season,2026-07-22T22:36:18+00:00,6.11,1.504
bum-keun-song,k-league-1,k-league-1,in season,2026-07-23T04:43:37+00:00,6.55,1.759
bum-keun-song,k-league-1,k-league-1,in season,2026-07-23T10:23:44+00:00,7.92,1.996
bum-keun-song,k-league-1,k-league-1,in season,2026-07-23T15:32:11+00:00,7.67,-1.79
bum-keun-song,k-league-1,k-league-1,in season,2026-07-23T16:12:09+00:00,7.33,-1.762
bum-keun-song,k-league-1,k-league-1,in season,2026-07-23T20:53:25+00:00,6.59,-1.567
bum-keun-song,k-league-1,k-league-1,in season,2026-07-24T07:04:43+00:00,6.79,-1.143
bum-keun-song,k-league-1,k-league-1,in season,2026-07-24T07:55:30+00:00,5.3,-1.107
gi-hyuk-lee,k-league-1,k-league-1,classic,2026-07-24T10:17:11+00:00,3.64,-2.009
gi-hyuk-lee,k-league-1,k-league-1,classic,2026-07-24T16:23:08+00:00,4.74,-1.755
gi-hyuk-lee,k-league-1,k-league-1,classic,2026-07-24T18:38:24+00:00,4.92,-1.661
gi-hyuk-lee,k-league-1,k-league-1,classic,2026-07-24T23:28:22+00:00,5.06,-1.459
gi-hyuk-lee,k-league-1,k-league-1,classic,2026-07-25T00:13:04+00:00,5.72,-1.428
gi-hyuk-lee,k-league-1,k-league-1,classic,2026-07-25T07:36:14+00:00,4.41,-1.121
gi-hyuk-lee,k-league-1,k-league-1,classic,2026-07-25T08:26:37+00:00,6.03,-1.086
gi-hyuk-lee,k-league-1,k-league-1,classic,2026-07-26T17:20:57+00:00,5.89,0.285
gi-hyuk-lee,k-league-1,k-league-1,classic,2026-07-27T02:19:57+00:00,6.48,0.66
gi-hyuk-lee,k-league-1,k-league-1,classic,2026-07-28T10:51:17+00:00,3.14,2.015
gi-hyuk-lee,k-league-1,k-league-1,classic,2026-07-28T19:19:14+00:00,5.2,2.368
gi-hyuk-lee,k-league-1,k-league-1,classic,2026-07-28T21:14:32+00:00,4.37,2.448
gi-hyuk-lee,k-league-1,k-league-1,classic,2026-07-29T16:10:36+00:00,4.98,-2.763
gi-hyuk-lee,k-league-1,k-league-1,classic,2026-07-22T22:49:17+00:00,2.04,1.513
gi-hyuk-lee,k-league-1,k-league-1,classic,2026-07-23T11:48:50+00:00,2.2,2.055
gi-hyuk-lee,k-league-1,k-league-1,classic,2026-07-23T18:57:15+00:00,1.98,2.352
gi-hyuk-lee,k-league-1,k-league-1,classic,2026-07-23T19:55:24+00:00,2.15,2.393
gi-hyuk-lee,k-league-1,k-league-1,classic,2026-07-23T20:57:21+00:00,1.81,2.436
gi-hyuk-lee,k-league-1,k-league-1,classic,2026-07-23T22:26:42+00:00,2.31,2.498
gi-hyuk-lee,k-league-1,k-league-1,classic,2026-07-24T01:29:41+00:00,2.63,-2.375
gi-hyuk-lee,k-league-1,k-league-1,classic,2026-07-24T08:10:12+00:00,3.66,-2.097
ho-jae-lee,k-league-1,k-league-1,in season,2026-07-24T09:47:41+00:00,3.48,-1.029
ho-jae-lee,k-league-1,k-league-1,in season,2026-07-24T13:37:22+00:00,3.62,-0.87
ho-jae-lee,k-league-1,k-league-1,in season,2026-07-24T17:38:20+00:00,3.59,-0.703
ho-jae-lee,k-league-1,k-league-1,in season,2026-07-24T20:16:59+00:00,2.95,-0.592
ho-jae-lee,k-league-1,k-league-1,in season,2026-07-24T20:38:57+00:00,3.44,-0.577
ho-jae-lee,k-league-1,k-league-1,in season,2026-07-24T21:01:00+00:00,3.6,-0.562
ho-jae-lee,k-league-1,k-league-1,in season,2026-07-25T03:30:27+00:00,3.59,-0.291
ho-jae-lee,k-league-1,k-league-1,in season,2026-07-25T15:24:21+00:00,2.95,0.204
ho-jae-lee,k-league-1,k-league-1,in season,2026-07-25T17:33:32+00:00,2.79,0.294
ho-jae-lee,k-league-1,k-league-1,in season,2026-07-26T12:59:51+00:00,2.82,1.104
ho-jae-lee,k-league-1,k-league-1,in season,2026-07-26T14:51:38+00:00,2.65,1.182
ho-jae-lee,k-league-1,k-league-1,in season,2026-07-26T16:18:33+00:00,3.03,1.242
ho-jae-lee,k-league-1,k-league-1,in season,2026-07-26T17:02:52+00:00,2.52,1.273
ho-jae-lee,k-league-1,k-league-1,in season,2026-07-26T19:17:37+00:00,3.03,1.366
ho-jae-lee,k-league-1,k-league-1,in season,2026-07-27T21:02:19+00:00,2.57,2.439
ho-jae-lee,k-league-1,k-league-1,in season,2026-07-28T09:37:52+00:00,2.65,2.964
ho-jae-lee,k-league-1,k-league-1,in season,2026-07-29T09:43:02+00:00,1.68,-3.033
ho-jae-lee,k-league-1,k-league-1,in season,2026-07-29T10:43:51+00:00,2.19,-2.99
ho-jae-lee,k-league-1,k-league-1,in season,2026-07-29T10:45:02+00:00,2.36,-2.99
ho-jae-lee,k-league-1,k-league-1,in season,2026-07-29T10:58:13+00:00,2.53,-2.98
ho-jae-lee,k-league-1,k-league-1,in season,2026-07-29T11:00:33+00:00,2.68,-2.979
ho-jae-lee,k-league-1,k-league-1,in season,2026-07-29T13:26:48+00:00,2.68,-2.877
ho-jae-lee,k-league-1,k-league-1,in season,2026-07-29T13:45:00+00:00,3.01,-2.865
ho-jae-lee,k-league-1,k-league-1,in season,2026-07-22T22:15:12+00:00,3.57,0.49
ho-jae-lee,k-league-1,k-league-1,in season,2026-07-23T12:24:04+00:00,4.05,1.079
ho-jae-lee,k-league-1,k-league-1,in season,2026-07-23T12:51:02+00:00,3.89,1.098
ho-jae-lee,k-league-1,k-league-1,in season,2026-07-23T15:19:21+00:00,3.5,1.201
ho-jae-lee,k-league-1,k-league-1,in season,2026-07-24T01:58:49+00:00,3.61,-1.355
ho-jae-lee,k-league-1,k-league-1,in season,2026-07-24T05:28:08+00:00,3.29,-1.21
dong-kyung-lee,k-league-1,k-league-1,classic,2026-07-23T18:16:58+00:00,3.14,2.324
dong-kyung-lee,k-league-1,k-league-1,classic,2026-07-24T10:28:18+00:00,3.15,-2.001
dong-kyung-lee,k-league-1,k-league-1,classic,2026-07-24T18:54:56+00:00,3.44,-1.649
dong-kyung-lee,k-league-1,k-league-1,classic,2026-07-25T17:15:06+00:00,3.44,-0.719
dong-kyung-lee,k-league-1,k-league-1,classic,2026-07-26T10:58:33+00:00,3.64,0.02
dong-kyung-lee,k-league-1,k-league-1,classic,2026-07-26T15:31:12+00:00,2.5,0.209
dong-kyung-lee,k-league-1,k-league-1,classic,2026-07-26T15:39:20+00:00,3.34,0.215
dong-kyung-lee,k-league-1,k-league-1,classic,2026-07-26T16:05:11+00:00,4.04,0.233
dong-kyung-lee,k-league-1,k-league-1,classic,2026-07-26T18:06:46+00:00,3.69,0.317
dong-kyung-lee,k-league-1,k-league-1,classic,2026-07-27T08:40:15+00:00,3.79,0.924
dong-kyung-lee,k-league-1,k-league-1,classic,2026-07-27T14:35:35+00:00,3.79,1.171
dong-kyung-lee,k-league-1,k-league-1,classic,2026-07-27T16:23:53+00:00,5.93,1.246
dong-kyung-lee,k-league-1,k-league-1,classic,2026-07-27T16:56:58+00:00,3.72,1.269
dong-kyung-lee,k-league-1,k-league-1,classic,2026-07-29T14:40:03+00:00,3.35,3.174
dong-kyung-lee,k-league-1,k-league-1,classic,2026-07-22T22:15:34+00:00,2.38,1.49
dong-kyung-lee,k-league-1,k-league-1,classic,2026-07-23T09:00:55+00:00,3.38,1.938
jin-su-kim,k-league-1,k-league-1,in season,2026-07-24T07:55:47+00:00,3.15,1.893
jin-su-kim,k-league-1,k-league-1,in season,2026-07-25T02:27:00+00:00,2.78,-1.335
jin-su-kim,k-league-1,k-league-1,in season,2026-07-25T20:51:37+00:00,2.31,-0.568
jin-su-kim,k-league-1,k-league-1,in season,2026-07-25T22:18:18+00:00,2.14,-0.508
jin-su-kim,k-league-1,k-league-1,in season,2026-07-26T05:02:18+00:00,2.15,-0.228
jin-su-kim,k-league-1,k-league-1,in season,2026-07-26T18:17:28+00:00,2.18,0.325
jin-su-kim,k-league-1,k-league-1,in season,2026-07-26T18:44:48+00:00,1.51,0.344
jin-su-kim,k-league-1,k-league-1,in season,2026-07-27T04:49:46+00:00,2.05,0.764
jin-su-kim,k-league-1,k-league-1,in season,2026-07-27T07:36:39+00:00,2.07,0.88
jin-su-kim,k-league-1,k-league-1,in season,2026-07-27T11:38:43+00:00,1.72,1.048
jin-su-kim,k-league-1,k-league-1,in season,2026-07-27T16:03:30+00:00,2.03,1.232
jin-su-kim,k-league-1,k-league-1,in season,2026-07-27T20:34:40+00:00,2.74,1.42
jin-su-kim,k-league-1,k-league-1,in season,2026-07-28T05:23:50+00:00,1.98,1.787
jin-su-kim,k-league-1,k-league-1,in season,2026-07-28T06:21:57+00:00,2.15,1.828
jin-su-kim,k-league-1,k-league-1,in season,2026-07-28T10:50:59+00:00,3.14,2.015
jin-su-kim,k-league-1,k-league-1,in season,2026-07-29T12:15:17+00:00,2.35,-2.927
hyun-woo-cho,k-league-1,k-league-1,in season,2026-07-24T05:48:09+00:00,3.29,-2.196
hyun-woo-cho,k-league-1,k-league-1,in season,2026-07-24T07:55:16+00:00,3.64,-2.107
hyun-woo-cho,k-league-1,k-league-1,in season,2026-07-24T19:11:40+00:00,3.76,-1.638
hyun-woo-cho,k-league-1,k-league-1,in season,2026-07-25T10:50:29+00:00,3.75,-0.986
hyun-woo-cho,k-league-1,k-league-1,in season,2026-07-25T18:08:43+00:00,3.78,-0.681
hyun-woo-cho,k-league-1,k-league-1,in season,2026-07-25T21:08:18+00:00,4.11,-0.557
hyun-woo-cho,k-league-1,k-league-1,in season,2026-07-26T10:25:19+00:00,3.97,-0.003
hyun-woo-cho,k-league-1,k-league-1,in season,2026-07-26T12:32:38+00:00,3.98,0.085
hyun-woo-cho,k-league-1,k-league-1,in season,2026-07-26T15:10:58+00:00,3.67,0.195
hyun-woo-cho,k-league-1,k-league-1,in season,2026-07-27T01:42:01+00:00,4.08,0.633
hyun-woo-cho,k-league-1,k-league-1,in season,2026-07-27T16:02:34+00:00,4.06,1.231
hyun-woo-cho,k-league-1,k-league-1,in season,2026-07-28T10:27:31+00:00,4.13,1.998
hyun-woo-cho,k-league-1,k-league-1,in season,2026-07-28T15:58:00+00:00,4.31,2.228
hyun-woo-cho,k-league-1,k-league-1,in season,2026-07-29T10:40:11+00:00,4.05,3.007
hyun-woo-cho,k-league-1,k-league-1,in season,2026-07-29T11:12:26+00:00,4.86,3.029
hyun-woo-cho,k-league-1,k-league-1,in season,2026-07-22T20:37:13+00:00,3.04,1.422
hyun-woo-cho,k-league-1,k-league-1,in season,2026-07-23T10:25:14+00:00,3.2,1.997
hyun-woo-cho,k-league-1,k-league-1,in season,2026-07-23T13:01:37+00:00,3.34,2.105
hyun-woo-cho,k-league-1,k-league-1,in season,2026-07-23T19:24:43+00:00,3.47,2.371
hyun-woo-cho,k-league-1,k-league-1,in season,2026-07-23T20:14:14+00:00,2.97,2.406
erick-samuel-correa-farias,k-league-1,k-league-1,in season,2026-07-23T14:50:34+00:00,1.67,2.181
erick-samuel-correa-farias,k-league-1,k-league-1,in season,2026-07-25T00:36:28+00:00,1.14,-1.412
erick-samuel-correa-farias,k-league-1,k-league-1,in season,2026-07-25T06:49:14+00:00,1.31,-1.153
erick-samuel-correa-farias,k-league-1,k-league-1,in season,2026-07-25T07:34:40+00:00,1.47,-1.122
erick-samuel-correa-farias,k-league-1,k-league-1,in season,2026-07-26T10:37:10+00:00,1.16,0.005
erick-samuel-correa-farias,k-league-1,k-league-1,in season,2026-07-26T10:46:17+00:00,1.16,0.011
erick-samuel-correa-farias,k-league-1,k-league-1,in season,2026-07-26T10:46:23+00:00,1.49,0.011
erick-samuel-correa-farias,k-league-1,k-league-1,in season,2026-07-26T10:48:14+00:00,1.82,0.013
erick-samuel-correa-farias,k-league-1,k-league-1,in season,2026-07-26T10:50:03+00:00,1.99,0.014
erick-samuel-correa-farias,k-league-1,k-league-1,in season,2026-07-26T10:50:51+00:00,2.15,0.014
erick-samuel-correa-farias,k-league-1,k-league-1,in season,2026-07-26T10:51:11+00:00,1.99,0.015
erick-samuel-correa-farias,k-league-1,k-league-1,in season,2026-07-26T10:51:44+00:00,2.15,0.015
erick-samuel-correa-farias,k-league-1,k-league-1,in season,2026-07-26T11:06:57+00:00,1.99,0.026
erick-samuel-correa-farias,k-league-1,k-league-1,in season,2026-07-26T11:08:06+00:00,2.15,0.026
erick-samuel-correa-farias,k-league-1,k-league-1,in season,2026-07-26T11:10:44+00:00,2.48,0.028
erick-samuel-correa-farias,k-league-1,k-league-1,in season,2026-07-26T11:11:23+00:00,2.65,0.029
erick-samuel-correa-farias,k-league-1,k-league-1,in season,2026-07-26T11:23:33+00:00,2.98,0.037
erick-samuel-correa-farias,k-league-1,k-league-1,in season,2026-07-26T11:46:45+00:00,3.64,0.053
erick-samuel-correa-farias,k-league-1,k-league-1,in season,2026-07-26T12:29:28+00:00,4.8,0.083
erick-samuel-correa-farias,k-league-1,k-league-1,in season,2026-07-27T12:52:21+00:00,3.95,1.099
erick-samuel-correa-farias,k-league-1,k-league-1,in season,2026-07-28T15:56:25+00:00,3.65,2.227
erick-samuel-correa-farias,k-league-1,k-league-1,in season,2026-07-28T22:58:08+00:00,3.04,2.52
erick-samuel-correa-farias,k-league-1,k-league-1,in season,2026-07-29T13:18:03+00:00,3.34,3.117
erick-samuel-correa-farias,k-league-1,k-league-1,in season,2026-07-29T13:38:13+00:00,3.85,3.131
tygo-land,eredivisie,eredivisie_belgio,classic,2026-07-22T22:08:35+00:00,2.55,-17.598
tygo-land,eredivisie,eredivisie_belgio,classic,2026-07-23T13:22:20+00:00,2.84,-16.964
tygo-land,eredivisie,eredivisie_belgio,classic,2026-07-24T23:38:11+00:00,3.1,-15.536
tygo-land,eredivisie,eredivisie_belgio,classic,2026-07-25T08:29:25+00:00,1.79,-15.167
tygo-land,eredivisie,eredivisie_belgio,classic,2026-07-25T16:28:37+00:00,2.13,-14.834
tygo-land,eredivisie,eredivisie_belgio,classic,2026-07-25T19:37:07+00:00,1.65,-14.703
tygo-land,eredivisie,eredivisie_belgio,classic,2026-07-26T03:54:59+00:00,2.31,-14.358
tygo-land,eredivisie,eredivisie_belgio,classic,2026-07-26T07:57:56+00:00,2.15,-14.189
tygo-land,eredivisie,eredivisie_belgio,classic,2026-07-26T09:55:38+00:00,2.48,-14.107
tygo-land,eredivisie,eredivisie_belgio,classic,2026-07-26T16:18:22+00:00,2.36,-13.841
tygo-land,eredivisie,eredivisie_belgio,classic,2026-07-27T09:09:49+00:00,2.76,-13.139
tygo-land,eredivisie,eredivisie_belgio,classic,2026-07-27T11:49:38+00:00,2.76,-13.028
tygo-land,eredivisie,eredivisie_belgio,classic,2026-07-27T15:29:05+00:00,2.72,-12.876
tygo-land,eredivisie,eredivisie_belgio,classic,2026-07-29T10:00:58+00:00,1.52,-11.103
tygo-land,eredivisie,eredivisie_belgio,classic,2026-07-29T13:17:10+00:00,2.01,-10.967
tygo-land,eredivisie,eredivisie_belgio,classic,2026-07-29T13:21:33+00:00,2.01,-10.964
tygo-land,eredivisie,eredivisie_belgio,classic,2026-07-29T16:04:56+00:00,1.99,-10.851
tygo-land,eredivisie,eredivisie_belgio,classic,2026-07-29T17:43:32+00:00,1.83,-10.782
nicolo-tresoldi,jupiler-pro-league,eredivisie_belgio,classic,2026-07-23T13:23:40+00:00,6.52,-15.223
nicolo-tresoldi,jupiler-pro-league,eredivisie_belgio,classic,2026-07-23T16:46:58+00:00,6.66,-15.082
nicolo-tresoldi,jupiler-pro-league,eredivisie_belgio,classic,2026-07-23T18:41:22+00:00,7.1,-15.003
nicolo-tresoldi,jupiler-pro-league,eredivisie_belgio,classic,2026-07-23T23:48:03+00:00,6.61,-14.79
nicolo-tresoldi,jupiler-pro-league,eredivisie_belgio,classic,2026-07-23T23:48:43+00:00,7.11,-14.789
nicolo-tresoldi,jupiler-pro-league,eredivisie_belgio,classic,2026-07-24T11:56:10+00:00,5.95,-14.284
nicolo-tresoldi,jupiler-pro-league,eredivisie_belgio,classic,2026-07-25T06:09:01+00:00,4.73,-13.525
nicolo-tresoldi,jupiler-pro-league,eredivisie_belgio,classic,2026-07-25T08:34:18+00:00,4.4,-13.424
nicolo-tresoldi,jupiler-pro-league,eredivisie_belgio,classic,2026-07-25T18:03:42+00:00,6.09,-13.029
nicolo-tresoldi,jupiler-pro-league,eredivisie_belgio,classic,2026-07-25T18:35:06+00:00,6.09,-13.007
nicolo-tresoldi,jupiler-pro-league,eredivisie_belgio,classic,2026-07-26T10:28:18+00:00,6.12,-12.345
nicolo-tresoldi,jupiler-pro-league,eredivisie_belgio,classic,2026-07-26T18:02:02+00:00,6.05,-12.03
nicolo-tresoldi,jupiler-pro-league,eredivisie_belgio,classic,2026-07-27T10:34:16+00:00,6.03,-11.341
nicolo-tresoldi,jupiler-pro-league,eredivisie_belgio,classic,2026-07-27T12:38:14+00:00,6.02,-11.255
nicolo-tresoldi,jupiler-pro-league,eredivisie_belgio,classic,2026-07-27T20:54:04+00:00,5.99,-10.91
nicolo-tresoldi,jupiler-pro-league,eredivisie_belgio,classic,2026-07-28T08:31:59+00:00,5.8,-10.426
nicolo-tresoldi,jupiler-pro-league,eredivisie_belgio,classic,2026-07-28T10:52:08+00:00,6.27,-10.328
nicolo-tresoldi,jupiler-pro-league,eredivisie_belgio,classic,2026-07-28T11:12:39+00:00,6.11,-10.314
nicolo-tresoldi,jupiler-pro-league,eredivisie_belgio,classic,2026-07-28T13:45:24+00:00,5.99,-10.208
nicolo-tresoldi,jupiler-pro-league,eredivisie_belgio,classic,2026-07-28T13:49:02+00:00,6.15,-10.206
nicolo-tresoldi,jupiler-pro-league,eredivisie_belgio,classic,2026-07-28T20:34:51+00:00,6.07,-9.924
nicolo-tresoldi,jupiler-pro-league,eredivisie_belgio,classic,2026-07-28T21:20:28+00:00,6.23,-9.892
nicolo-tresoldi,jupiler-pro-league,eredivisie_belgio,classic,2026-07-29T07:03:48+00:00,6.23,-9.487
nicolo-tresoldi,jupiler-pro-league,eredivisie_belgio,classic,2026-07-29T08:52:49+00:00,4.72,-9.411
nicolo-tresoldi,jupiler-pro-league,eredivisie_belgio,classic,2026-07-29T09:03:57+00:00,7.05,-9.404
nicolo-tresoldi,jupiler-pro-league,eredivisie_belgio,classic,2026-07-29T13:01:42+00:00,4.85,-9.238
carlos-roberto-forbs-borges,jupiler-pro-league,eredivisie_belgio,classic,2026-07-22T20:29:37+00:00,5.06,-15.927
carlos-roberto-forbs-borges,jupiler-pro-league,eredivisie_belgio,classic,2026-07-23T08:29:26+00:00,6.37,-15.427
carlos-roberto-forbs-borges,jupiler-pro-league,eredivisie_belgio,classic,2026-07-23T23:49:06+00:00,6.28,-14.789
carlos-roberto-forbs-borges,jupiler-pro-league,eredivisie_belgio,classic,2026-07-23T23:49:19+00:00,6.45,-14.789
carlos-roberto-forbs-borges,jupiler-pro-league,eredivisie_belgio,classic,2026-07-24T17:01:20+00:00,5.38,-14.072
carlos-roberto-forbs-borges,jupiler-pro-league,eredivisie_belgio,classic,2026-07-24T20:39:01+00:00,5.89,-13.921
carlos-roberto-forbs-borges,jupiler-pro-league,eredivisie_belgio,classic,2026-07-25T23:38:56+00:00,5.6,-12.796
carlos-roberto-forbs-borges,jupiler-pro-league,eredivisie_belgio,classic,2026-07-26T05:41:42+00:00,5.63,-12.544
carlos-roberto-forbs-borges,jupiler-pro-league,eredivisie_belgio,classic,2026-07-27T06:55:42+00:00,6.03,-11.493
carlos-roberto-forbs-borges,jupiler-pro-league,eredivisie_belgio,classic,2026-07-27T20:27:44+00:00,5.14,-10.929
carlos-roberto-forbs-borges,jupiler-pro-league,eredivisie_belgio,classic,2026-07-28T13:05:20+00:00,5.32,-10.236
carlos-roberto-forbs-borges,jupiler-pro-league,eredivisie_belgio,classic,2026-07-28T15:43:32+00:00,5.47,-10.126
carlos-roberto-forbs-borges,jupiler-pro-league,eredivisie_belgio,classic,2026-07-28T15:46:26+00:00,5.63,-10.124
carlos-roberto-forbs-borges,jupiler-pro-league,eredivisie_belgio,classic,2026-07-28T20:31:06+00:00,5.9,-9.926
carlos-roberto-forbs-borges,jupiler-pro-league,eredivisie_belgio,classic,2026-07-28T21:22:54+00:00,6.56,-9.89
carlos-roberto-forbs-borges,jupiler-pro-league,eredivisie_belgio,classic,2026-07-29T07:02:48+00:00,7.58,-9.488
carlos-roberto-forbs-borges,jupiler-pro-league,eredivisie_belgio,classic,2026-07-29T10:12:48+00:00,5.06,-9.356
carlos-roberto-forbs-borges,jupiler-pro-league,eredivisie_belgio,classic,2026-07-29T11:06:28+00:00,5.03,-9.318
carlos-roberto-forbs-borges,jupiler-pro-league,eredivisie_belgio,classic,2026-07-29T12:03:04+00:00,4.54,-9.279
gjivai-zechiel,eredivisie,eredivisie_belgio,classic,2026-07-22T22:03:31+00:00,6.45,-17.508
gjivai-zechiel,eredivisie,eredivisie_belgio,classic,2026-07-24T07:28:18+00:00,7.12,-16.116
gjivai-zechiel,eredivisie,eredivisie_belgio,classic,2026-07-24T11:37:43+00:00,6.45,-15.943
gjivai-zechiel,eredivisie,eredivisie_belgio,classic,2026-07-24T23:19:32+00:00,4.08,-15.455
gjivai-zechiel,eredivisie,eredivisie_belgio,classic,2026-07-24T23:32:53+00:00,5.88,-15.446
gjivai-zechiel,eredivisie,eredivisie_belgio,classic,2026-07-25T07:11:29+00:00,5.87,-15.127
gjivai-zechiel,eredivisie,eredivisie_belgio,classic,2026-07-25T07:33:23+00:00,5.87,-15.112
gjivai-zechiel,eredivisie,eredivisie_belgio,classic,2026-07-25T11:42:42+00:00,5.06,-14.939
gjivai-zechiel,eredivisie,eredivisie_belgio,classic,2026-07-25T18:03:17+00:00,5.26,-14.675
gjivai-zechiel,eredivisie,eredivisie_belgio,classic,2026-07-25T20:17:00+00:00,5.43,-14.582
gjivai-zechiel,eredivisie,eredivisie_belgio,classic,2026-07-26T09:45:18+00:00,4.96,-14.021
gjivai-zechiel,eredivisie,eredivisie_belgio,classic,2026-07-26T12:07:09+00:00,4.31,-13.922
gjivai-zechiel,eredivisie,eredivisie_belgio,classic,2026-07-26T14:03:30+00:00,5.14,-13.841
gjivai-zechiel,eredivisie,eredivisie_belgio,classic,2026-07-26T17:52:26+00:00,5.89,-13.682
gjivai-zechiel,eredivisie,eredivisie_belgio,classic,2026-07-26T18:52:18+00:00,5.37,-13.641
gjivai-zechiel,eredivisie,eredivisie_belgio,classic,2026-07-27T12:01:44+00:00,5.67,-12.926
gjivai-zechiel,eredivisie,eredivisie_belgio,classic,2026-07-27T12:20:59+00:00,5.5,-12.913
gjivai-zechiel,eredivisie,eredivisie_belgio,classic,2026-07-27T19:59:48+00:00,5.79,-12.594
gjivai-zechiel,eredivisie,eredivisie_belgio,classic,2026-07-27T22:00:08+00:00,5.97,-12.51
gjivai-zechiel,eredivisie,eredivisie_belgio,classic,2026-07-27T23:02:33+00:00,6.0,-12.467
gjivai-zechiel,eredivisie,eredivisie_belgio,classic,2026-07-28T15:58:20+00:00,5.63,-11.762
gjivai-zechiel,eredivisie,eredivisie_belgio,classic,2026-07-28T16:32:54+00:00,5.72,-11.738
gjivai-zechiel,eredivisie,eredivisie_belgio,classic,2026-07-28T16:46:02+00:00,4.71,-11.728
gjivai-zechiel,eredivisie,eredivisie_belgio,classic,2026-07-28T20:58:25+00:00,5.06,-11.553
gjivai-zechiel,eredivisie,eredivisie_belgio,classic,2026-07-28T21:04:35+00:00,5.55,-11.549
gjivai-zechiel,eredivisie,eredivisie_belgio,classic,2026-07-28T21:06:30+00:00,5.72,-11.548
gjivai-zechiel,eredivisie,eredivisie_belgio,classic,2026-07-28T23:44:59+00:00,5.7,-11.438
gjivai-zechiel,eredivisie,eredivisie_belgio,classic,2026-07-29T07:17:55+00:00,5.89,-11.123
gjivai-zechiel,eredivisie,eredivisie_belgio,classic,2026-07-29T08:04:32+00:00,5.9,-11.091
gjivai-zechiel,eredivisie,eredivisie_belgio,classic,2026-07-29T12:58:13+00:00,5.55,-10.887
gjivai-zechiel,eredivisie,eredivisie_belgio,classic,2026-07-29T13:32:37+00:00,6.19,-10.863
kevin-mac-allister,jupiler-pro-league,eredivisie_belgio,classic,2026-07-22T20:17:29+00:00,1.52,-12.155
kevin-mac-allister,jupiler-pro-league,eredivisie_belgio,classic,2026-07-22T21:00:57+00:00,1.52,-12.124
kevin-mac-allister,jupiler-pro-league,eredivisie_belgio,classic,2026-07-23T04:25:06+00:00,2.35,-11.816
kevin-mac-allister,jupiler-pro-league,eredivisie_belgio,classic,2026-07-23T11:38:23+00:00,2.03,-11.515
kevin-mac-allister,jupiler-pro-league,eredivisie_belgio,classic,2026-07-23T13:22:48+00:00,1.67,-11.443
kevin-mac-allister,jupiler-pro-league,eredivisie_belgio,classic,2026-07-23T15:55:07+00:00,1.67,-11.337
kevin-mac-allister,jupiler-pro-league,eredivisie_belgio,classic,2026-07-23T17:23:25+00:00,1.99,-11.275
kevin-mac-allister,jupiler-pro-league,eredivisie_belgio,classic,2026-07-23T20:24:34+00:00,1.81,-11.15
kevin-mac-allister,jupiler-pro-league,eredivisie_belgio,classic,2026-07-23T21:17:27+00:00,1.16,-11.113
kevin-mac-allister,jupiler-pro-league,eredivisie_belgio,classic,2026-07-24T15:12:21+00:00,1.31,-10.366
kevin-mac-allister,jupiler-pro-league,eredivisie_belgio,classic,2026-07-24T15:59:19+00:00,1.14,-10.334
kevin-mac-allister,jupiler-pro-league,eredivisie_belgio,classic,2026-07-25T19:53:52+00:00,1.65,-9.171
kevin-mac-allister,jupiler-pro-league,eredivisie_belgio,classic,2026-07-25T20:54:06+00:00,0.49,-9.129
kevin-mac-allister,jupiler-pro-league,eredivisie_belgio,classic,2026-07-26T08:44:51+00:00,1.32,-8.636
kevin-mac-allister,jupiler-pro-league,eredivisie_belgio,classic,2026-07-26T08:57:18+00:00,1.49,-8.627
kevin-mac-allister,jupiler-pro-league,eredivisie_belgio,classic,2026-07-26T15:02:49+00:00,1.17,-8.373
kevin-mac-allister,jupiler-pro-league,eredivisie_belgio,classic,2026-07-26T17:06:12+00:00,1.51,-8.287
kevin-mac-allister,jupiler-pro-league,eredivisie_belgio,classic,2026-07-26T17:26:31+00:00,1.35,-8.273
kevin-mac-allister,jupiler-pro-league,eredivisie_belgio,classic,2026-07-26T21:41:11+00:00,1.68,-8.096
kevin-mac-allister,jupiler-pro-league,eredivisie_belgio,classic,2026-07-27T08:40:32+00:00,1.55,-7.639
kevin-mac-allister,jupiler-pro-league,eredivisie_belgio,classic,2026-07-27T08:59:45+00:00,1.55,-7.625
kevin-mac-allister,jupiler-pro-league,eredivisie_belgio,classic,2026-07-27T15:37:42+00:00,1.53,-7.349
kevin-mac-allister,jupiler-pro-league,eredivisie_belgio,classic,2026-07-27T15:52:55+00:00,1.02,-7.338
kevin-mac-allister,jupiler-pro-league,eredivisie_belgio,classic,2026-07-27T18:50:08+00:00,1.54,-7.215
kevin-mac-allister,jupiler-pro-league,eredivisie_belgio,classic,2026-07-28T15:54:42+00:00,1.49,-6.337
kevin-mac-allister,jupiler-pro-league,eredivisie_belgio,classic,2026-07-29T06:08:46+00:00,1.51,-5.744
kevin-mac-allister,jupiler-pro-league,eredivisie_belgio,classic,2026-07-29T11:46:37+00:00,1.01,-5.509
kevin-mac-allister,jupiler-pro-league,eredivisie_belgio,classic,2026-07-29T12:38:57+00:00,1.01,-5.473
kevin-mac-allister,jupiler-pro-league,eredivisie_belgio,classic,2026-07-29T14:28:54+00:00,1.34,-5.397
kevin-mac-allister,jupiler-pro-league,eredivisie_belgio,classic,2026-07-29T15:11:43+00:00,1.5,-5.367
sven-mijnans,eredivisie,eredivisie_belgio,classic,2026-07-22T20:04:07+00:00,5.23,-16.914
sven-mijnans,eredivisie,eredivisie_belgio,classic,2026-07-23T14:21:07+00:00,5.01,-16.152
sven-mijnans,eredivisie,eredivisie_belgio,classic,2026-07-23T14:21:15+00:00,5.01,-16.152
sven-mijnans,eredivisie,eredivisie_belgio,classic,2026-07-23T17:49:39+00:00,5.14,-16.007
sven-mijnans,eredivisie,eredivisie_belgio,classic,2026-07-23T18:10:04+00:00,4.95,-15.993
sven-mijnans,eredivisie,eredivisie_belgio,classic,2026-07-23T22:32:02+00:00,5.13,-15.811
sven-mijnans,eredivisie,eredivisie_belgio,classic,2026-07-24T10:52:24+00:00,5.13,-15.297
sven-mijnans,eredivisie,eredivisie_belgio,classic,2026-07-24T16:55:08+00:00,4.09,-15.045
sven-mijnans,eredivisie,eredivisie_belgio,classic,2026-07-24T17:01:31+00:00,4.57,-15.041
sven-mijnans,eredivisie,eredivisie_belgio,classic,2026-07-25T13:48:13+00:00,4.9,-14.175
sven-mijnans,eredivisie,eredivisie_belgio,classic,2026-07-25T15:18:34+00:00,4.6,-14.112
sven-mijnans,eredivisie,eredivisie_belgio,classic,2026-07-25T15:42:49+00:00,5.25,-14.095
sven-mijnans,eredivisie,eredivisie_belgio,classic,2026-07-25T20:08:07+00:00,4.94,-13.911
sven-mijnans,eredivisie,eredivisie_belgio,classic,2026-07-26T11:42:05+00:00,4.64,-13.262
sven-mijnans,eredivisie,eredivisie_belgio,classic,2026-07-27T07:56:10+00:00,5.17,-12.419
sven-mijnans,eredivisie,eredivisie_belgio,classic,2026-07-27T11:26:14+00:00,4.66,-12.273
sven-mijnans,eredivisie,eredivisie_belgio,classic,2026-07-27T12:51:17+00:00,5.16,-12.214
sven-mijnans,eredivisie,eredivisie_belgio,classic,2026-07-27T14:15:15+00:00,5.17,-12.156
sven-mijnans,eredivisie,eredivisie_belgio,classic,2026-07-27T14:41:15+00:00,5.51,-12.138
sven-mijnans,eredivisie,eredivisie_belgio,classic,2026-07-27T14:45:39+00:00,5.17,-12.135
sven-mijnans,eredivisie,eredivisie_belgio,classic,2026-07-27T18:31:17+00:00,5.12,-11.978
sven-mijnans,eredivisie,eredivisie_belgio,classic,2026-07-28T23:57:08+00:00,5.03,-10.752
sven-mijnans,eredivisie,eredivisie_belgio,classic,2026-07-29T08:42:24+00:00,5.39,-10.387
ryan-flamingo,eredivisie,eredivisie_belgio,classic,2026-07-22T20:06:32+00:00,2.53,-16.912
ryan-flamingo,eredivisie,eredivisie_belgio,classic,2026-07-22T22:05:51+00:00,2.55,-16.829
ryan-flamingo,eredivisie,eredivisie_belgio,classic,2026-07-24T01:32:10+00:00,2.63,-15.686
ryan-flamingo,eredivisie,eredivisie_belgio,classic,2026-07-24T13:29:31+00:00,2.3,-15.188
ryan-flamingo,eredivisie,eredivisie_belgio,classic,2026-07-24T23:28:07+00:00,2.61,-14.772
ryan-flamingo,eredivisie,eredivisie_belgio,classic,2026-07-24T23:28:19+00:00,2.94,-14.772
ryan-flamingo,eredivisie,eredivisie_belgio,classic,2026-07-25T06:48:09+00:00,2.77,-14.467
ryan-flamingo,eredivisie,eredivisie_belgio,classic,2026-07-25T08:16:08+00:00,2.93,-14.405
ryan-flamingo,eredivisie,eredivisie_belgio,classic,2026-07-25T14:28:19+00:00,2.13,-14.147
ryan-flamingo,eredivisie,eredivisie_belgio,classic,2026-07-25T20:40:49+00:00,2.14,-13.888
ryan-flamingo,eredivisie,eredivisie_belgio,classic,2026-07-25T22:31:24+00:00,2.96,-13.812
ryan-flamingo,eredivisie,eredivisie_belgio,classic,2026-07-26T06:27:29+00:00,2.65,-13.481
ryan-flamingo,eredivisie,eredivisie_belgio,classic,2026-07-26T08:02:20+00:00,1.82,-13.415
ryan-flamingo,eredivisie,eredivisie_belgio,classic,2026-07-26T10:22:41+00:00,2.32,-13.318
ryan-flamingo,eredivisie,eredivisie_belgio,classic,2026-07-26T11:20:54+00:00,2.65,-13.277
ryan-flamingo,eredivisie,eredivisie_belgio,classic,2026-07-26T16:35:15+00:00,2.02,-13.059
ryan-flamingo,eredivisie,eredivisie_belgio,classic,2026-07-26T16:39:55+00:00,2.69,-13.056
ryan-flamingo,eredivisie,eredivisie_belgio,classic,2026-07-27T04:59:45+00:00,2.56,-12.542
ryan-flamingo,eredivisie,eredivisie_belgio,classic,2026-07-27T12:11:56+00:00,2.24,-12.242
ryan-flamingo,eredivisie,eredivisie_belgio,classic,2026-07-27T12:14:49+00:00,2.24,-12.24
ryan-flamingo,eredivisie,eredivisie_belgio,classic,2026-07-27T12:40:18+00:00,2.58,-12.222
ryan-flamingo,eredivisie,eredivisie_belgio,classic,2026-07-27T20:45:31+00:00,2.57,-11.885
ryan-flamingo,eredivisie,eredivisie_belgio,classic,2026-07-28T00:35:39+00:00,2.66,-11.725
ryan-flamingo,eredivisie,eredivisie_belgio,classic,2026-07-28T17:43:39+00:00,3.04,-11.011
ryan-flamingo,eredivisie,eredivisie_belgio,classic,2026-07-28T18:29:56+00:00,2.5,-10.979
ryan-flamingo,eredivisie,eredivisie_belgio,classic,2026-07-28T20:35:24+00:00,2.7,-10.892
ryan-flamingo,eredivisie,eredivisie_belgio,classic,2026-07-28T22:12:48+00:00,2.02,-10.824
ryan-flamingo,eredivisie,eredivisie_belgio,classic,2026-07-29T08:36:19+00:00,2.7,-10.391
ryan-flamingo,eredivisie,eredivisie_belgio,classic,2026-07-29T12:19:54+00:00,3.03,-10.236
ryan-flamingo,eredivisie,eredivisie_belgio,classic,2026-07-29T18:05:13+00:00,2.66,-9.996
adem-zorgane,jupiler-pro-league,eredivisie_belgio,classic,2026-07-23T13:34:00+00:00,1.0,-11.435
adem-zorgane,jupiler-pro-league,eredivisie_belgio,classic,2026-07-23T13:39:36+00:00,1.34,-11.431
adem-zorgane,jupiler-pro-league,eredivisie_belgio,classic,2026-07-23T13:40:46+00:00,1.34,-11.43
adem-zorgane,jupiler-pro-league,eredivisie_belgio,classic,2026-07-23T13:41:15+00:00,1.34,-11.43
adem-zorgane,jupiler-pro-league,eredivisie_belgio,classic,2026-07-24T12:48:22+00:00,1.49,-10.466
adem-zorgane,jupiler-pro-league,eredivisie_belgio,classic,2026-07-24T15:57:09+00:00,0.98,-10.335
adem-zorgane,jupiler-pro-league,eredivisie_belgio,classic,2026-07-25T08:24:44+00:00,1.47,-9.649
adem-zorgane,jupiler-pro-league,eredivisie_belgio,classic,2026-07-25T19:21:22+00:00,1.32,-9.193
adem-zorgane,jupiler-pro-league,eredivisie_belgio,classic,2026-07-25T19:37:30+00:00,0.99,-9.182
adem-zorgane,jupiler-pro-league,eredivisie_belgio,classic,2026-07-25T21:13:16+00:00,0.99,-9.116
adem-zorgane,jupiler-pro-league,eredivisie_belgio,classic,2026-07-26T07:58:10+00:00,1.16,-8.668
adem-zorgane,jupiler-pro-league,eredivisie_belgio,classic,2026-07-26T08:21:38+00:00,1.16,-8.652
adem-zorgane,jupiler-pro-league,eredivisie_belgio,classic,2026-07-26T19:47:26+00:00,1.18,-8.175
adem-zorgane,jupiler-pro-league,eredivisie_belgio,classic,2026-07-27T10:48:02+00:00,1.03,-7.55
adem-zorgane,jupiler-pro-league,eredivisie_belgio,classic,2026-07-27T11:52:47+00:00,1.03,-7.505
adem-zorgane,jupiler-pro-league,eredivisie_belgio,classic,2026-07-27T11:56:24+00:00,1.38,-7.503
adem-zorgane,jupiler-pro-league,eredivisie_belgio,classic,2026-07-27T18:49:05+00:00,1.37,-7.216
adem-zorgane,jupiler-pro-league,eredivisie_belgio,classic,2026-07-28T00:22:21+00:00,1.33,-6.984
adem-zorgane,jupiler-pro-league,eredivisie_belgio,classic,2026-07-28T00:22:42+00:00,1.33,-6.984
adem-zorgane,jupiler-pro-league,eredivisie_belgio,classic,2026-07-29T03:09:04+00:00,1.34,-5.869
adem-zorgane,jupiler-pro-league,eredivisie_belgio,classic,2026-07-29T06:14:40+00:00,1.34,-5.74
adem-zorgane,jupiler-pro-league,eredivisie_belgio,classic,2026-07-29T10:31:02+00:00,0.84,-5.562
adem-zorgane,jupiler-pro-league,eredivisie_belgio,classic,2026-07-29T10:56:38+00:00,1.69,-5.544
adem-zorgane,jupiler-pro-league,eredivisie_belgio,classic,2026-07-29T11:17:21+00:00,1.01,-5.53
adem-zorgane,jupiler-pro-league,eredivisie_belgio,classic,2026-07-29T16:08:56+00:00,2.49,-5.327
jari-de-busser,eredivisie,eredivisie_belgio,classic,2026-07-22T21:03:14+00:00,3.88,-16.914
jari-de-busser,eredivisie,eredivisie_belgio,classic,2026-07-24T13:44:54+00:00,3.78,-15.219
jari-de-busser,eredivisie,eredivisie_belgio,classic,2026-07-24T15:31:09+00:00,3.93,-15.145
jari-de-busser,eredivisie,eredivisie_belgio,classic,2026-07-25T12:21:12+00:00,4.08,-14.277
jari-de-busser,eredivisie,eredivisie_belgio,classic,2026-07-25T12:25:52+00:00,3.75,-14.274
jari-de-busser,eredivisie,eredivisie_belgio,classic,2026-07-25T12:25:58+00:00,3.75,-14.274
jari-de-busser,eredivisie,eredivisie_belgio,classic,2026-07-25T12:26:16+00:00,3.75,-14.273
jari-de-busser,eredivisie,eredivisie_belgio,classic,2026-07-25T12:27:12+00:00,3.75,-14.273
jari-de-busser,eredivisie,eredivisie_belgio,classic,2026-07-25T13:03:15+00:00,3.59,-14.248
jari-de-busser,eredivisie,eredivisie_belgio,classic,2026-07-26T09:02:25+00:00,3.8,-13.415
jari-de-busser,eredivisie,eredivisie_belgio,classic,2026-07-26T14:52:50+00:00,3.65,-13.172
jari-de-busser,eredivisie,eredivisie_belgio,classic,2026-07-26T16:23:44+00:00,4.04,-13.109
jari-de-busser,eredivisie,eredivisie_belgio,classic,2026-07-26T20:22:21+00:00,3.02,-12.943
jari-de-busser,eredivisie,eredivisie_belgio,classic,2026-07-27T01:36:10+00:00,2.72,-12.725
jari-de-busser,eredivisie,eredivisie_belgio,classic,2026-07-27T10:02:25+00:00,3.1,-12.373
jari-de-busser,eredivisie,eredivisie_belgio,classic,2026-07-27T13:29:20+00:00,3.61,-12.23
jari-de-busser,eredivisie,eredivisie_belgio,classic,2026-07-27T16:43:26+00:00,3.72,-12.095
jari-de-busser,eredivisie,eredivisie_belgio,classic,2026-07-27T17:23:13+00:00,2.38,-12.067
jari-de-busser,eredivisie,eredivisie_belgio,classic,2026-07-27T22:07:19+00:00,3.07,-11.87
jari-de-busser,eredivisie,eredivisie_belgio,classic,2026-07-28T05:36:51+00:00,3.96,-11.558
jari-de-busser,eredivisie,eredivisie_belgio,classic,2026-07-28T07:31:46+00:00,3.65,-11.478
jari-de-busser,eredivisie,eredivisie_belgio,classic,2026-07-28T12:22:31+00:00,3.13,-11.276
jari-de-busser,eredivisie,eredivisie_belgio,classic,2026-07-28T13:59:14+00:00,3.83,-11.209
jari-de-busser,eredivisie,eredivisie_belgio,classic,2026-07-28T14:28:07+00:00,3.79,-11.189
jari-de-busser,eredivisie,eredivisie_belgio,classic,2026-07-28T21:14:21+00:00,3.87,-10.907
jari-de-busser,eredivisie,eredivisie_belgio,classic,2026-07-29T02:38:34+00:00,3.51,-10.682
jari-de-busser,eredivisie,eredivisie_belgio,classic,2026-07-29T05:33:11+00:00,3.84,-10.56
jari-de-busser,eredivisie,eredivisie_belgio,classic,2026-07-29T07:27:17+00:00,4.38,-10.481
jari-de-busser,eredivisie,eredivisie_belgio,classic,2026-07-29T07:42:30+00:00,4.21,-10.47
jari-de-busser,eredivisie,eredivisie_belgio,classic,2026-07-29T10:57:04+00:00,4.55,-10.335
jari-de-busser,eredivisie,eredivisie_belgio,classic,2026-07-29T12:57:35+00:00,5.21,-10.252
ayase-ueda,eredivisie,eredivisie_belgio,classic,2026-07-22T21:04:22+00:00,1.52,-17.549
ayase-ueda,eredivisie,eredivisie_belgio,classic,2026-07-23T12:24:31+00:00,1.01,-16.91
ayase-ueda,eredivisie,eredivisie_belgio,classic,2026-07-24T17:34:21+00:00,2.45,-15.695
ayase-ueda,eredivisie,eredivisie_belgio,classic,2026-07-24T18:33:34+00:00,2.46,-15.654
ayase-ueda,eredivisie,eredivisie_belgio,classic,2026-07-24T20:50:24+00:00,1.8,-15.559
ayase-ueda,eredivisie,eredivisie_belgio,classic,2026-07-25T05:29:11+00:00,1.96,-15.198
ayase-ueda,eredivisie,eredivisie_belgio,classic,2026-07-25T15:21:14+00:00,2.13,-14.787
ayase-ueda,eredivisie,eredivisie_belgio,classic,2026-07-26T09:16:53+00:00,1.82,-14.04
ayase-ueda,eredivisie,eredivisie_belgio,classic,2026-07-26T16:33:47+00:00,2.19,-13.737
ayase-ueda,eredivisie,eredivisie_belgio,classic,2026-07-26T17:38:13+00:00,2.52,-13.692
ayase-ueda,eredivisie,eredivisie_belgio,classic,2026-07-27T10:27:16+00:00,2.41,-12.991
ayase-ueda,eredivisie,eredivisie_belgio,classic,2026-07-27T10:35:14+00:00,1.72,-12.986
ayase-ueda,eredivisie,eredivisie_belgio,classic,2026-07-27T12:23:18+00:00,1.89,-12.911
ayase-ueda,eredivisie,eredivisie_belgio,classic,2026-07-27T13:38:40+00:00,2.06,-12.859
ayase-ueda,eredivisie,eredivisie_belgio,classic,2026-07-27T17:07:35+00:00,1.87,-12.713
ayase-ueda,eredivisie,eredivisie_belgio,classic,2026-07-27T21:19:13+00:00,2.05,-12.539
ayase-ueda,eredivisie,eredivisie_belgio,classic,2026-07-28T06:18:26+00:00,1.82,-12.164
ayase-ueda,eredivisie,eredivisie_belgio,classic,2026-07-28T08:45:40+00:00,1.82,-12.062
ayase-ueda,eredivisie,eredivisie_belgio,classic,2026-07-28T13:29:29+00:00,1.83,-11.865
ayase-ueda,eredivisie,eredivisie_belgio,classic,2026-07-28T23:50:11+00:00,2.01,-11.434
ayase-ueda,eredivisie,eredivisie_belgio,classic,2026-07-29T11:00:21+00:00,1.51,-10.969
sami-ouaissa,eredivisie,eredivisie_belgio,classic,2026-07-23T13:06:31+00:00,2.34,-11.454
sami-ouaissa,eredivisie,eredivisie_belgio,classic,2026-07-23T17:12:17+00:00,2.49,-11.283
sami-ouaissa,eredivisie,eredivisie_belgio,classic,2026-07-23T17:15:04+00:00,2.49,-11.281
sami-ouaissa,eredivisie,eredivisie_belgio,classic,2026-07-23T19:57:14+00:00,2.64,-11.169
sami-ouaissa,eredivisie,eredivisie_belgio,classic,2026-07-24T09:58:50+00:00,2.49,-10.584
sami-ouaissa,eredivisie,eredivisie_belgio,classic,2026-07-24T11:21:29+00:00,2.15,-10.527
sami-ouaissa,eredivisie,eredivisie_belgio,classic,2026-07-25T12:17:55+00:00,2.12,-9.488
sami-ouaissa,eredivisie,eredivisie_belgio,classic,2026-07-25T16:29:40+00:00,2.46,-9.313
sami-ouaissa,eredivisie,eredivisie_belgio,classic,2026-07-26T15:26:42+00:00,2.67,-8.356
sami-ouaissa,eredivisie,eredivisie_belgio,classic,2026-07-26T21:53:56+00:00,2.35,-8.088
sami-ouaissa,eredivisie,eredivisie_belgio,classic,2026-07-26T22:33:09+00:00,2.53,-8.06
sami-ouaissa,eredivisie,eredivisie_belgio,classic,2026-07-27T08:23:20+00:00,1.03,-7.65
sami-ouaissa,eredivisie,eredivisie_belgio,classic,2026-07-27T09:15:31+00:00,2.41,-7.614
sami-ouaissa,eredivisie,eredivisie_belgio,classic,2026-07-28T00:57:31+00:00,2.33,-6.96
dusan-tadic,eredivisie,eredivisie_belgio,classic,2026-07-27T13:49:43+00:00,3.26,-7.424
dusan-tadic,eredivisie,eredivisie_belgio,classic,2026-07-27T13:50:10+00:00,3.26,-7.423
dusan-tadic,eredivisie,eredivisie_belgio,classic,2026-07-27T13:53:20+00:00,3.95,-7.421
dusan-tadic,eredivisie,eredivisie_belgio,classic,2026-07-27T14:22:47+00:00,3.27,-7.401
dusan-tadic,eredivisie,eredivisie_belgio,classic,2026-07-27T14:23:13+00:00,3.62,-7.401
dusan-tadic,eredivisie,eredivisie_belgio,classic,2026-07-27T14:24:59+00:00,3.27,-7.399
dusan-tadic,eredivisie,eredivisie_belgio,classic,2026-07-27T14:36:22+00:00,3.62,-7.391
dusan-tadic,eredivisie,eredivisie_belgio,classic,2026-07-27T14:44:40+00:00,3.62,-7.386
dusan-tadic,eredivisie,eredivisie_belgio,classic,2026-07-27T16:24:16+00:00,3.56,-7.316
dusan-tadic,eredivisie,eredivisie_belgio,classic,2026-07-27T16:24:36+00:00,3.56,-7.316
dusan-tadic,eredivisie,eredivisie_belgio,classic,2026-07-27T18:15:15+00:00,3.59,-7.239
dusan-tadic,eredivisie,eredivisie_belgio,classic,2026-07-27T18:29:01+00:00,3.41,-7.23
dusan-tadic,eredivisie,eredivisie_belgio,classic,2026-07-27T18:56:57+00:00,3.76,-7.21
dusan-tadic,eredivisie,eredivisie_belgio,classic,2026-07-27T18:57:17+00:00,3.41,-7.21
dusan-tadic,eredivisie,eredivisie_belgio,classic,2026-07-27T19:23:12+00:00,3.41,-7.192
dusan-tadic,eredivisie,eredivisie_belgio,classic,2026-07-27T23:10:34+00:00,5.5,-7.034
dusan-tadic,eredivisie,eredivisie_belgio,classic,2026-07-27T23:31:58+00:00,3.0,-7.019
dusan-tadic,eredivisie,eredivisie_belgio,classic,2026-07-28T00:02:31+00:00,3.16,-6.998
dusan-tadic,eredivisie,eredivisie_belgio,classic,2026-07-28T00:36:19+00:00,2.83,-6.975
dusan-tadic,eredivisie,eredivisie_belgio,classic,2026-07-28T04:41:38+00:00,6.94,-6.804
dusan-tadic,eredivisie,eredivisie_belgio,classic,2026-07-28T05:11:56+00:00,2.64,-6.783
dusan-tadic,eredivisie,eredivisie_belgio,classic,2026-07-28T07:09:51+00:00,2.99,-6.701
dusan-tadic,eredivisie,eredivisie_belgio,classic,2026-07-28T07:21:00+00:00,3.15,-6.694
dusan-tadic,eredivisie,eredivisie_belgio,classic,2026-07-28T08:27:48+00:00,3.64,-6.647
dusan-tadic,eredivisie,eredivisie_belgio,classic,2026-07-28T11:50:10+00:00,3.3,-6.507
dusan-tadic,eredivisie,eredivisie_belgio,classic,2026-07-28T16:09:34+00:00,3.2,-6.327
dusan-tadic,eredivisie,eredivisie_belgio,classic,2026-07-28T20:30:56+00:00,2.7,-6.145
dusan-tadic,eredivisie,eredivisie_belgio,classic,2026-07-29T01:36:51+00:00,4.03,-5.933
dusan-tadic,eredivisie,eredivisie_belgio,classic,2026-07-29T03:39:21+00:00,3.35,-5.848
dusan-tadic,eredivisie,eredivisie_belgio,classic,2026-07-29T05:50:32+00:00,2.17,-5.757
dusan-tadic,eredivisie,eredivisie_belgio,classic,2026-07-29T09:59:20+00:00,3.02,-5.584
dusan-tadic,eredivisie,eredivisie_belgio,classic,2026-07-29T12:07:15+00:00,6.05,-5.495
dusan-tadic,eredivisie,eredivisie_belgio,classic,2026-07-29T13:05:32+00:00,4.18,-5.454
dusan-tadic,eredivisie,eredivisie_belgio,classic,2026-07-29T13:56:41+00:00,3.01,-5.419
dusan-tadic,eredivisie,eredivisie_belgio,classic,2026-07-29T18:21:51+00:00,4.16,-5.235
dusan-tadic,eredivisie,eredivisie_belgio,classic,2026-07-26T18:30:16+00:00,1.34,-8.229
dusan-tadic,eredivisie,eredivisie_belgio,classic,2026-07-26T18:37:32+00:00,1.34,-8.224
dusan-tadic,eredivisie,eredivisie_belgio,classic,2026-07-26T18:51:26+00:00,1.85,-8.214
dusan-tadic,eredivisie,eredivisie_belgio,classic,2026-07-26T19:04:41+00:00,1.18,-8.205
dusan-tadic,eredivisie,eredivisie_belgio,classic,2026-07-26T19:05:29+00:00,1.51,-8.205
dusan-tadic,eredivisie,eredivisie_belgio,classic,2026-07-26T19:05:49+00:00,1.18,-8.204
dusan-tadic,eredivisie,eredivisie_belgio,classic,2026-07-26T19:05:54+00:00,1.85,-8.204
dusan-tadic,eredivisie,eredivisie_belgio,classic,2026-07-26T19:06:03+00:00,1.35,-8.204
dusan-tadic,eredivisie,eredivisie_belgio,classic,2026-07-26T19:06:11+00:00,1.51,-8.204
dusan-tadic,eredivisie,eredivisie_belgio,classic,2026-07-26T19:07:14+00:00,1.85,-8.203
dusan-tadic,eredivisie,eredivisie_belgio,classic,2026-07-26T19:07:49+00:00,2.19,-8.203
dusan-tadic,eredivisie,eredivisie_belgio,classic,2026-07-26T19:10:59+00:00,1.85,-8.201
dusan-tadic,eredivisie,eredivisie_belgio,classic,2026-07-26T19:12:21+00:00,2.52,-8.2
dusan-tadic,eredivisie,eredivisie_belgio,classic,2026-07-26T19:13:59+00:00,2.36,-8.199
dusan-tadic,eredivisie,eredivisie_belgio,classic,2026-07-26T19:23:14+00:00,2.36,-8.192
dusan-tadic,eredivisie,eredivisie_belgio,classic,2026-07-26T19:25:57+00:00,3.2,-8.19
dusan-tadic,eredivisie,eredivisie_belgio,classic,2026-07-26T19:33:55+00:00,3.53,-8.185
dusan-tadic,eredivisie,eredivisie_belgio,classic,2026-07-26T19:54:58+00:00,3.36,-8.17
dusan-tadic,eredivisie,eredivisie_belgio,classic,2026-07-26T19:57:06+00:00,3.87,-8.169
dusan-tadic,eredivisie,eredivisie_belgio,classic,2026-07-26T20:14:31+00:00,3.36,-8.157
dusan-tadic,eredivisie,eredivisie_belgio,classic,2026-07-26T20:31:11+00:00,3.02,-8.145
dusan-tadic,eredivisie,eredivisie_belgio,classic,2026-07-26T20:42:40+00:00,3.19,-8.137
dusan-tadic,eredivisie,eredivisie_belgio,classic,2026-07-26T21:05:29+00:00,3.02,-8.121
dusan-tadic,eredivisie,eredivisie_belgio,classic,2026-07-27T00:42:14+00:00,3.77,-7.971
dusan-tadic,eredivisie,eredivisie_belgio,classic,2026-07-27T05:44:59+00:00,3.08,-7.76
dusan-tadic,eredivisie,eredivisie_belgio,classic,2026-07-27T11:40:56+00:00,3.1,-7.513
dusan-tadic,eredivisie,eredivisie_belgio,classic,2026-07-27T11:42:34+00:00,3.28,-7.512
dusan-tadic,eredivisie,eredivisie_belgio,classic,2026-07-27T12:17:37+00:00,3.1,-7.488
dusan-tadic,eredivisie,eredivisie_belgio,classic,2026-07-27T13:18:20+00:00,2.92,-7.446
dusan-tadic,eredivisie,eredivisie_belgio,classic,2026-07-27T13:25:01+00:00,3.26,-7.441
dusan-tadic,eredivisie,eredivisie_belgio,classic,2026-07-27T13:49:28+00:00,3.09,-7.424
anis-hadj-moussa,eredivisie,eredivisie_belgio,classic,2026-07-23T17:31:05+00:00,4.31,-16.697
anis-hadj-moussa,eredivisie,eredivisie_belgio,classic,2026-07-23T17:38:08+00:00,4.31,-16.692
anis-hadj-moussa,eredivisie,eredivisie_belgio,classic,2026-07-23T17:38:22+00:00,4.81,-16.692
anis-hadj-moussa,eredivisie,eredivisie_belgio,classic,2026-07-23T20:36:25+00:00,5.27,-16.568
anis-hadj-moussa,eredivisie,eredivisie_belgio,classic,2026-07-23T21:36:47+00:00,4.97,-16.527
anis-hadj-moussa,eredivisie,eredivisie_belgio,classic,2026-07-24T08:12:08+00:00,5.16,-16.085
anis-hadj-moussa,eredivisie,eredivisie_belgio,classic,2026-07-24T14:13:38+00:00,4.08,-15.834
anis-hadj-moussa,eredivisie,eredivisie_belgio,classic,2026-07-24T16:54:57+00:00,4.09,-15.722
anis-hadj-moussa,eredivisie,eredivisie_belgio,classic,2026-07-25T23:34:55+00:00,3.46,-14.445
anis-hadj-moussa,eredivisie,eredivisie_belgio,classic,2026-07-26T07:24:53+00:00,4.64,-14.118
anis-hadj-moussa,eredivisie,eredivisie_belgio,classic,2026-07-26T08:36:47+00:00,3.64,-14.068
anis-hadj-moussa,eredivisie,eredivisie_belgio,classic,2026-07-27T06:48:17+00:00,3.62,-13.144
anis-hadj-moussa,eredivisie,eredivisie_belgio,classic,2026-07-27T22:43:15+00:00,3.24,-12.48
anis-hadj-moussa,eredivisie,eredivisie_belgio,classic,2026-07-28T00:22:53+00:00,2.99,-12.411
anis-hadj-moussa,eredivisie,eredivisie_belgio,classic,2026-07-28T20:21:12+00:00,3.2,-11.579
anis-hadj-moussa,eredivisie,eredivisie_belgio,classic,2026-07-29T10:25:21+00:00,3.37,-10.993
anis-hadj-moussa,eredivisie,eredivisie_belgio,classic,2026-07-29T13:28:42+00:00,4.18,-10.865
joaquin-seys,jupiler-pro-league,eredivisie_belgio,classic,2026-07-22T21:02:58+00:00,3.21,12.085
joaquin-seys,jupiler-pro-league,eredivisie_belgio,classic,2026-07-23T13:49:26+00:00,3.01,12.784
joaquin-seys,jupiler-pro-league,eredivisie_belgio,classic,2026-07-23T17:25:59+00:00,1.99,12.935
joaquin-seys,jupiler-pro-league,eredivisie_belgio,classic,2026-07-24T10:41:07+00:00,2.48,13.654
joaquin-seys,jupiler-pro-league,eredivisie_belgio,classic,2026-07-24T13:10:20+00:00,3.13,13.757
joaquin-seys,jupiler-pro-league,eredivisie_belgio,classic,2026-07-24T14:38:28+00:00,2.93,13.818
joaquin-seys,jupiler-pro-league,eredivisie_belgio,classic,2026-07-24T22:15:04+00:00,2.94,-13.854
joaquin-seys,jupiler-pro-league,eredivisie_belgio,classic,2026-07-26T15:43:57+00:00,2.67,-12.126
joaquin-seys,jupiler-pro-league,eredivisie_belgio,classic,2026-07-26T16:46:42+00:00,2.36,-12.082
joaquin-seys,jupiler-pro-league,eredivisie_belgio,classic,2026-07-27T12:32:58+00:00,2.92,-11.258
joaquin-seys,jupiler-pro-league,eredivisie_belgio,classic,2026-07-27T14:39:23+00:00,2.76,-11.171
joaquin-seys,jupiler-pro-league,eredivisie_belgio,classic,2026-07-28T20:49:16+00:00,3.03,-9.914
joaquin-seys,jupiler-pro-league,eredivisie_belgio,classic,2026-07-28T21:47:38+00:00,2.36,-9.873
joaquin-seys,jupiler-pro-league,eredivisie_belgio,classic,2026-07-28T21:47:58+00:00,2.52,-9.873
joaquin-seys,jupiler-pro-league,eredivisie_belgio,classic,2026-07-29T07:18:55+00:00,2.36,-9.476
joaquin-seys,jupiler-pro-league,eredivisie_belgio,classic,2026-07-29T08:22:50+00:00,2.36,-9.432
brandon-mechele,jupiler-pro-league,eredivisie_belgio,classic,2026-07-22T21:01:24+00:00,2.7,12.084
brandon-mechele,jupiler-pro-league,eredivisie_belgio,classic,2026-07-23T08:54:52+00:00,4.52,12.58
brandon-mechele,jupiler-pro-league,eredivisie_belgio,classic,2026-07-23T08:55:00+00:00,3.35,12.58
brandon-mechele,jupiler-pro-league,eredivisie_belgio,classic,2026-07-23T09:04:40+00:00,3.38,12.587
brandon-mechele,jupiler-pro-league,eredivisie_belgio,classic,2026-07-23T09:04:44+00:00,3.38,12.587
brandon-mechele,jupiler-pro-league,eredivisie_belgio,classic,2026-07-23T16:27:14+00:00,3.33,12.894
brandon-mechele,jupiler-pro-league,eredivisie_belgio,classic,2026-07-23T16:44:43+00:00,3.83,12.906
brandon-mechele,jupiler-pro-league,eredivisie_belgio,classic,2026-07-23T23:00:01+00:00,2.32,13.167
brandon-mechele,jupiler-pro-league,eredivisie_belgio,classic,2026-07-24T10:17:26+00:00,1.16,13.637
brandon-mechele,jupiler-pro-league,eredivisie_belgio,classic,2026-07-24T13:08:57+00:00,3.95,13.756
brandon-mechele,jupiler-pro-league,eredivisie_belgio,classic,2026-07-24T15:18:23+00:00,2.13,13.846
brandon-mechele,jupiler-pro-league,eredivisie_belgio,classic,2026-07-24T17:54:24+00:00,2.12,13.954
brandon-mechele,jupiler-pro-league,eredivisie_belgio,classic,2026-07-24T19:50:41+00:00,3.93,-13.954
brandon-mechele,jupiler-pro-league,eredivisie_belgio,classic,2026-07-25T03:24:21+00:00,3.1,-13.639
brandon-mechele,jupiler-pro-league,eredivisie_belgio,classic,2026-07-25T10:08:26+00:00,2.12,-13.359
brandon-mechele,jupiler-pro-league,eredivisie_belgio,classic,2026-07-25T11:24:16+00:00,2.61,-13.306
brandon-mechele,jupiler-pro-league,eredivisie_belgio,classic,2026-07-25T11:24:21+00:00,2.61,-13.306
brandon-mechele,jupiler-pro-league,eredivisie_belgio,classic,2026-07-25T13:31:04+00:00,4.08,-13.218
brandon-mechele,jupiler-pro-league,eredivisie_belgio,classic,2026-07-25T14:27:48+00:00,3.12,-13.179
brandon-mechele,jupiler-pro-league,eredivisie_belgio,classic,2026-07-26T14:12:26+00:00,2.98,-12.189
brandon-mechele,jupiler-pro-league,eredivisie_belgio,classic,2026-07-27T11:54:44+00:00,2.07,-11.285
brandon-mechele,jupiler-pro-league,eredivisie_belgio,classic,2026-07-27T12:44:38+00:00,2.41,-11.25
brandon-mechele,jupiler-pro-league,eredivisie_belgio,classic,2026-07-27T17:28:47+00:00,2.56,-11.053
brandon-mechele,jupiler-pro-league,eredivisie_belgio,classic,2026-07-27T20:27:37+00:00,2.05,-10.929
brandon-mechele,jupiler-pro-league,eredivisie_belgio,classic,2026-07-28T09:08:12+00:00,2.65,-10.401
brandon-mechele,jupiler-pro-league,eredivisie_belgio,classic,2026-07-28T12:56:25+00:00,2.47,-10.242
brandon-mechele,jupiler-pro-league,eredivisie_belgio,classic,2026-07-28T12:56:34+00:00,2.64,-10.242
brandon-mechele,jupiler-pro-league,eredivisie_belgio,classic,2026-07-28T12:56:48+00:00,2.64,-10.242
brandon-mechele,jupiler-pro-league,eredivisie_belgio,classic,2026-07-28T14:36:37+00:00,2.14,-10.172
brandon-mechele,jupiler-pro-league,eredivisie_belgio,classic,2026-07-28T21:45:55+00:00,2.52,-9.874
brandon-mechele,jupiler-pro-league,eredivisie_belgio,classic,2026-07-28T21:59:40+00:00,2.52,-9.865
brandon-mechele,jupiler-pro-league,eredivisie_belgio,classic,2026-07-29T04:04:29+00:00,2.49,-9.611
brandon-mechele,jupiler-pro-league,eredivisie_belgio,classic,2026-07-29T06:13:21+00:00,2.51,-9.522
brandon-mechele,jupiler-pro-league,eredivisie_belgio,classic,2026-07-29T10:42:45+00:00,1.69,-9.335
brandon-mechele,jupiler-pro-league,eredivisie_belgio,classic,2026-07-29T10:51:25+00:00,2.53,-9.329
brandon-mechele,jupiler-pro-league,eredivisie_belgio,classic,2026-07-29T11:07:08+00:00,3.02,-9.318
brandon-mechele,jupiler-pro-league,eredivisie_belgio,classic,2026-07-29T11:15:34+00:00,2.85,-9.312
brandon-mechele,jupiler-pro-league,eredivisie_belgio,classic,2026-07-29T11:34:27+00:00,3.02,-9.299
brandon-mechele,jupiler-pro-league,eredivisie_belgio,classic,2026-07-29T14:13:35+00:00,2.01,-9.188
brandon-mechele,jupiler-pro-league,eredivisie_belgio,classic,2026-07-29T14:53:16+00:00,2.85,-9.161
kodai-sano,eredivisie,eredivisie_belgio,classic,2026-07-23T12:23:57+00:00,0.84,-11.483
kodai-sano,eredivisie,eredivisie_belgio,classic,2026-07-23T13:30:55+00:00,1.0,-11.437
kodai-sano,eredivisie,eredivisie_belgio,classic,2026-07-23T19:33:46+00:00,1.82,-11.185
kodai-sano,eredivisie,eredivisie_belgio,classic,2026-07-24T15:48:29+00:00,1.96,-10.341
kodai-sano,eredivisie,eredivisie_belgio,classic,2026-07-25T19:50:26+00:00,1.65,-9.173
kodai-sano,eredivisie,eredivisie_belgio,classic,2026-07-26T17:24:14+00:00,1.51,-8.275
kodai-sano,eredivisie,eredivisie_belgio,classic,2026-07-26T20:48:44+00:00,1.68,-8.133
kodai-sano,eredivisie,eredivisie_belgio,classic,2026-07-26T21:34:06+00:00,1.68,-8.101
kodai-sano,eredivisie,eredivisie_belgio,classic,2026-07-27T08:07:49+00:00,1.72,-7.661
kodai-sano,eredivisie,eredivisie_belgio,classic,2026-07-27T08:36:25+00:00,1.72,-7.641
kodai-sano,eredivisie,eredivisie_belgio,classic,2026-07-27T09:08:55+00:00,1.72,-7.619
kodai-sano,eredivisie,eredivisie_belgio,classic,2026-07-27T12:41:26+00:00,1.72,-7.471
kodai-sano,eredivisie,eredivisie_belgio,classic,2026-07-27T17:02:42+00:00,1.87,-7.29
kodai-sano,eredivisie,eredivisie_belgio,classic,2026-07-27T17:10:50+00:00,1.53,-7.284
kodai-sano,eredivisie,eredivisie_belgio,classic,2026-07-28T00:27:14+00:00,1.5,-6.981
kodai-sano,eredivisie,eredivisie_belgio,classic,2026-07-28T08:41:46+00:00,2.15,-6.638
kodai-sano,eredivisie,eredivisie_belgio,classic,2026-07-28T14:34:27+00:00,2.14,-6.393
kodai-sano,eredivisie,eredivisie_belgio,classic,2026-07-28T23:01:56+00:00,1.68,-6.04
kodai-sano,eredivisie,eredivisie_belgio,classic,2026-07-29T08:25:00+00:00,1.85,-5.649
bryan-heynen,jupiler-pro-league,eredivisie_belgio,classic,2026-07-22T20:56:32+00:00,1.52,-17.711
bryan-heynen,jupiler-pro-league,eredivisie_belgio,classic,2026-07-23T05:59:24+00:00,1.51,-17.334
bryan-heynen,jupiler-pro-league,eredivisie_belgio,classic,2026-07-23T18:05:46+00:00,1.49,-16.829
bryan-heynen,jupiler-pro-league,eredivisie_belgio,classic,2026-07-25T03:01:31+00:00,1.47,-15.457
bryan-heynen,jupiler-pro-league,eredivisie_belgio,classic,2026-07-25T19:18:07+00:00,1.48,-14.779
bryan-heynen,jupiler-pro-league,eredivisie_belgio,classic,2026-07-26T13:43:22+00:00,1.49,-14.012
bryan-heynen,jupiler-pro-league,eredivisie_belgio,classic,2026-07-27T12:44:05+00:00,1.38,-13.053
bryan-heynen,jupiler-pro-league,eredivisie_belgio,classic,2026-07-27T19:37:58+00:00,1.53,-12.765
bryan-heynen,jupiler-pro-league,eredivisie_belgio,classic,2026-07-27T21:32:53+00:00,1.03,-12.685
bryan-heynen,jupiler-pro-league,eredivisie_belgio,classic,2026-07-28T13:47:56+00:00,1.16,-12.008
bryan-heynen,jupiler-pro-league,eredivisie_belgio,classic,2026-07-28T14:09:31+00:00,0.99,-11.993
bryan-heynen,jupiler-pro-league,eredivisie_belgio,classic,2026-07-28T14:41:59+00:00,1.15,-11.971
bryan-heynen,jupiler-pro-league,eredivisie_belgio,classic,2026-07-28T14:42:07+00:00,1.15,-11.971
bryan-heynen,jupiler-pro-league,eredivisie_belgio,classic,2026-07-28T14:42:24+00:00,1.32,-11.971
bryan-heynen,jupiler-pro-league,eredivisie_belgio,classic,2026-07-28T14:42:41+00:00,1.32,-11.97
bryan-heynen,jupiler-pro-league,eredivisie_belgio,classic,2026-07-28T17:34:37+00:00,1.52,-11.851
bryan-heynen,jupiler-pro-league,eredivisie_belgio,classic,2026-07-28T19:56:54+00:00,1.17,-11.752
bryan-heynen,jupiler-pro-league,eredivisie_belgio,classic,2026-07-29T03:40:00+00:00,1.51,-11.431
bryan-heynen,jupiler-pro-league,eredivisie_belgio,classic,2026-07-29T06:14:57+00:00,1.51,-11.323
bryan-heynen,jupiler-pro-league,eredivisie_belgio,classic,2026-07-29T13:15:07+00:00,1.67,-11.031
bryan-heynen,jupiler-pro-league,eredivisie_belgio,classic,2026-07-29T13:51:00+00:00,1.34,-11.006
bryan-heynen,jupiler-pro-league,eredivisie_belgio,classic,2026-07-29T14:07:07+00:00,2.01,-10.995
tobe-leysen,jupiler-pro-league,eredivisie_belgio,classic,2026-07-22T19:38:00+00:00,2.88,-17.765
tobe-leysen,jupiler-pro-league,eredivisie_belgio,classic,2026-07-23T08:51:40+00:00,2.85,-17.214
tobe-leysen,jupiler-pro-league,eredivisie_belgio,classic,2026-07-23T08:51:47+00:00,2.85,-17.214
tobe-leysen,jupiler-pro-league,eredivisie_belgio,classic,2026-07-23T09:10:11+00:00,3.04,-17.201
tobe-leysen,jupiler-pro-league,eredivisie_belgio,classic,2026-07-23T11:49:36+00:00,3.04,-17.091
tobe-leysen,jupiler-pro-league,eredivisie_belgio,classic,2026-07-23T15:11:49+00:00,2.83,-16.95
tobe-leysen,jupiler-pro-league,eredivisie_belgio,classic,2026-07-24T13:32:52+00:00,2.3,-16.019
tobe-leysen,jupiler-pro-league,eredivisie_belgio,classic,2026-07-24T18:32:36+00:00,2.46,-15.811
tobe-leysen,jupiler-pro-league,eredivisie_belgio,classic,2026-07-25T09:50:18+00:00,2.44,-15.173
tobe-leysen,jupiler-pro-league,eredivisie_belgio,classic,2026-07-26T07:37:05+00:00,2.15,-14.266
tobe-leysen,jupiler-pro-league,eredivisie_belgio,classic,2026-07-26T16:12:45+00:00,2.52,-13.908
tobe-leysen,jupiler-pro-league,eredivisie_belgio,classic,2026-07-26T16:59:57+00:00,2.36,-13.875
tobe-leysen,jupiler-pro-league,eredivisie_belgio,classic,2026-07-27T06:12:46+00:00,2.41,-13.324
tobe-leysen,jupiler-pro-league,eredivisie_belgio,classic,2026-07-27T09:25:47+00:00,2.41,-13.19
tobe-leysen,jupiler-pro-league,eredivisie_belgio,classic,2026-07-27T09:26:15+00:00,2.41,-13.19
tobe-leysen,jupiler-pro-league,eredivisie_belgio,classic,2026-07-27T09:27:35+00:00,2.76,-13.189
tobe-leysen,jupiler-pro-league,eredivisie_belgio,classic,2026-07-27T09:45:44+00:00,2.07,-13.177
tobe-leysen,jupiler-pro-league,eredivisie_belgio,classic,2026-07-27T13:16:31+00:00,2.23,-13.03
tobe-leysen,jupiler-pro-league,eredivisie_belgio,classic,2026-07-28T08:14:54+00:00,2.32,-12.24
tobe-leysen,jupiler-pro-league,eredivisie_belgio,classic,2026-07-28T17:18:12+00:00,2.2,-11.862
tobe-leysen,jupiler-pro-league,eredivisie_belgio,classic,2026-07-28T20:31:38+00:00,2.7,-11.728
tobe-leysen,jupiler-pro-league,eredivisie_belgio,classic,2026-07-29T06:35:42+00:00,2.51,-11.309
tobe-leysen,jupiler-pro-league,eredivisie_belgio,classic,2026-07-29T10:51:58+00:00,2.02,-11.131
tobe-leysen,jupiler-pro-league,eredivisie_belgio,classic,2026-07-29T13:33:56+00:00,2.01,-11.018
kjell-scherpen,jupiler-pro-league,eredivisie_belgio,classic,2026-07-23T13:21:52+00:00,4.85,-11.443
kjell-scherpen,jupiler-pro-league,eredivisie_belgio,classic,2026-07-23T13:47:37+00:00,5.02,-11.425
kjell-scherpen,jupiler-pro-league,eredivisie_belgio,classic,2026-07-23T18:15:35+00:00,4.13,-11.239
kjell-scherpen,jupiler-pro-league,eredivisie_belgio,classic,2026-07-23T18:26:23+00:00,5.28,-11.232
kjell-scherpen,jupiler-pro-league,eredivisie_belgio,classic,2026-07-24T08:12:36+00:00,5.49,-10.658
kjell-scherpen,jupiler-pro-league,eredivisie_belgio,classic,2026-07-24T14:50:25+00:00,5.05,-10.382
kjell-scherpen,jupiler-pro-league,eredivisie_belgio,classic,2026-07-25T06:09:08+00:00,4.41,-9.744
kjell-scherpen,jupiler-pro-league,eredivisie_belgio,classic,2026-07-25T08:55:55+00:00,4.4,-9.628
kjell-scherpen,jupiler-pro-league,eredivisie_belgio,classic,2026-07-25T10:31:39+00:00,4.73,-9.561
kjell-scherpen,jupiler-pro-league,eredivisie_belgio,classic,2026-07-26T08:32:04+00:00,4.79,-8.644
kjell-scherpen,jupiler-pro-league,eredivisie_belgio,classic,2026-07-26T09:40:32+00:00,5.12,-8.597
kjell-scherpen,jupiler-pro-league,eredivisie_belgio,classic,2026-07-26T10:52:41+00:00,4.14,-8.547
kjell-scherpen,jupiler-pro-league,eredivisie_belgio,classic,2026-07-26T21:04:52+00:00,4.7,-8.122
kjell-scherpen,jupiler-pro-league,eredivisie_belgio,classic,2026-07-26T21:50:32+00:00,5.03,-8.09
kjell-scherpen,jupiler-pro-league,eredivisie_belgio,classic,2026-07-26T23:44:13+00:00,5.13,-8.011
kjell-scherpen,jupiler-pro-league,eredivisie_belgio,classic,2026-07-27T09:53:55+00:00,4.65,-7.588
kjell-scherpen,jupiler-pro-league,eredivisie_belgio,classic,2026-07-27T10:49:26+00:00,4.31,-7.549
kjell-scherpen,jupiler-pro-league,eredivisie_belgio,classic,2026-07-27T11:21:01+00:00,3.28,-7.527
kjell-scherpen,jupiler-pro-league,eredivisie_belgio,classic,2026-07-27T11:35:56+00:00,4.66,-7.517
kjell-scherpen,jupiler-pro-league,eredivisie_belgio,classic,2026-07-27T11:41:58+00:00,4.66,-7.513
kjell-scherpen,jupiler-pro-league,eredivisie_belgio,classic,2026-07-27T12:02:12+00:00,4.64,-7.498
kjell-scherpen,jupiler-pro-league,eredivisie_belgio,classic,2026-07-27T15:38:28+00:00,3.9,-7.348
kjell-scherpen,jupiler-pro-league,eredivisie_belgio,classic,2026-07-27T16:50:56+00:00,2.88,-7.298
kjell-scherpen,jupiler-pro-league,eredivisie_belgio,classic,2026-07-27T18:31:48+00:00,4.27,-7.228
kjell-scherpen,jupiler-pro-league,eredivisie_belgio,classic,2026-07-27T20:51:25+00:00,3.59,-7.131
kjell-scherpen,jupiler-pro-league,eredivisie_belgio,classic,2026-07-28T05:13:09+00:00,4.46,-6.783
kjell-scherpen,jupiler-pro-league,eredivisie_belgio,classic,2026-07-28T10:25:40+00:00,3.63,-6.566
kjell-scherpen,jupiler-pro-league,eredivisie_belgio,classic,2026-07-28T11:36:08+00:00,3.97,-6.517
kjell-scherpen,jupiler-pro-league,eredivisie_belgio,classic,2026-07-28T11:36:20+00:00,4.13,-6.516
kjell-scherpen,jupiler-pro-league,eredivisie_belgio,classic,2026-07-28T12:07:43+00:00,3.79,-6.495
kjell-scherpen,jupiler-pro-league,eredivisie_belgio,classic,2026-07-28T14:18:56+00:00,3.62,-6.404
kjell-scherpen,jupiler-pro-league,eredivisie_belgio,classic,2026-07-28T14:43:55+00:00,3.79,-6.386
kjell-scherpen,jupiler-pro-league,eredivisie_belgio,classic,2026-07-28T15:09:13+00:00,3.81,-6.369
kjell-scherpen,jupiler-pro-league,eredivisie_belgio,classic,2026-07-28T15:35:29+00:00,4.14,-6.35
kjell-scherpen,jupiler-pro-league,eredivisie_belgio,classic,2026-07-28T17:13:54+00:00,4.05,-6.282
kjell-scherpen,jupiler-pro-league,eredivisie_belgio,classic,2026-07-28T17:59:08+00:00,3.55,-6.251
kjell-scherpen,jupiler-pro-league,eredivisie_belgio,classic,2026-07-28T18:25:19+00:00,3.67,-6.232
kjell-scherpen,jupiler-pro-league,eredivisie_belgio,classic,2026-07-28T18:57:28+00:00,3.5,-6.21
kjell-scherpen,jupiler-pro-league,eredivisie_belgio,classic,2026-07-28T19:20:48+00:00,4.02,-6.194
kjell-scherpen,jupiler-pro-league,eredivisie_belgio,classic,2026-07-28T20:25:46+00:00,4.05,-6.149
kjell-scherpen,jupiler-pro-league,eredivisie_belgio,classic,2026-07-28T21:56:54+00:00,4.21,-6.085
kjell-scherpen,jupiler-pro-league,eredivisie_belgio,classic,2026-07-29T09:56:42+00:00,3.52,-5.586
kjell-scherpen,jupiler-pro-league,eredivisie_belgio,classic,2026-07-29T10:56:19+00:00,4.21,-5.544
kjell-scherpen,jupiler-pro-league,eredivisie_belgio,classic,2026-07-29T13:50:43+00:00,2.68,-5.423
kjell-scherpen,jupiler-pro-league,eredivisie_belgio,classic,2026-07-29T15:19:28+00:00,3.66,-5.361
kjell-scherpen,jupiler-pro-league,eredivisie_belgio,classic,2026-07-29T16:50:16+00:00,3.49,-5.298
kjell-scherpen,jupiler-pro-league,eredivisie_belgio,classic,2026-07-29T17:59:33+00:00,3.99,-5.25
kjell-scherpen,jupiler-pro-league,eredivisie_belgio,classic,2026-07-29T18:04:22+00:00,3.99,-5.247
rome-jayden-owusu-oduro,eredivisie,eredivisie_belgio,classic,2026-07-22T19:58:54+00:00,7.1,-16.959
rome-jayden-owusu-oduro,eredivisie,eredivisie_belgio,classic,2026-07-22T21:02:37+00:00,6.92,-16.915
rome-jayden-owusu-oduro,eredivisie,eredivisie_belgio,classic,2026-07-23T09:29:04+00:00,6.92,-16.396
rome-jayden-owusu-oduro,eredivisie,eredivisie_belgio,classic,2026-07-23T21:02:27+00:00,6.63,-15.915
rome-jayden-owusu-oduro,eredivisie,eredivisie_belgio,classic,2026-07-24T07:32:08+00:00,6.13,-15.478
rome-jayden-owusu-oduro,eredivisie,eredivisie_belgio,classic,2026-07-24T13:35:44+00:00,6.75,-15.225
rome-jayden-owusu-oduro,eredivisie,eredivisie_belgio,classic,2026-07-24T20:27:14+00:00,7.04,-14.939
rome-jayden-owusu-oduro,eredivisie,eredivisie_belgio,classic,2026-07-25T14:48:05+00:00,7.21,-14.175
rome-jayden-owusu-oduro,eredivisie,eredivisie_belgio,classic,2026-07-26T15:05:31+00:00,7.17,-13.163
rome-jayden-owusu-oduro,eredivisie,eredivisie_belgio,classic,2026-07-27T08:06:31+00:00,6.54,-12.454
rome-jayden-owusu-oduro,eredivisie,eredivisie_belgio,classic,2026-07-27T08:13:21+00:00,6.54,-12.449
rome-jayden-owusu-oduro,eredivisie,eredivisie_belgio,classic,2026-07-27T10:32:23+00:00,7.41,-12.353
rome-jayden-owusu-oduro,eredivisie,eredivisie_belgio,classic,2026-07-27T13:59:52+00:00,7.04,-12.208
rome-jayden-owusu-oduro,eredivisie,eredivisie_belgio,classic,2026-07-27T15:33:19+00:00,6.96,-12.144
rome-jayden-owusu-oduro,eredivisie,eredivisie_belgio,classic,2026-07-27T16:59:02+00:00,6.94,-12.084
rome-jayden-owusu-oduro,eredivisie,eredivisie_belgio,classic,2026-07-28T05:37:41+00:00,7.1,-11.557
rome-jayden-owusu-oduro,eredivisie,eredivisie_belgio,classic,2026-07-28T08:12:06+00:00,7.45,-11.45
rome-jayden-owusu-oduro,eredivisie,eredivisie_belgio,classic,2026-07-28T15:13:41+00:00,6.13,-11.157
rome-jayden-owusu-oduro,eredivisie,eredivisie_belgio,classic,2026-07-28T17:43:17+00:00,7.43,-11.053
rome-jayden-owusu-oduro,eredivisie,eredivisie_belgio,classic,2026-07-29T00:39:53+00:00,5.73,-10.764
rome-jayden-owusu-oduro,eredivisie,eredivisie_belgio,classic,2026-07-29T00:40:06+00:00,6.07,-10.764
rome-jayden-owusu-oduro,eredivisie,eredivisie_belgio,classic,2026-07-29T00:41:44+00:00,6.07,-10.763
rome-jayden-owusu-oduro,eredivisie,eredivisie_belgio,classic,2026-07-29T07:42:02+00:00,6.73,-10.471
rome-jayden-owusu-oduro,eredivisie,eredivisie_belgio,classic,2026-07-29T11:08:13+00:00,6.37,-10.328
rome-jayden-owusu-oduro,eredivisie,eredivisie_belgio,classic,2026-07-29T11:15:20+00:00,6.37,-10.323
rome-jayden-owusu-oduro,eredivisie,eredivisie_belgio,classic,2026-07-29T12:46:18+00:00,6.72,-10.26
rome-jayden-owusu-oduro,eredivisie,eredivisie_belgio,classic,2026-07-29T14:10:37+00:00,5.86,-10.201
rome-jayden-owusu-oduro,eredivisie,eredivisie_belgio,classic,2026-07-29T18:20:53+00:00,6.32,-10.027
wouter-goes,eredivisie,eredivisie_belgio,classic,2026-07-24T16:58:20+00:00,1.14,-15.084
wouter-goes,eredivisie,eredivisie_belgio,classic,2026-07-24T17:29:43+00:00,2.12,-15.063
wouter-goes,eredivisie,eredivisie_belgio,classic,2026-07-25T15:08:29+00:00,1.15,-14.161
wouter-goes,eredivisie,eredivisie_belgio,classic,2026-07-25T16:53:35+00:00,1.8,-14.088
wouter-goes,eredivisie,eredivisie_belgio,classic,2026-07-25T17:04:03+00:00,1.97,-14.081
wouter-goes,eredivisie,eredivisie_belgio,classic,2026-07-26T17:51:44+00:00,2.02,-13.047
wouter-goes,eredivisie,eredivisie_belgio,classic,2026-07-26T20:43:43+00:00,1.01,-12.928
wouter-goes,eredivisie,eredivisie_belgio,classic,2026-07-27T11:34:05+00:00,1.55,-12.31
wouter-goes,eredivisie,eredivisie_belgio,classic,2026-07-27T12:48:17+00:00,1.55,-12.258
wouter-goes,eredivisie,eredivisie_belgio,classic,2026-07-27T18:20:24+00:00,1.71,-12.027
wouter-goes,eredivisie,eredivisie_belgio,classic,2026-07-28T16:40:39+00:00,1.68,-11.097
wouter-goes,eredivisie,eredivisie_belgio,classic,2026-07-29T03:58:19+00:00,1.51,-10.626
wouter-goes,eredivisie,eredivisie_belgio,classic,2026-07-29T16:11:15+00:00,1.49,-10.117
wouter-goes,eredivisie,eredivisie_belgio,classic,2026-07-29T18:19:14+00:00,1.5,-10.028
davy-klaassen,eredivisie,eredivisie_belgio,classic,2026-07-26T11:21:36+00:00,2.15,2.723
davy-klaassen,eredivisie,eredivisie_belgio,classic,2026-07-26T14:43:49+00:00,1.82,2.864
davy-klaassen,eredivisie,eredivisie_belgio,classic,2026-07-26T16:05:13+00:00,2.19,2.92
davy-klaassen,eredivisie,eredivisie_belgio,classic,2026-07-26T16:46:36+00:00,2.19,2.949
davy-klaassen,eredivisie,eredivisie_belgio,classic,2026-07-26T17:52:56+00:00,2.19,2.995
davy-klaassen,eredivisie,eredivisie_belgio,classic,2026-07-26T22:18:42+00:00,1.69,3.18
davy-klaassen,eredivisie,eredivisie_belgio,classic,2026-07-27T01:01:56+00:00,1.7,3.293
davy-klaassen,eredivisie,eredivisie_belgio,classic,2026-07-27T06:35:29+00:00,3.1,-3.475
davy-klaassen,eredivisie,eredivisie_belgio,classic,2026-07-27T10:00:43+00:00,2.07,-3.333
davy-klaassen,eredivisie,eredivisie_belgio,classic,2026-07-27T12:26:17+00:00,1.89,-3.232
davy-klaassen,eredivisie,eredivisie_belgio,classic,2026-07-27T14:32:53+00:00,1.72,-3.144
davy-klaassen,eredivisie,eredivisie_belgio,classic,2026-07-27T14:39:56+00:00,2.07,-3.139
davy-klaassen,eredivisie,eredivisie_belgio,classic,2026-07-27T17:05:03+00:00,2.04,-3.038
davy-klaassen,eredivisie,eredivisie_belgio,classic,2026-07-27T18:03:11+00:00,2.05,-2.998
davy-klaassen,eredivisie,eredivisie_belgio,classic,2026-07-27T20:04:15+00:00,1.71,-2.914
davy-klaassen,eredivisie,eredivisie_belgio,classic,2026-07-27T20:58:26+00:00,1.88,-2.876
davy-klaassen,eredivisie,eredivisie_belgio,classic,2026-07-28T00:16:56+00:00,1.83,-2.738
davy-klaassen,eredivisie,eredivisie_belgio,classic,2026-07-28T03:48:42+00:00,1.65,-2.591
davy-klaassen,eredivisie,eredivisie_belgio,classic,2026-07-28T05:28:26+00:00,1.65,-2.522
davy-klaassen,eredivisie,eredivisie_belgio,classic,2026-07-28T05:31:12+00:00,1.98,-2.52
davy-klaassen,eredivisie,eredivisie_belgio,classic,2026-07-28T06:42:53+00:00,2.15,-2.47
davy-klaassen,eredivisie,eredivisie_belgio,classic,2026-07-28T09:07:04+00:00,2.15,-2.37
davy-klaassen,eredivisie,eredivisie_belgio,classic,2026-07-28T09:29:50+00:00,2.15,-2.354
davy-klaassen,eredivisie,eredivisie_belgio,classic,2026-07-28T10:20:37+00:00,2.15,-2.319
davy-klaassen,eredivisie,eredivisie_belgio,classic,2026-07-28T11:20:33+00:00,1.98,-2.277
davy-klaassen,eredivisie,eredivisie_belgio,classic,2026-07-28T12:03:28+00:00,1.81,-2.248
davy-klaassen,eredivisie,eredivisie_belgio,classic,2026-07-28T12:25:42+00:00,2.14,-2.232
davy-klaassen,eredivisie,eredivisie_belgio,classic,2026-07-28T12:36:12+00:00,1.98,-2.225
davy-klaassen,eredivisie,eredivisie_belgio,classic,2026-07-28T12:39:17+00:00,3.63,-2.223
davy-klaassen,eredivisie,eredivisie_belgio,classic,2026-07-28T13:38:06+00:00,2.16,-2.182
davy-klaassen,eredivisie,eredivisie_belgio,classic,2026-07-28T13:49:45+00:00,2.33,-2.174
davy-klaassen,eredivisie,eredivisie_belgio,classic,2026-07-28T17:19:33+00:00,2.03,-2.028
davy-klaassen,eredivisie,eredivisie_belgio,classic,2026-07-29T12:16:27+00:00,3.53,-1.239
davy-klaassen,eredivisie,eredivisie_belgio,classic,2026-07-29T13:49:45+00:00,1.84,-1.174
davy-klaassen,eredivisie,eredivisie_belgio,classic,2026-07-29T17:30:18+00:00,1.83,-1.021
davy-klaassen,eredivisie,eredivisie_belgio,classic,2026-07-23T16:59:57+00:00,1.0,-0.042
davy-klaassen,eredivisie,eredivisie_belgio,classic,2026-07-23T18:32:36+00:00,1.82,0.023
davy-klaassen,eredivisie,eredivisie_belgio,classic,2026-07-23T21:48:33+00:00,0.99,0.159
davy-klaassen,eredivisie,eredivisie_belgio,classic,2026-07-24T01:34:19+00:00,0.99,0.315
davy-klaassen,eredivisie,eredivisie_belgio,classic,2026-07-24T10:03:26+00:00,2.15,0.669
davy-klaassen,eredivisie,eredivisie_belgio,classic,2026-07-24T11:10:56+00:00,0.99,0.716
davy-klaassen,eredivisie,eredivisie_belgio,classic,2026-07-24T12:34:06+00:00,1.16,0.774
davy-klaassen,eredivisie,eredivisie_belgio,classic,2026-07-25T08:46:15+00:00,1.14,1.615
davy-klaassen,eredivisie,eredivisie_belgio,classic,2026-07-25T09:46:17+00:00,1.79,1.657
davy-klaassen,eredivisie,eredivisie_belgio,classic,2026-07-26T09:02:15+00:00,1.65,2.627
brent-gabriel,jupiler-pro-league,eredivisie_belgio,classic,2026-07-23T11:33:37+00:00,2.03,-17.102
brent-gabriel,jupiler-pro-league,eredivisie_belgio,classic,2026-07-24T07:19:20+00:00,2.15,-16.278
brent-gabriel,jupiler-pro-league,eredivisie_belgio,classic,2026-07-24T16:34:37+00:00,2.12,-15.893
brent-gabriel,jupiler-pro-league,eredivisie_belgio,classic,2026-07-24T23:21:37+00:00,1.96,-15.61
brent-gabriel,jupiler-pro-league,eredivisie_belgio,classic,2026-07-25T17:59:41+00:00,1.64,-14.834
brent-gabriel,jupiler-pro-league,eredivisie_belgio,classic,2026-07-25T20:54:44+00:00,1.81,-14.712
brent-gabriel,jupiler-pro-league,eredivisie_belgio,classic,2026-07-26T07:17:35+00:00,1.82,-14.279
brent-gabriel,jupiler-pro-league,eredivisie_belgio,classic,2026-07-26T09:23:05+00:00,1.65,-14.192
brent-gabriel,jupiler-pro-league,eredivisie_belgio,classic,2026-07-26T16:34:52+00:00,2.02,-13.892
brent-gabriel,jupiler-pro-league,eredivisie_belgio,classic,2026-07-28T18:50:32+00:00,2.0,-11.798
brent-gabriel,jupiler-pro-league,eredivisie_belgio,classic,2026-07-28T19:24:53+00:00,2.01,-11.774
brent-gabriel,jupiler-pro-league,eredivisie_belgio,classic,2026-07-28T22:11:27+00:00,1.86,-11.659
brent-gabriel,jupiler-pro-league,eredivisie_belgio,classic,2026-07-28T22:26:47+00:00,2.02,-11.648
brent-gabriel,jupiler-pro-league,eredivisie_belgio,classic,2026-07-29T05:28:02+00:00,2.0,-11.356
brent-gabriel,jupiler-pro-league,eredivisie_belgio,classic,2026-07-29T06:03:36+00:00,2.01,-11.331
myron-van-brederode,jupiler-pro-league,eredivisie_belgio,classic,2026-07-22T20:04:02+00:00,1.35,-17.643
myron-van-brederode,jupiler-pro-league,eredivisie_belgio,classic,2026-07-22T20:54:28+00:00,1.01,-17.608
myron-van-brederode,jupiler-pro-league,eredivisie_belgio,classic,2026-07-23T07:49:55+00:00,1.01,-17.153
myron-van-brederode,jupiler-pro-league,eredivisie_belgio,classic,2026-07-23T16:37:31+00:00,0.83,-16.786
myron-van-brederode,jupiler-pro-league,eredivisie_belgio,classic,2026-07-23T17:42:44+00:00,1.33,-16.741
myron-van-brederode,jupiler-pro-league,eredivisie_belgio,classic,2026-07-24T01:03:48+00:00,1.31,-16.435
myron-van-brederode,jupiler-pro-league,eredivisie_belgio,classic,2026-07-24T08:51:01+00:00,1.33,-16.11
myron-van-brederode,jupiler-pro-league,eredivisie_belgio,classic,2026-07-24T18:23:46+00:00,1.15,-15.713
myron-van-brederode,jupiler-pro-league,eredivisie_belgio,classic,2026-07-25T20:43:13+00:00,1.65,-14.616
myron-van-brederode,jupiler-pro-league,eredivisie_belgio,classic,2026-07-26T22:43:37+00:00,1.35,-13.532
myron-van-brederode,jupiler-pro-league,eredivisie_belgio,classic,2026-07-27T17:30:25+00:00,1.87,-12.75
myron-van-brederode,jupiler-pro-league,eredivisie_belgio,classic,2026-07-28T01:11:28+00:00,1.49,-12.43
myron-van-brederode,jupiler-pro-league,eredivisie_belgio,classic,2026-07-28T11:42:24+00:00,1.65,-11.991
myron-van-brederode,jupiler-pro-league,eredivisie_belgio,classic,2026-07-28T12:25:34+00:00,1.65,-11.961
myron-van-brederode,jupiler-pro-league,eredivisie_belgio,classic,2026-07-29T01:06:22+00:00,1.51,-11.433
myron-van-brederode,jupiler-pro-league,eredivisie_belgio,classic,2026-07-29T02:52:28+00:00,1.5,-11.359
myron-van-brederode,jupiler-pro-league,eredivisie_belgio,classic,2026-07-29T02:53:15+00:00,1.5,-11.359
myron-van-brederode,jupiler-pro-league,eredivisie_belgio,classic,2026-07-29T06:28:23+00:00,1.51,-11.209
myron-van-brederode,jupiler-pro-league,eredivisie_belgio,classic,2026-07-29T13:32:39+00:00,1.51,-10.915
myron-van-brederode,jupiler-pro-league,eredivisie_belgio,classic,2026-07-29T16:12:07+00:00,1.33,-10.804
ignacio-ferri-julia,eredivisie,eredivisie_belgio,classic,2026-07-23T09:37:50+00:00,1.86,-17.026
ignacio-ferri-julia,eredivisie,eredivisie_belgio,classic,2026-07-23T14:33:37+00:00,2.0,-16.82
ignacio-ferri-julia,eredivisie,eredivisie_belgio,classic,2026-07-23T15:32:19+00:00,0.5,-16.78
ignacio-ferri-julia,eredivisie,eredivisie_belgio,classic,2026-07-23T15:55:24+00:00,1.5,-16.764
ignacio-ferri-julia,eredivisie,eredivisie_belgio,classic,2026-07-24T14:47:07+00:00,0.82,-15.811
ignacio-ferri-julia,eredivisie,eredivisie_belgio,classic,2026-07-24T17:35:21+00:00,1.14,-15.694
ignacio-ferri-julia,eredivisie,eredivisie_belgio,classic,2026-07-25T07:22:01+00:00,1.96,-15.12
ignacio-ferri-julia,eredivisie,eredivisie_belgio,classic,2026-07-25T20:20:11+00:00,1.98,-14.58
ignacio-ferri-julia,eredivisie,eredivisie_belgio,classic,2026-07-26T00:50:35+00:00,1.32,-14.392
ignacio-ferri-julia,eredivisie,eredivisie_belgio,classic,2026-07-26T21:10:29+00:00,1.85,-13.545
ignacio-ferri-julia,eredivisie,eredivisie_belgio,classic,2026-07-27T13:15:47+00:00,1.72,-12.874
ignacio-ferri-julia,eredivisie,eredivisie_belgio,classic,2026-07-27T15:15:37+00:00,1.87,-12.791
ignacio-ferri-julia,eredivisie,eredivisie_belgio,classic,2026-07-27T15:16:39+00:00,1.7,-12.791
ignacio-ferri-julia,eredivisie,eredivisie_belgio,classic,2026-07-27T17:17:40+00:00,2.04,-12.706
ignacio-ferri-julia,eredivisie,eredivisie_belgio,classic,2026-07-27T17:28:11+00:00,2.04,-12.699
ignacio-ferri-julia,eredivisie,eredivisie_belgio,classic,2026-07-27T20:03:17+00:00,2.57,-12.591
ignacio-ferri-julia,eredivisie,eredivisie_belgio,classic,2026-07-29T11:03:29+00:00,1.17,-10.966
tsuyoshi-watanabe,eredivisie,eredivisie_belgio,classic,2026-07-23T10:03:10+00:00,2.19,-17.008
tsuyoshi-watanabe,eredivisie,eredivisie_belgio,classic,2026-07-23T12:36:24+00:00,1.01,-16.902
tsuyoshi-watanabe,eredivisie,eredivisie_belgio,classic,2026-07-23T15:33:23+00:00,1.5,-16.779
tsuyoshi-watanabe,eredivisie,eredivisie_belgio,classic,2026-07-23T21:20:39+00:00,1.66,-16.538
tsuyoshi-watanabe,eredivisie,eredivisie_belgio,classic,2026-07-24T15:56:23+00:00,1.64,-15.763
tsuyoshi-watanabe,eredivisie,eredivisie_belgio,classic,2026-07-24T15:56:32+00:00,1.64,-15.763
tsuyoshi-watanabe,eredivisie,eredivisie_belgio,classic,2026-07-24T18:34:41+00:00,1.8,-15.653
tsuyoshi-watanabe,eredivisie,eredivisie_belgio,classic,2026-07-26T20:12:15+00:00,1.85,-13.585
tsuyoshi-watanabe,eredivisie,eredivisie_belgio,classic,2026-07-27T06:13:46+00:00,1.03,-13.168
tsuyoshi-watanabe,eredivisie,eredivisie_belgio,classic,2026-07-27T12:00:42+00:00,1.55,-12.927
tsuyoshi-watanabe,eredivisie,eredivisie_belgio,classic,2026-07-27T16:19:11+00:00,1.52,-12.747
tsuyoshi-watanabe,eredivisie,eredivisie_belgio,classic,2026-07-27T16:43:45+00:00,1.35,-12.73
tsuyoshi-watanabe,eredivisie,eredivisie_belgio,classic,2026-07-27T17:11:28+00:00,1.02,-12.711
tsuyoshi-watanabe,eredivisie,eredivisie_belgio,classic,2026-07-27T17:24:06+00:00,1.87,-12.702
tsuyoshi-watanabe,eredivisie,eredivisie_belgio,classic,2026-07-27T21:07:28+00:00,1.2,-12.547
joey-veerman,eredivisie,eredivisie_belgio,classic,2026-07-27T09:12:20+00:00,10.85,-12.366
joey-veerman,eredivisie,eredivisie_belgio,classic,2026-07-27T10:17:24+00:00,12.06,-12.321
joey-veerman,eredivisie,eredivisie_belgio,classic,2026-07-27T12:53:50+00:00,10.83,-12.213
joey-veerman,eredivisie,eredivisie_belgio,classic,2026-07-27T12:53:55+00:00,10.83,-12.213
joey-veerman,eredivisie,eredivisie_belgio,classic,2026-07-27T12:54:08+00:00,10.83,-12.212
joey-veerman,eredivisie,eredivisie_belgio,classic,2026-07-27T13:01:41+00:00,12.02,-12.207
joey-veerman,eredivisie,eredivisie_belgio,classic,2026-07-27T13:31:08+00:00,12.02,-12.187
joey-veerman,eredivisie,eredivisie_belgio,classic,2026-07-27T14:05:20+00:00,11.88,-12.163
joey-veerman,eredivisie,eredivisie_belgio,classic,2026-07-27T15:00:09+00:00,11.88,-12.125
joey-veerman,eredivisie,eredivisie_belgio,classic,2026-07-27T15:28:00+00:00,12.9,-12.106
joey-veerman,eredivisie,eredivisie_belgio,classic,2026-07-27T15:35:11+00:00,14.93,-12.101
joey-veerman,eredivisie,eredivisie_belgio,classic,2026-07-27T16:04:53+00:00,13.04,-12.08
joey-veerman,eredivisie,eredivisie_belgio,classic,2026-07-27T16:43:50+00:00,13.04,-12.053
joey-veerman,eredivisie,eredivisie_belgio,classic,2026-07-27T17:12:02+00:00,13.63,-12.033
joey-veerman,eredivisie,eredivisie_belgio,classic,2026-07-27T18:31:58+00:00,14.17,-11.978
joey-veerman,eredivisie,eredivisie_belgio,classic,2026-07-27T21:46:37+00:00,13.69,-11.843
joey-veerman,eredivisie,eredivisie_belgio,classic,2026-07-28T01:08:06+00:00,14.19,-11.703
joey-veerman,eredivisie,eredivisie_belgio,classic,2026-07-28T04:08:26+00:00,17.18,-11.577
joey-veerman,eredivisie,eredivisie_belgio,classic,2026-07-28T04:13:44+00:00,14.37,-11.574
joey-veerman,eredivisie,eredivisie_belgio,classic,2026-07-28T04:19:55+00:00,10.74,-11.57
joey-veerman,eredivisie,eredivisie_belgio,classic,2026-07-28T04:21:18+00:00,16.36,-11.569
joey-veerman,eredivisie,eredivisie_belgio,classic,2026-07-28T04:21:37+00:00,15.04,-11.568
joey-veerman,eredivisie,eredivisie_belgio,classic,2026-07-28T09:57:34+00:00,14.4,-11.335
joey-veerman,eredivisie,eredivisie_belgio,classic,2026-07-28T11:25:34+00:00,15.53,-11.274
joey-veerman,eredivisie,eredivisie_belgio,classic,2026-07-28T11:37:13+00:00,14.54,-11.266
joey-veerman,eredivisie,eredivisie_belgio,classic,2026-07-28T11:42:21+00:00,12.56,-11.262
joey-veerman,eredivisie,eredivisie_belgio,classic,2026-07-28T12:25:06+00:00,14.35,-11.233
joey-veerman,eredivisie,eredivisie_belgio,classic,2026-07-28T15:26:21+00:00,14.25,-11.107
joey-veerman,eredivisie,eredivisie_belgio,classic,2026-07-28T19:52:00+00:00,12.41,-10.922
joey-veerman,eredivisie,eredivisie_belgio,classic,2026-07-29T08:16:09+00:00,15.17,-10.405
joey-veerman,eredivisie,eredivisie_belgio,classic,2026-07-29T11:45:26+00:00,16.94,-10.26
joey-veerman,eredivisie,eredivisie_belgio,classic,2026-07-29T12:23:56+00:00,14.29,-10.233
joey-veerman,eredivisie,eredivisie_belgio,classic,2026-07-29T14:14:34+00:00,10.21,-10.157
joey-veerman,eredivisie,eredivisie_belgio,classic,2026-07-29T18:03:42+00:00,13.63,-9.997
joey-veerman,eredivisie,eredivisie_belgio,classic,2026-07-29T18:05:07+00:00,14.96,-9.996
joey-veerman,eredivisie,eredivisie_belgio,classic,2026-07-22T19:38:36+00:00,10.99,-16.932
joey-veerman,eredivisie,eredivisie_belgio,classic,2026-07-23T12:46:42+00:00,12.33,-16.218
joey-veerman,eredivisie,eredivisie_belgio,classic,2026-07-23T17:52:15+00:00,13.59,-16.005
joey-veerman,eredivisie,eredivisie_belgio,classic,2026-07-23T19:14:37+00:00,11.07,-15.948
joey-veerman,eredivisie,eredivisie_belgio,classic,2026-07-23T19:34:01+00:00,12.56,-15.935
joey-veerman,eredivisie,eredivisie_belgio,classic,2026-07-23T22:29:42+00:00,16.04,-15.813
joey-veerman,eredivisie,eredivisie_belgio,classic,2026-07-24T08:25:55+00:00,12.64,-15.399
joey-veerman,eredivisie,eredivisie_belgio,classic,2026-07-24T19:38:13+00:00,12.11,-14.932
joey-veerman,eredivisie,eredivisie_belgio,classic,2026-07-25T06:34:05+00:00,12.08,-14.476
joey-veerman,eredivisie,eredivisie_belgio,classic,2026-07-25T10:15:33+00:00,11.09,-14.323
joey-veerman,eredivisie,eredivisie_belgio,classic,2026-07-25T11:14:23+00:00,14.85,-14.282
joey-veerman,eredivisie,eredivisie_belgio,classic,2026-07-25T15:52:04+00:00,11.49,-14.089
joey-veerman,eredivisie,eredivisie_belgio,classic,2026-07-25T18:16:34+00:00,11.51,-13.988
joey-veerman,eredivisie,eredivisie_belgio,classic,2026-07-25T22:38:09+00:00,14.14,-13.807
joey-veerman,eredivisie,eredivisie_belgio,classic,2026-07-26T07:09:15+00:00,11.09,-13.452
joey-veerman,eredivisie,eredivisie_belgio,classic,2026-07-26T09:37:10+00:00,10.08,-13.349
joey-veerman,eredivisie,eredivisie_belgio,classic,2026-07-26T13:15:58+00:00,10.11,-13.197
joey-veerman,eredivisie,eredivisie_belgio,classic,2026-07-26T15:36:57+00:00,9.67,-13.099
joey-veerman,eredivisie,eredivisie_belgio,classic,2026-07-26T16:21:29+00:00,11.1,-13.068
joey-veerman,eredivisie,eredivisie_belgio,classic,2026-07-26T20:27:50+00:00,12.08,-12.897
joey-veerman,eredivisie,eredivisie_belgio,classic,2026-07-27T05:02:22+00:00,10.78,-12.54
hans-vanaken,jupiler-pro-league,eredivisie_belgio,classic,2026-07-22T19:51:59+00:00,6.6,12.036
hans-vanaken,jupiler-pro-league,eredivisie_belgio,classic,2026-07-22T20:19:47+00:00,6.07,12.055
hans-vanaken,jupiler-pro-league,eredivisie_belgio,classic,2026-07-23T04:40:55+00:00,7.05,12.403
hans-vanaken,jupiler-pro-league,eredivisie_belgio,classic,2026-07-23T11:01:16+00:00,6.59,12.668
hans-vanaken,jupiler-pro-league,eredivisie_belgio,classic,2026-07-23T11:01:22+00:00,6.59,12.668
hans-vanaken,jupiler-pro-league,eredivisie_belgio,classic,2026-07-23T11:01:28+00:00,6.76,12.668
hans-vanaken,jupiler-pro-league,eredivisie_belgio,classic,2026-07-23T15:14:46+00:00,6.5,12.844
hans-vanaken,jupiler-pro-league,eredivisie_belgio,classic,2026-07-23T15:17:20+00:00,6.5,12.845
hans-vanaken,jupiler-pro-league,eredivisie_belgio,classic,2026-07-23T16:07:40+00:00,6.99,12.88
hans-vanaken,jupiler-pro-league,eredivisie_belgio,classic,2026-07-23T16:45:49+00:00,6.99,12.907
hans-vanaken,jupiler-pro-league,eredivisie_belgio,classic,2026-07-23T18:03:27+00:00,7.1,12.961
hans-vanaken,jupiler-pro-league,eredivisie_belgio,classic,2026-07-24T08:24:59+00:00,5.16,13.559
hans-vanaken,jupiler-pro-league,eredivisie_belgio,classic,2026-07-24T09:49:17+00:00,3.15,13.618
hans-vanaken,jupiler-pro-league,eredivisie_belgio,classic,2026-07-24T17:54:13+00:00,5.87,13.954
hans-vanaken,jupiler-pro-league,eredivisie_belgio,classic,2026-07-25T03:14:55+00:00,6.86,-13.646
hans-vanaken,jupiler-pro-league,eredivisie_belgio,classic,2026-07-25T05:42:50+00:00,6.54,-13.543
hans-vanaken,jupiler-pro-league,eredivisie_belgio,classic,2026-07-25T14:18:54+00:00,6.56,-13.185
hans-vanaken,jupiler-pro-league,eredivisie_belgio,classic,2026-07-25T16:25:14+00:00,4.59,-13.097
hans-vanaken,jupiler-pro-league,eredivisie_belgio,classic,2026-07-25T20:50:39+00:00,6.09,-12.913
hans-vanaken,jupiler-pro-league,eredivisie_belgio,classic,2026-07-25T21:25:47+00:00,6.08,-12.888
hans-vanaken,jupiler-pro-league,eredivisie_belgio,classic,2026-07-26T19:43:38+00:00,6.22,-11.959
hans-vanaken,jupiler-pro-league,eredivisie_belgio,classic,2026-07-27T01:43:46+00:00,6.64,-11.709
hans-vanaken,jupiler-pro-league,eredivisie_belgio,classic,2026-07-27T14:44:23+00:00,6.89,-11.167
hans-vanaken,jupiler-pro-league,eredivisie_belgio,classic,2026-07-27T14:47:07+00:00,6.03,-11.165
hans-vanaken,jupiler-pro-league,eredivisie_belgio,classic,2026-07-27T15:05:58+00:00,5.94,-11.152
hans-vanaken,jupiler-pro-league,eredivisie_belgio,classic,2026-07-27T17:50:58+00:00,7.15,-11.038
hans-vanaken,jupiler-pro-league,eredivisie_belgio,classic,2026-07-27T19:12:38+00:00,5.62,-10.981
hans-vanaken,jupiler-pro-league,eredivisie_belgio,classic,2026-07-27T20:08:23+00:00,6.5,-10.942
hans-vanaken,jupiler-pro-league,eredivisie_belgio,classic,2026-07-28T01:59:13+00:00,5.61,-10.698
hans-vanaken,jupiler-pro-league,eredivisie_belgio,classic,2026-07-28T06:16:01+00:00,5.63,-10.52
hans-vanaken,jupiler-pro-league,eredivisie_belgio,classic,2026-07-28T06:17:39+00:00,5.63,-10.519
hans-vanaken,jupiler-pro-league,eredivisie_belgio,classic,2026-07-28T06:49:22+00:00,5.63,-10.497
hans-vanaken,jupiler-pro-league,eredivisie_belgio,classic,2026-07-28T12:24:18+00:00,7.09,-10.264
hans-vanaken,jupiler-pro-league,eredivisie_belgio,classic,2026-07-28T12:55:53+00:00,6.76,-10.242
hans-vanaken,jupiler-pro-league,eredivisie_belgio,classic,2026-07-28T12:56:04+00:00,6.76,-10.242
hans-vanaken,jupiler-pro-league,eredivisie_belgio,classic,2026-07-28T13:05:11+00:00,6.15,-10.236
hans-vanaken,jupiler-pro-league,eredivisie_belgio,classic,2026-07-28T13:08:02+00:00,6.15,-10.234
hans-vanaken,jupiler-pro-league,eredivisie_belgio,classic,2026-07-28T14:35:40+00:00,7.08,-10.173
hans-vanaken,jupiler-pro-league,eredivisie_belgio,classic,2026-07-28T19:07:39+00:00,6.04,-9.984
hans-vanaken,jupiler-pro-league,eredivisie_belgio,classic,2026-07-28T21:52:07+00:00,7.07,-9.87
hans-vanaken,jupiler-pro-league,eredivisie_belgio,classic,2026-07-29T13:26:48+00:00,6.19,-9.221
hans-vanaken,jupiler-pro-league,eredivisie_belgio,classic,2026-07-29T13:35:16+00:00,6.19,-9.215
joel-leandro-ordonez-guerrero,jupiler-pro-league,eredivisie_belgio,classic,2026-07-22T21:24:26+00:00,2.87,-15.889
joel-leandro-ordonez-guerrero,jupiler-pro-league,eredivisie_belgio,classic,2026-07-23T08:26:21+00:00,2.68,-15.43
joel-leandro-ordonez-guerrero,jupiler-pro-league,eredivisie_belgio,classic,2026-07-23T13:41:06+00:00,2.84,-15.211
joel-leandro-ordonez-guerrero,jupiler-pro-league,eredivisie_belgio,classic,2026-07-24T12:32:17+00:00,2.15,-14.259
joel-leandro-ordonez-guerrero,jupiler-pro-league,eredivisie_belgio,classic,2026-07-24T12:45:06+00:00,2.15,-14.25
joel-leandro-ordonez-guerrero,jupiler-pro-league,eredivisie_belgio,classic,2026-07-24T16:48:20+00:00,2.29,-14.081
joel-leandro-ordonez-guerrero,jupiler-pro-league,eredivisie_belgio,classic,2026-07-26T10:18:45+00:00,2.15,-12.352
joel-leandro-ordonez-guerrero,jupiler-pro-league,eredivisie_belgio,classic,2026-07-26T16:44:03+00:00,1.51,-12.084
joel-leandro-ordonez-guerrero,jupiler-pro-league,eredivisie_belgio,classic,2026-07-27T02:03:16+00:00,1.02,-11.696
joel-leandro-ordonez-guerrero,jupiler-pro-league,eredivisie_belgio,classic,2026-07-27T08:33:23+00:00,1.55,-11.425
joel-leandro-ordonez-guerrero,jupiler-pro-league,eredivisie_belgio,classic,2026-07-27T12:42:17+00:00,1.55,-11.252
joel-leandro-ordonez-guerrero,jupiler-pro-league,eredivisie_belgio,classic,2026-07-27T13:24:48+00:00,1.55,-11.222
joel-leandro-ordonez-guerrero,jupiler-pro-league,eredivisie_belgio,classic,2026-07-27T20:24:36+00:00,1.37,-10.931
joel-leandro-ordonez-guerrero,jupiler-pro-league,eredivisie_belgio,classic,2026-07-28T09:09:17+00:00,1.66,-10.4
joel-leandro-ordonez-guerrero,jupiler-pro-league,eredivisie_belgio,classic,2026-07-28T18:27:16+00:00,1.33,-10.012
joel-leandro-ordonez-guerrero,jupiler-pro-league,eredivisie_belgio,classic,2026-07-28T20:46:34+00:00,3.54,-9.916
joel-leandro-ordonez-guerrero,jupiler-pro-league,eredivisie_belgio,classic,2026-07-29T07:15:57+00:00,1.68,-9.479
joel-leandro-ordonez-guerrero,jupiler-pro-league,eredivisie_belgio,classic,2026-07-29T13:47:09+00:00,1.51,-9.207
mexx-meerdink,eredivisie,eredivisie_belgio,classic,2026-07-25T10:12:05+00:00,1.14,-14.367
mexx-meerdink,eredivisie,eredivisie_belgio,classic,2026-07-25T13:55:40+00:00,1.31,-14.211
mexx-meerdink,eredivisie,eredivisie_belgio,classic,2026-07-25T16:34:09+00:00,1.64,-14.101
mexx-meerdink,eredivisie,eredivisie_belgio,classic,2026-07-25T16:36:43+00:00,1.64,-14.1
mexx-meerdink,eredivisie,eredivisie_belgio,classic,2026-07-25T16:37:53+00:00,1.8,-14.099
mexx-meerdink,eredivisie,eredivisie_belgio,classic,2026-07-25T16:38:03+00:00,1.8,-14.099
mexx-meerdink,eredivisie,eredivisie_belgio,classic,2026-07-25T16:38:16+00:00,1.97,-14.098
mexx-meerdink,eredivisie,eredivisie_belgio,classic,2026-07-25T16:38:23+00:00,1.97,-14.098
mexx-meerdink,eredivisie,eredivisie_belgio,classic,2026-07-25T16:38:31+00:00,1.97,-14.098
mexx-meerdink,eredivisie,eredivisie_belgio,classic,2026-07-25T16:38:40+00:00,1.97,-14.098
mexx-meerdink,eredivisie,eredivisie_belgio,classic,2026-07-25T16:38:48+00:00,1.97,-14.098
mexx-meerdink,eredivisie,eredivisie_belgio,classic,2026-07-25T16:38:55+00:00,1.97,-14.098
mexx-meerdink,eredivisie,eredivisie_belgio,classic,2026-07-25T16:39:04+00:00,1.97,-14.098
mexx-meerdink,eredivisie,eredivisie_belgio,classic,2026-07-25T16:46:30+00:00,2.13,-14.093
mexx-meerdink,eredivisie,eredivisie_belgio,classic,2026-07-25T16:46:37+00:00,2.13,-14.093
mexx-meerdink,eredivisie,eredivisie_belgio,classic,2026-07-25T18:17:59+00:00,2.14,-14.029
mexx-meerdink,eredivisie,eredivisie_belgio,classic,2026-07-25T18:37:42+00:00,2.14,-14.015
mexx-meerdink,eredivisie,eredivisie_belgio,classic,2026-07-26T16:03:06+00:00,2.19,-13.123
mexx-meerdink,eredivisie,eredivisie_belgio,classic,2026-07-26T17:36:00+00:00,2.36,-13.058
mexx-meerdink,eredivisie,eredivisie_belgio,classic,2026-07-27T12:47:37+00:00,2.24,-12.259
mexx-meerdink,eredivisie,eredivisie_belgio,classic,2026-07-27T20:57:18+00:00,2.23,-11.919
mexx-meerdink,eredivisie,eredivisie_belgio,classic,2026-07-28T11:43:14+00:00,2.31,-11.303
mexx-meerdink,eredivisie,eredivisie_belgio,classic,2026-07-29T09:43:33+00:00,2.18,-10.386
matej-kovar,eredivisie,eredivisie_belgio,classic,2026-07-24T11:48:49+00:00,8.93,-15.258
matej-kovar,eredivisie,eredivisie_belgio,classic,2026-07-24T12:13:26+00:00,9.1,-15.241
matej-kovar,eredivisie,eredivisie_belgio,classic,2026-07-24T12:14:13+00:00,8.94,-15.24
matej-kovar,eredivisie,eredivisie_belgio,classic,2026-07-24T12:14:28+00:00,9.27,-15.24
matej-kovar,eredivisie,eredivisie_belgio,classic,2026-07-25T01:52:45+00:00,8.98,-14.672
matej-kovar,eredivisie,eredivisie_belgio,classic,2026-07-25T18:41:27+00:00,8.55,-13.971
matej-kovar,eredivisie,eredivisie_belgio,classic,2026-07-25T20:21:12+00:00,8.07,-13.902
matej-kovar,eredivisie,eredivisie_belgio,classic,2026-07-25T20:28:52+00:00,9.55,-13.897
matej-kovar,eredivisie,eredivisie_belgio,classic,2026-07-25T20:41:09+00:00,7.08,-13.888
matej-kovar,eredivisie,eredivisie_belgio,classic,2026-07-26T06:16:54+00:00,8.6,-13.488
matej-kovar,eredivisie,eredivisie_belgio,classic,2026-07-26T13:11:52+00:00,8.12,-13.2
matej-kovar,eredivisie,eredivisie_belgio,classic,2026-07-26T16:19:21+00:00,8.07,-13.07
matej-kovar,eredivisie,eredivisie_belgio,classic,2026-07-26T19:30:43+00:00,7.57,-12.937
matej-kovar,eredivisie,eredivisie_belgio,classic,2026-07-26T20:21:26+00:00,8.9,-12.902
matej-kovar,eredivisie,eredivisie_belgio,classic,2026-07-27T04:58:46+00:00,8.2,-12.543
matej-kovar,eredivisie,eredivisie_belgio,classic,2026-07-27T06:13:03+00:00,6.37,-12.491
matej-kovar,eredivisie,eredivisie_belgio,classic,2026-07-27T10:21:53+00:00,10.17,-12.318
matej-kovar,eredivisie,eredivisie_belgio,classic,2026-07-27T11:22:23+00:00,12.07,-12.276
matej-kovar,eredivisie,eredivisie_belgio,classic,2026-07-27T12:38:15+00:00,8.08,-12.223
matej-kovar,eredivisie,eredivisie_belgio,classic,2026-07-27T12:50:29+00:00,9.46,-12.215
matej-kovar,eredivisie,eredivisie_belgio,classic,2026-07-27T14:43:20+00:00,8.61,-12.137
matej-kovar,eredivisie,eredivisie_belgio,classic,2026-07-27T14:48:45+00:00,8.44,-12.133
matej-kovar,eredivisie,eredivisie_belgio,classic,2026-07-27T14:51:31+00:00,10.16,-12.131
matej-kovar,eredivisie,eredivisie_belgio,classic,2026-07-27T18:36:17+00:00,8.54,-11.975
matej-kovar,eredivisie,eredivisie_belgio,classic,2026-07-27T20:26:22+00:00,9.76,-11.898
matej-kovar,eredivisie,eredivisie_belgio,classic,2026-07-28T04:43:19+00:00,9.58,-11.553
matej-kovar,eredivisie,eredivisie_belgio,classic,2026-07-28T15:10:25+00:00,6.46,-11.118
matej-kovar,eredivisie,eredivisie_belgio,classic,2026-07-28T18:38:26+00:00,8.84,-10.973
matej-kovar,eredivisie,eredivisie_belgio,classic,2026-07-28T19:35:12+00:00,9.05,-10.934
matej-kovar,eredivisie,eredivisie_belgio,classic,2026-07-29T03:25:31+00:00,8.87,-10.607
matej-kovar,eredivisie,eredivisie_belgio,classic,2026-07-29T08:13:24+00:00,9.78,-10.407
matej-kovar,eredivisie,eredivisie_belgio,classic,2026-07-29T11:18:13+00:00,8.89,-10.279
matej-kovar,eredivisie,eredivisie_belgio,classic,2026-07-29T12:21:54+00:00,10.42,-10.235
matej-kovar,eredivisie,eredivisie_belgio,classic,2026-07-29T13:10:29+00:00,9.03,-10.201
matej-kovar,eredivisie,eredivisie_belgio,classic,2026-07-29T18:00:09+00:00,7.81,-10.0
matej-kovar,eredivisie,eredivisie_belgio,classic,2026-07-29T18:02:42+00:00,11.14,-9.998
matej-kovar,eredivisie,eredivisie_belgio,classic,2026-07-23T19:02:02+00:00,9.09,-15.957
matej-kovar,eredivisie,eredivisie_belgio,classic,2026-07-23T20:25:08+00:00,9.06,-15.899
matej-kovar,eredivisie,eredivisie_belgio,classic,2026-07-24T11:37:18+00:00,8.93,-15.266
oscar-gluh,eredivisie,eredivisie_belgio,classic,2026-07-22T21:19:44+00:00,3.54,-0.861
oscar-gluh,eredivisie,eredivisie_belgio,classic,2026-07-23T11:40:47+00:00,4.56,-0.263
oscar-gluh,eredivisie,eredivisie_belgio,classic,2026-07-23T12:58:18+00:00,5.07,-0.21
oscar-gluh,eredivisie,eredivisie_belgio,classic,2026-07-23T19:12:29+00:00,4.63,0.05
oscar-gluh,eredivisie,eredivisie_belgio,classic,2026-07-23T19:21:27+00:00,4.63,0.057
oscar-gluh,eredivisie,eredivisie_belgio,classic,2026-07-23T19:21:50+00:00,2.81,0.057
oscar-gluh,eredivisie,eredivisie_belgio,classic,2026-07-23T19:21:54+00:00,4.63,0.057
oscar-gluh,eredivisie,eredivisie_belgio,classic,2026-07-23T21:40:07+00:00,4.97,0.153
oscar-gluh,eredivisie,eredivisie_belgio,classic,2026-07-24T08:54:54+00:00,4.32,0.621
oscar-gluh,eredivisie,eredivisie_belgio,classic,2026-07-24T19:04:28+00:00,5.07,1.045
oscar-gluh,eredivisie,eredivisie_belgio,classic,2026-07-24T23:35:25+00:00,4.57,1.233
oscar-gluh,eredivisie,eredivisie_belgio,classic,2026-07-25T22:20:18+00:00,4.44,2.181
oscar-gluh,eredivisie,eredivisie_belgio,classic,2026-07-25T22:40:18+00:00,4.93,2.195
oscar-gluh,eredivisie,eredivisie_belgio,classic,2026-07-26T06:49:10+00:00,4.96,2.534
oscar-gluh,eredivisie,eredivisie_belgio,classic,2026-07-26T14:43:00+00:00,4.97,2.863
oscar-gluh,eredivisie,eredivisie_belgio,classic,2026-07-26T15:44:19+00:00,4.84,2.906
oscar-gluh,eredivisie,eredivisie_belgio,classic,2026-07-26T16:23:34+00:00,5.05,2.933
oscar-gluh,eredivisie,eredivisie_belgio,classic,2026-07-26T20:42:52+00:00,5.04,3.113
oscar-gluh,eredivisie,eredivisie_belgio,classic,2026-07-27T04:20:55+00:00,3.93,3.431
oscar-gluh,eredivisie,eredivisie_belgio,classic,2026-07-27T05:32:18+00:00,4.96,3.481
oscar-gluh,eredivisie,eredivisie_belgio,classic,2026-07-27T06:03:54+00:00,3.96,-3.497
oscar-gluh,eredivisie,eredivisie_belgio,classic,2026-07-27T10:14:39+00:00,3.27,-3.323
oscar-gluh,eredivisie,eredivisie_belgio,classic,2026-07-27T12:06:38+00:00,2.75,-3.245
oscar-gluh,eredivisie,eredivisie_belgio,classic,2026-07-27T12:14:32+00:00,3.95,-3.24
oscar-gluh,eredivisie,eredivisie_belgio,classic,2026-07-27T12:47:09+00:00,4.47,-3.217
oscar-gluh,eredivisie,eredivisie_belgio,classic,2026-07-27T14:12:27+00:00,4.13,-3.158
oscar-gluh,eredivisie,eredivisie_belgio,classic,2026-07-27T14:42:41+00:00,5.17,-3.137
oscar-gluh,eredivisie,eredivisie_belgio,classic,2026-07-27T17:06:19+00:00,4.43,-3.037
oscar-gluh,eredivisie,eredivisie_belgio,classic,2026-07-27T18:33:16+00:00,4.95,-2.977
oscar-gluh,eredivisie,eredivisie_belgio,classic,2026-07-28T12:34:33+00:00,4.29,-2.226
oscar-gluh,eredivisie,eredivisie_belgio,classic,2026-07-28T13:21:48+00:00,7.82,-2.193
oscar-gluh,eredivisie,eredivisie_belgio,classic,2026-07-28T18:37:11+00:00,4.67,-1.974
oscar-gluh,eredivisie,eredivisie_belgio,classic,2026-07-28T19:02:55+00:00,5.03,-1.956
oscar-gluh,eredivisie,eredivisie_belgio,classic,2026-07-29T13:09:43+00:00,4.01,-1.202
gonzalo-alejandro-crettaz,eredivisie,eredivisie_belgio,classic,2026-07-22T21:02:53+00:00,5.06,-12.123
gonzalo-alejandro-crettaz,eredivisie,eredivisie_belgio,classic,2026-07-24T11:32:42+00:00,4.63,-10.519
gonzalo-alejandro-crettaz,eredivisie,eredivisie_belgio,classic,2026-07-24T18:47:53+00:00,4.59,-10.217
gonzalo-alejandro-crettaz,eredivisie,eredivisie_belgio,classic,2026-07-26T15:03:42+00:00,4.34,-8.372
gonzalo-alejandro-crettaz,eredivisie,eredivisie_belgio,classic,2026-07-26T16:18:04+00:00,5.05,-8.321
gonzalo-alejandro-crettaz,eredivisie,eredivisie_belgio,classic,2026-07-26T19:22:56+00:00,4.71,-8.192
gonzalo-alejandro-crettaz,eredivisie,eredivisie_belgio,classic,2026-07-26T22:03:36+00:00,4.05,-8.081
gonzalo-alejandro-crettaz,eredivisie,eredivisie_belgio,classic,2026-07-27T08:41:53+00:00,5.34,-7.638
gonzalo-alejandro-crettaz,eredivisie,eredivisie_belgio,classic,2026-07-27T10:34:26+00:00,6.72,-7.559
gonzalo-alejandro-crettaz,eredivisie,eredivisie_belgio,classic,2026-07-27T13:19:29+00:00,5.15,-7.445
gonzalo-alejandro-crettaz,eredivisie,eredivisie_belgio,classic,2026-07-27T14:02:48+00:00,4.82,-7.415
gonzalo-alejandro-crettaz,eredivisie,eredivisie_belgio,classic,2026-07-28T01:40:08+00:00,3.63,-6.93
gonzalo-alejandro-crettaz,eredivisie,eredivisie_belgio,classic,2026-07-28T11:18:31+00:00,6.61,-6.529
gonzalo-alejandro-crettaz,eredivisie,eredivisie_belgio,classic,2026-07-28T12:58:18+00:00,4.62,-6.46
gonzalo-alejandro-crettaz,eredivisie,eredivisie_belgio,classic,2026-07-28T14:32:46+00:00,3.29,-6.394
gonzalo-alejandro-crettaz,eredivisie,eredivisie_belgio,classic,2026-07-28T18:27:31+00:00,4.5,-6.231
gonzalo-alejandro-crettaz,eredivisie,eredivisie_belgio,classic,2026-07-28T18:37:38+00:00,7.0,-6.224
gonzalo-alejandro-crettaz,eredivisie,eredivisie_belgio,classic,2026-07-29T06:40:02+00:00,4.36,-5.722
gonzalo-alejandro-crettaz,eredivisie,eredivisie_belgio,classic,2026-07-29T07:47:46+00:00,4.88,-5.675
gonzalo-alejandro-crettaz,eredivisie,eredivisie_belgio,classic,2026-07-29T12:35:00+00:00,5.04,-5.476
gonzalo-alejandro-crettaz,eredivisie,eredivisie_belgio,classic,2026-07-29T13:52:26+00:00,5.18,-5.422
gonzalo-alejandro-crettaz,eredivisie,eredivisie_belgio,classic,2026-07-29T16:18:13+00:00,5.98,-5.321
lucca-kiaba-mounganga,jupiler-pro-league,eredivisie_belgio,classic,2026-07-23T16:49:28+00:00,9.83,-16.882
lucca-kiaba-mounganga,jupiler-pro-league,eredivisie_belgio,classic,2026-07-25T11:44:54+00:00,8.65,-15.094
lucca-kiaba-mounganga,jupiler-pro-league,eredivisie_belgio,classic,2026-07-25T22:42:52+00:00,8.72,-14.637
lucca-kiaba-mounganga,jupiler-pro-league,eredivisie_belgio,classic,2026-07-26T14:26:25+00:00,8.12,-13.982
lucca-kiaba-mounganga,jupiler-pro-league,eredivisie_belgio,classic,2026-07-26T23:19:09+00:00,9.07,-13.612
lucca-kiaba-mounganga,jupiler-pro-league,eredivisie_belgio,classic,2026-07-27T07:07:52+00:00,7.59,-13.286
lucca-kiaba-mounganga,jupiler-pro-league,eredivisie_belgio,classic,2026-07-27T08:54:14+00:00,8.1,-13.212
lucca-kiaba-mounganga,jupiler-pro-league,eredivisie_belgio,classic,2026-07-27T11:43:09+00:00,8.11,-13.095
lucca-kiaba-mounganga,jupiler-pro-league,eredivisie_belgio,classic,2026-07-27T11:43:20+00:00,8.11,-13.095
lucca-kiaba-mounganga,jupiler-pro-league,eredivisie_belgio,classic,2026-07-27T14:29:49+00:00,9.13,-12.979
lucca-kiaba-mounganga,jupiler-pro-league,eredivisie_belgio,classic,2026-07-27T18:41:48+00:00,9.22,-12.804
lucca-kiaba-mounganga,jupiler-pro-league,eredivisie_belgio,classic,2026-07-28T08:16:04+00:00,9.77,-12.239
lucca-kiaba-mounganga,jupiler-pro-league,eredivisie_belgio,classic,2026-07-28T12:49:49+00:00,6.43,-12.049
lucca-kiaba-mounganga,jupiler-pro-league,eredivisie_belgio,classic,2026-07-28T15:44:32+00:00,9.94,-11.927
lucca-kiaba-mounganga,jupiler-pro-league,eredivisie_belgio,classic,2026-07-28T18:44:11+00:00,9.5,-11.803
lucca-kiaba-mounganga,jupiler-pro-league,eredivisie_belgio,classic,2026-07-29T05:33:11+00:00,9.51,-11.352
lucca-kiaba-mounganga,jupiler-pro-league,eredivisie_belgio,classic,2026-07-29T09:49:39+00:00,8.22,-11.174
lucca-kiaba-mounganga,jupiler-pro-league,eredivisie_belgio,classic,2026-07-29T11:35:08+00:00,6.54,-11.101
lucca-kiaba-mounganga,jupiler-pro-league,eredivisie_belgio,classic,2026-07-29T13:50:01+00:00,9.53,-11.007
lucca-kiaba-mounganga,jupiler-pro-league,eredivisie_belgio,classic,2026-07-29T15:26:00+00:00,9.98,-10.94
lucca-kiaba-mounganga,jupiler-pro-league,eredivisie_belgio,classic,2026-07-29T15:27:14+00:00,9.81,-10.939
lucca-kiaba-mounganga,jupiler-pro-league,eredivisie_belgio,classic,2026-07-29T15:49:07+00:00,9.15,-10.924
lucca-kiaba-mounganga,jupiler-pro-league,eredivisie_belgio,classic,2026-07-29T16:49:41+00:00,10.12,-10.882
bernt-klaverboer,eredivisie,eredivisie_belgio,classic,2026-07-22T21:02:45+00:00,6.24,-17.738
bernt-klaverboer,eredivisie,eredivisie_belgio,classic,2026-07-23T16:24:03+00:00,5.0,-16.931
bernt-klaverboer,eredivisie,eredivisie_belgio,classic,2026-07-25T16:39:54+00:00,5.91,-14.92
bernt-klaverboer,eredivisie,eredivisie_belgio,classic,2026-07-25T17:39:17+00:00,5.91,-14.879
bernt-klaverboer,eredivisie,eredivisie_belgio,classic,2026-07-25T22:04:05+00:00,6.25,-14.695
bernt-klaverboer,eredivisie,eredivisie_belgio,classic,2026-07-25T23:17:12+00:00,4.61,-14.644
bernt-klaverboer,eredivisie,eredivisie_belgio,classic,2026-07-27T12:44:20+00:00,6.02,-13.084
bernt-klaverboer,eredivisie,eredivisie_belgio,classic,2026-07-27T16:28:50+00:00,6.09,-12.928
bernt-klaverboer,eredivisie,eredivisie_belgio,classic,2026-07-27T16:29:05+00:00,6.09,-12.928
bernt-klaverboer,eredivisie,eredivisie_belgio,classic,2026-07-27T20:22:30+00:00,5.65,-12.766
bernt-klaverboer,eredivisie,eredivisie_belgio,classic,2026-07-28T06:18:47+00:00,6.13,-12.352
bernt-klaverboer,eredivisie,eredivisie_belgio,classic,2026-07-28T15:48:29+00:00,5.97,-11.956
bernt-klaverboer,eredivisie,eredivisie_belgio,classic,2026-07-28T18:39:16+00:00,6.17,-11.837
bernt-klaverboer,eredivisie,eredivisie_belgio,classic,2026-07-29T06:22:34+00:00,5.87,-11.349
bernt-klaverboer,eredivisie,eredivisie_belgio,classic,2026-07-29T06:55:59+00:00,5.87,-11.326
bernt-klaverboer,eredivisie,eredivisie_belgio,classic,2026-07-29T10:23:01+00:00,5.73,-11.182
bernt-klaverboer,eredivisie,eredivisie_belgio,classic,2026-07-29T13:01:46+00:00,6.02,-11.072
bernt-klaverboer,eredivisie,eredivisie_belgio,classic,2026-07-29T17:25:19+00:00,6.15,-10.889
troy-parrott,eredivisie,eredivisie_belgio,classic,2026-07-22T22:10:07+00:00,2.04,-16.868
troy-parrott,eredivisie,eredivisie_belgio,classic,2026-07-23T12:22:30+00:00,2.7,-16.276
troy-parrott,eredivisie,eredivisie_belgio,classic,2026-07-23T12:40:05+00:00,1.86,-16.264
troy-parrott,eredivisie,eredivisie_belgio,classic,2026-07-23T13:02:07+00:00,2.84,-16.249
troy-parrott,eredivisie,eredivisie_belgio,classic,2026-07-23T21:27:30+00:00,1.66,-15.898
troy-parrott,eredivisie,eredivisie_belgio,classic,2026-07-24T15:16:49+00:00,2.45,-15.155
troy-parrott,eredivisie,eredivisie_belgio,classic,2026-07-25T05:30:21+00:00,2.13,-14.562
troy-parrott,eredivisie,eredivisie_belgio,classic,2026-07-25T15:18:23+00:00,2.46,-14.154
troy-parrott,eredivisie,eredivisie_belgio,classic,2026-07-25T21:43:21+00:00,2.14,-13.887
troy-parrott,eredivisie,eredivisie_belgio,classic,2026-07-26T08:58:03+00:00,2.15,-13.418
troy-parrott,eredivisie,eredivisie_belgio,classic,2026-07-26T09:58:51+00:00,2.15,-13.376
troy-parrott,eredivisie,eredivisie_belgio,classic,2026-07-26T19:13:27+00:00,2.36,-12.991
troy-parrott,eredivisie,eredivisie_belgio,classic,2026-07-27T10:34:51+00:00,1.38,-12.351
troy-parrott,eredivisie,eredivisie_belgio,classic,2026-07-27T11:26:32+00:00,2.24,-12.315
troy-parrott,eredivisie,eredivisie_belgio,classic,2026-07-27T12:04:07+00:00,2.06,-12.289
troy-parrott,eredivisie,eredivisie_belgio,classic,2026-07-27T15:31:33+00:00,2.21,-12.145
troy-parrott,eredivisie,eredivisie_belgio,classic,2026-07-27T15:54:03+00:00,3.22,-12.129
troy-parrott,eredivisie,eredivisie_belgio,classic,2026-07-27T17:28:54+00:00,0.51,-12.063
troy-parrott,eredivisie,eredivisie_belgio,classic,2026-07-27T20:00:26+00:00,2.57,-11.958
troy-parrott,eredivisie,eredivisie_belgio,classic,2026-07-28T01:04:01+00:00,2.31,-11.747
troy-parrott,eredivisie,eredivisie_belgio,classic,2026-07-28T12:35:55+00:00,2.14,-11.267
troy-parrott,eredivisie,eredivisie_belgio,classic,2026-07-28T12:52:44+00:00,2.14,-11.255
troy-parrott,eredivisie,eredivisie_belgio,classic,2026-07-28T16:43:43+00:00,1.51,-11.095
troy-parrott,eredivisie,eredivisie_belgio,classic,2026-07-28T17:01:51+00:00,2.03,-11.082
troy-parrott,eredivisie,eredivisie_belgio,classic,2026-07-28T18:44:43+00:00,2.0,-11.011
troy-parrott,eredivisie,eredivisie_belgio,classic,2026-07-28T21:16:45+00:00,2.02,-10.905
troy-parrott,eredivisie,eredivisie_belgio,classic,2026-07-28T21:17:31+00:00,2.36,-10.905
troy-parrott,eredivisie,eredivisie_belgio,classic,2026-07-29T12:53:37+00:00,2.35,-10.254
troy-parrott,eredivisie,eredivisie_belgio,classic,2026-07-29T12:54:22+00:00,2.35,-10.254
anan-khalaili,jupiler-pro-league,eredivisie_belgio,classic,2026-07-24T18:16:46+00:00,3.77,-10.238
anan-khalaili,jupiler-pro-league,eredivisie_belgio,classic,2026-07-24T19:13:26+00:00,3.11,-10.199
anan-khalaili,jupiler-pro-league,eredivisie_belgio,classic,2026-07-25T12:02:09+00:00,2.77,-9.499
anan-khalaili,jupiler-pro-league,eredivisie_belgio,classic,2026-07-25T19:42:49+00:00,2.8,-9.179
anan-khalaili,jupiler-pro-league,eredivisie_belgio,classic,2026-07-25T21:44:20+00:00,3.12,-9.094
anan-khalaili,jupiler-pro-league,eredivisie_belgio,classic,2026-07-26T08:15:49+00:00,3.14,-8.656
anan-khalaili,jupiler-pro-league,eredivisie_belgio,classic,2026-07-26T16:19:43+00:00,3.03,-8.32
anan-khalaili,jupiler-pro-league,eredivisie_belgio,classic,2026-07-26T21:13:04+00:00,2.85,-8.116
anan-khalaili,jupiler-pro-league,eredivisie_belgio,classic,2026-07-27T12:38:46+00:00,2.75,-7.473
anan-khalaili,jupiler-pro-league,eredivisie_belgio,classic,2026-07-27T13:02:19+00:00,2.23,-7.457
anan-khalaili,jupiler-pro-league,eredivisie_belgio,classic,2026-07-27T14:34:48+00:00,2.76,-7.393
anan-khalaili,jupiler-pro-league,eredivisie_belgio,classic,2026-07-28T00:42:34+00:00,2.99,-6.97
anan-khalaili,jupiler-pro-league,eredivisie_belgio,classic,2026-07-28T09:02:25+00:00,2.81,-6.623
anan-khalaili,jupiler-pro-league,eredivisie_belgio,classic,2026-07-29T11:53:13+00:00,2.52,-5.505
anan-khalaili,jupiler-pro-league,eredivisie_belgio,classic,2026-07-29T13:15:47+00:00,2.84,-5.447
youri-regeer,eredivisie,eredivisie_belgio,classic,2026-07-23T11:23:41+00:00,1.35,-0.275
youri-regeer,eredivisie,eredivisie_belgio,classic,2026-07-23T19:28:10+00:00,1.49,0.061
youri-regeer,eredivisie,eredivisie_belgio,classic,2026-07-23T19:31:39+00:00,1.49,0.064
youri-regeer,eredivisie,eredivisie_belgio,classic,2026-07-23T21:40:28+00:00,1.49,0.153
youri-regeer,eredivisie,eredivisie_belgio,classic,2026-07-24T01:09:56+00:00,1.48,0.299
youri-regeer,eredivisie,eredivisie_belgio,classic,2026-07-24T08:56:50+00:00,1.5,0.623
youri-regeer,eredivisie,eredivisie_belgio,classic,2026-07-24T10:48:39+00:00,1.82,0.7
youri-regeer,eredivisie,eredivisie_belgio,classic,2026-07-24T14:10:08+00:00,1.96,0.84
youri-regeer,eredivisie,eredivisie_belgio,classic,2026-07-24T15:02:03+00:00,2.13,0.876
youri-regeer,eredivisie,eredivisie_belgio,classic,2026-07-24T16:04:11+00:00,2.12,0.92
youri-regeer,eredivisie,eredivisie_belgio,classic,2026-07-24T19:35:42+00:00,1.8,1.066
youri-regeer,eredivisie,eredivisie_belgio,classic,2026-07-25T10:07:32+00:00,2.12,1.672
youri-regeer,eredivisie,eredivisie_belgio,classic,2026-07-25T22:32:51+00:00,2.3,2.189
youri-regeer,eredivisie,eredivisie_belgio,classic,2026-07-26T10:31:35+00:00,2.32,2.689
youri-regeer,eredivisie,eredivisie_belgio,classic,2026-07-26T12:01:06+00:00,2.32,2.751
youri-regeer,eredivisie,eredivisie_belgio,classic,2026-07-26T16:47:30+00:00,2.69,2.95
youri-regeer,eredivisie,eredivisie_belgio,classic,2026-07-26T16:48:17+00:00,2.52,2.95
youri-regeer,eredivisie,eredivisie_belgio,classic,2026-07-26T20:19:59+00:00,2.69,3.097
youri-regeer,eredivisie,eredivisie_belgio,classic,2026-07-26T22:17:23+00:00,2.03,3.179
youri-regeer,eredivisie,eredivisie_belgio,classic,2026-07-27T07:40:14+00:00,2.24,-3.43
youri-regeer,eredivisie,eredivisie_belgio,classic,2026-07-27T10:32:13+00:00,1.9,-3.311
youri-regeer,eredivisie,eredivisie_belgio,classic,2026-07-27T11:44:45+00:00,2.24,-3.261
youri-regeer,eredivisie,eredivisie_belgio,classic,2026-07-27T18:25:19+00:00,2.05,-2.982
youri-regeer,eredivisie,eredivisie_belgio,classic,2026-07-27T23:05:38+00:00,1.83,-2.788
youri-regeer,eredivisie,eredivisie_belgio,classic,2026-07-28T02:50:51+00:00,2.14,-2.631
youri-regeer,eredivisie,eredivisie_belgio,classic,2026-07-28T04:04:04+00:00,2.15,-2.581
youri-regeer,eredivisie,eredivisie_belgio,classic,2026-07-28T07:33:03+00:00,2.65,-2.435
youri-regeer,eredivisie,eredivisie_belgio,classic,2026-07-28T11:13:40+00:00,2.15,-2.282
youri-regeer,eredivisie,eredivisie_belgio,classic,2026-07-28T12:15:08+00:00,1.98,-2.239
youri-regeer,eredivisie,eredivisie_belgio,classic,2026-07-28T13:01:32+00:00,2.0,-2.207
youri-regeer,eredivisie,eredivisie_belgio,classic,2026-07-29T13:18:32+00:00,2.01,-1.195
jordan-bos,eredivisie,eredivisie_belgio,classic,2026-07-23T07:58:59+00:00,2.02,-17.094
jordan-bos,eredivisie,eredivisie_belgio,classic,2026-07-23T08:03:21+00:00,1.34,-17.091
jordan-bos,eredivisie,eredivisie_belgio,classic,2026-07-23T12:23:53+00:00,1.35,-16.91
jordan-bos,eredivisie,eredivisie_belgio,classic,2026-07-23T13:31:13+00:00,2.34,-16.864
jordan-bos,eredivisie,eredivisie_belgio,classic,2026-07-24T16:14:06+00:00,3.1,-15.751
jordan-bos,eredivisie,eredivisie_belgio,classic,2026-07-25T13:41:01+00:00,2.29,-14.857
jordan-bos,eredivisie,eredivisie_belgio,classic,2026-07-26T07:32:10+00:00,2.65,-14.113
jordan-bos,eredivisie,eredivisie_belgio,classic,2026-07-28T11:46:30+00:00,1.82,-11.936
jordan-bos,eredivisie,eredivisie_belgio,classic,2026-07-28T16:11:09+00:00,1.85,-11.753
jordan-bos,eredivisie,eredivisie_belgio,classic,2026-07-28T18:08:26+00:00,1.5,-11.671
jordan-bos,eredivisie,eredivisie_belgio,classic,2026-07-28T18:08:47+00:00,1.5,-11.671
jordan-bos,eredivisie,eredivisie_belgio,classic,2026-07-28T18:22:16+00:00,1.17,-11.662
jordan-bos,eredivisie,eredivisie_belgio,classic,2026-07-29T02:31:01+00:00,1.5,-11.322
wout-weghorst,eredivisie,eredivisie_belgio,classic,2026-07-22T21:55:57+00:00,1.52,-0.836
wout-weghorst,eredivisie,eredivisie_belgio,classic,2026-07-23T15:16:31+00:00,1.83,-0.114
wout-weghorst,eredivisie,eredivisie_belgio,classic,2026-07-23T16:00:01+00:00,2.0,-0.083
wout-weghorst,eredivisie,eredivisie_belgio,classic,2026-07-23T17:33:16+00:00,1.82,-0.019
wout-weghorst,eredivisie,eredivisie_belgio,classic,2026-07-23T17:33:38+00:00,1.82,-0.018
wout-weghorst,eredivisie,eredivisie_belgio,classic,2026-07-24T12:03:05+00:00,1.82,0.752
wout-weghorst,eredivisie,eredivisie_belgio,classic,2026-07-24T13:40:57+00:00,1.81,0.82
wout-weghorst,eredivisie,eredivisie_belgio,classic,2026-07-24T18:55:36+00:00,1.8,1.039
wout-weghorst,eredivisie,eredivisie_belgio,classic,2026-07-24T19:51:28+00:00,1.15,1.077
wout-weghorst,eredivisie,eredivisie_belgio,classic,2026-07-24T20:03:04+00:00,2.13,1.085
wout-weghorst,eredivisie,eredivisie_belgio,classic,2026-07-24T20:13:38+00:00,0.82,1.093
wout-weghorst,eredivisie,eredivisie_belgio,classic,2026-07-25T08:14:56+00:00,1.3,1.594
wout-weghorst,eredivisie,eredivisie_belgio,classic,2026-07-27T12:29:31+00:00,1.2,-3.25
wout-weghorst,eredivisie,eredivisie_belgio,classic,2026-07-27T12:40:28+00:00,1.55,-3.243
wout-weghorst,eredivisie,eredivisie_belgio,classic,2026-07-27T13:19:56+00:00,1.37,-3.215
wout-weghorst,eredivisie,eredivisie_belgio,classic,2026-07-27T14:29:32+00:00,1.21,-3.167
wout-weghorst,eredivisie,eredivisie_belgio,classic,2026-07-27T18:53:14+00:00,1.37,-2.984
wout-weghorst,eredivisie,eredivisie_belgio,classic,2026-07-27T20:33:14+00:00,1.54,-2.914
wout-weghorst,eredivisie,eredivisie_belgio,classic,2026-07-27T21:08:10+00:00,1.2,-2.89
wout-weghorst,eredivisie,eredivisie_belgio,classic,2026-07-27T22:55:15+00:00,1.36,-2.816
wout-weghorst,eredivisie,eredivisie_belgio,classic,2026-07-28T04:33:09+00:00,1.49,-2.581
wout-weghorst,eredivisie,eredivisie_belgio,classic,2026-07-28T08:41:07+00:00,1.49,-2.409
wout-weghorst,eredivisie,eredivisie_belgio,classic,2026-07-28T08:47:52+00:00,1.32,-2.404
wout-weghorst,eredivisie,eredivisie_belgio,classic,2026-07-28T12:58:04+00:00,1.32,-2.231
wout-weghorst,eredivisie,eredivisie_belgio,classic,2026-07-28T13:00:22+00:00,1.16,-2.229
wout-weghorst,eredivisie,eredivisie_belgio,classic,2026-07-28T13:53:15+00:00,1.66,-2.192
wout-weghorst,eredivisie,eredivisie_belgio,classic,2026-07-28T16:01:45+00:00,1.18,-2.103
wout-weghorst,eredivisie,eredivisie_belgio,classic,2026-07-29T10:25:46+00:00,1.35,-1.336
wout-weghorst,eredivisie,eredivisie_belgio,classic,2026-07-29T12:27:49+00:00,1.34,-1.252
wout-weghorst,eredivisie,eredivisie_belgio,classic,2026-07-29T16:57:23+00:00,1.49,-1.064
ricardo-pepi,eredivisie,eredivisie_belgio,classic,2026-07-22T19:27:59+00:00,3.72,15.811
ricardo-pepi,eredivisie,eredivisie_belgio,classic,2026-07-23T12:55:57+00:00,3.72,-16.211
ricardo-pepi,eredivisie,eredivisie_belgio,classic,2026-07-23T19:19:04+00:00,3.8,-15.945
ricardo-pepi,eredivisie,eredivisie_belgio,classic,2026-07-24T10:06:35+00:00,3.64,-15.329
ricardo-pepi,eredivisie,eredivisie_belgio,classic,2026-07-24T10:50:14+00:00,3.31,-15.298
ricardo-pepi,eredivisie,eredivisie_belgio,classic,2026-07-25T10:35:03+00:00,3.43,-14.309
ricardo-pepi,eredivisie,eredivisie_belgio,classic,2026-07-25T11:02:37+00:00,3.59,-14.29
ricardo-pepi,eredivisie,eredivisie_belgio,classic,2026-07-25T20:49:46+00:00,3.62,-13.882
ricardo-pepi,eredivisie,eredivisie_belgio,classic,2026-07-26T17:43:42+00:00,4.04,-13.011
ricardo-pepi,eredivisie,eredivisie_belgio,classic,2026-07-26T22:15:42+00:00,3.55,-12.822
ricardo-pepi,eredivisie,eredivisie_belgio,classic,2026-07-27T12:01:45+00:00,3.95,-12.249
ricardo-pepi,eredivisie,eredivisie_belgio,classic,2026-07-27T13:53:15+00:00,2.75,-12.171
ricardo-pepi,eredivisie,eredivisie_belgio,classic,2026-07-27T16:31:11+00:00,3.89,-12.062
ricardo-pepi,eredivisie,eredivisie_belgio,classic,2026-07-27T17:44:36+00:00,3.07,-12.011
ricardo-pepi,eredivisie,eredivisie_belgio,classic,2026-07-27T21:11:59+00:00,3.08,-11.867
ricardo-pepi,eredivisie,eredivisie_belgio,classic,2026-07-28T01:34:17+00:00,2.48,-11.685
ricardo-pepi,eredivisie,eredivisie_belgio,classic,2026-07-28T10:36:15+00:00,3.63,-11.308
ricardo-pepi,eredivisie,eredivisie_belgio,classic,2026-07-28T16:02:07+00:00,3.2,-11.082
ricardo-pepi,eredivisie,eredivisie_belgio,classic,2026-07-28T20:59:47+00:00,3.71,-10.875
ricardo-pepi,eredivisie,eredivisie_belgio,classic,2026-07-28T23:29:09+00:00,3.52,-10.771
ricardo-pepi,eredivisie,eredivisie_belgio,classic,2026-07-29T08:35:11+00:00,3.88,-10.392
ricardo-pepi,eredivisie,eredivisie_belgio,classic,2026-07-29T15:15:01+00:00,3.33,-10.115
leo-kokubo,jupiler-pro-league,eredivisie_belgio,classic,2026-07-23T05:16:25+00:00,3.19,-16.562
leo-kokubo,jupiler-pro-league,eredivisie_belgio,classic,2026-07-23T20:15:57+00:00,3.13,-15.937
leo-kokubo,jupiler-pro-league,eredivisie_belgio,classic,2026-07-23T20:16:15+00:00,3.13,-15.937
leo-kokubo,jupiler-pro-league,eredivisie_belgio,classic,2026-07-23T23:00:05+00:00,3.47,-15.823
leo-kokubo,jupiler-pro-league,eredivisie_belgio,classic,2026-07-24T13:18:29+00:00,3.13,-15.227
leo-kokubo,jupiler-pro-league,eredivisie_belgio,classic,2026-07-26T02:45:03+00:00,3.46,-13.667
leo-kokubo,jupiler-pro-league,eredivisie_belgio,classic,2026-07-26T09:18:46+00:00,3.64,-13.393
leo-kokubo,jupiler-pro-league,eredivisie_belgio,classic,2026-07-27T01:59:54+00:00,2.38,-12.698
leo-kokubo,jupiler-pro-league,eredivisie_belgio,classic,2026-07-27T07:10:45+00:00,2.93,-12.482
leo-kokubo,jupiler-pro-league,eredivisie_belgio,classic,2026-07-27T15:31:06+00:00,2.55,-12.135
leo-kokubo,jupiler-pro-league,eredivisie_belgio,classic,2026-07-28T13:25:19+00:00,2.16,-11.222
leo-kokubo,jupiler-pro-league,eredivisie_belgio,classic,2026-07-28T13:46:42+00:00,2.33,-11.207
leo-kokubo,jupiler-pro-league,eredivisie_belgio,classic,2026-07-28T16:42:49+00:00,3.03,-11.085
leo-kokubo,jupiler-pro-league,eredivisie_belgio,classic,2026-07-29T06:05:21+00:00,3.02,-10.528
matte-smets,jupiler-pro-league,eredivisie_belgio,classic,2026-07-22T20:43:34+00:00,3.04,-17.72
matte-smets,jupiler-pro-league,eredivisie_belgio,classic,2026-07-22T21:38:41+00:00,4.89,-17.681
matte-smets,jupiler-pro-league,eredivisie_belgio,classic,2026-07-23T16:50:44+00:00,4.16,-16.881
matte-smets,jupiler-pro-league,eredivisie_belgio,classic,2026-07-23T18:07:12+00:00,4.13,-16.828
matte-smets,jupiler-pro-league,eredivisie_belgio,classic,2026-07-24T07:43:18+00:00,3.81,-16.262
matte-smets,jupiler-pro-league,eredivisie_belgio,classic,2026-07-24T23:09:41+00:00,4.08,-15.618
matte-smets,jupiler-pro-league,eredivisie_belgio,classic,2026-07-25T20:38:43+00:00,3.62,-14.723
matte-smets,jupiler-pro-league,eredivisie_belgio,classic,2026-07-26T08:53:43+00:00,3.14,-14.213
matte-smets,jupiler-pro-league,eredivisie_belgio,classic,2026-07-26T11:43:34+00:00,3.64,-14.095
matte-smets,jupiler-pro-league,eredivisie_belgio,classic,2026-07-26T20:03:57+00:00,3.02,-13.747
matte-smets,jupiler-pro-league,eredivisie_belgio,classic,2026-07-27T09:40:35+00:00,3.96,-13.18
matte-smets,jupiler-pro-league,eredivisie_belgio,classic,2026-07-27T18:33:53+00:00,3.59,-12.81
matte-smets,jupiler-pro-league,eredivisie_belgio,classic,2026-07-27T18:41:32+00:00,4.1,-12.804
matte-smets,jupiler-pro-league,eredivisie_belgio,classic,2026-07-28T11:40:42+00:00,3.63,-12.097
matte-smets,jupiler-pro-league,eredivisie_belgio,classic,2026-07-28T12:59:36+00:00,2.47,-12.042
matte-smets,jupiler-pro-league,eredivisie_belgio,classic,2026-07-28T14:44:20+00:00,3.13,-11.969
matte-smets,jupiler-pro-league,eredivisie_belgio,classic,2026-07-28T15:58:53+00:00,3.15,-11.917
matte-smets,jupiler-pro-league,eredivisie_belgio,classic,2026-07-28T20:40:35+00:00,3.54,-11.722
matte-smets,jupiler-pro-league,eredivisie_belgio,classic,2026-07-29T05:33:06+00:00,3.51,-11.352
matte-smets,jupiler-pro-league,eredivisie_belgio,classic,2026-07-29T11:01:46+00:00,4.03,-11.124
matte-smets,jupiler-pro-league,eredivisie_belgio,classic,2026-07-29T16:14:44+00:00,3.65,-10.906
caio-henrique-oliveira-silva,eredivisie,eredivisie_belgio,classic,2026-07-27T13:25:42+00:00,3.61,-3.19
caio-henrique-oliveira-silva,eredivisie,eredivisie_belgio,classic,2026-07-27T15:44:29+00:00,1.87,-3.094
caio-henrique-oliveira-silva,eredivisie,eredivisie_belgio,classic,2026-07-27T15:44:36+00:00,1.87,-3.094
caio-henrique-oliveira-silva,eredivisie,eredivisie_belgio,classic,2026-07-27T15:45:08+00:00,2.04,-3.094
caio-henrique-oliveira-silva,eredivisie,eredivisie_belgio,classic,2026-07-27T15:45:15+00:00,2.04,-3.094
caio-henrique-oliveira-silva,eredivisie,eredivisie_belgio,classic,2026-07-27T15:59:33+00:00,1.7,-3.084
caio-henrique-oliveira-silva,eredivisie,eredivisie_belgio,classic,2026-07-27T16:02:09+00:00,1.69,-3.082
caio-henrique-oliveira-silva,eredivisie,eredivisie_belgio,classic,2026-07-27T16:05:25+00:00,1.69,-3.08
caio-henrique-oliveira-silva,eredivisie,eredivisie_belgio,classic,2026-07-27T17:07:52+00:00,1.87,-3.036
caio-henrique-oliveira-silva,eredivisie,eredivisie_belgio,classic,2026-07-27T18:00:50+00:00,1.88,-2.999
caio-henrique-oliveira-silva,eredivisie,eredivisie_belgio,classic,2026-07-27T20:47:54+00:00,2.05,-2.883
caio-henrique-oliveira-silva,eredivisie,eredivisie_belgio,classic,2026-07-27T22:36:16+00:00,1.88,-2.808
caio-henrique-oliveira-silva,eredivisie,eredivisie_belgio,classic,2026-07-28T07:19:42+00:00,1.83,-2.445
caio-henrique-oliveira-silva,eredivisie,eredivisie_belgio,classic,2026-07-29T07:46:17+00:00,1.52,-1.426
caio-henrique-oliveira-silva,eredivisie,eredivisie_belgio,classic,2026-07-29T09:57:08+00:00,1.85,-1.335
caio-henrique-oliveira-silva,eredivisie,eredivisie_belgio,classic,2026-07-29T10:49:53+00:00,1.85,-1.299
caio-henrique-oliveira-silva,eredivisie,eredivisie_belgio,classic,2026-07-29T12:28:27+00:00,1.85,-1.23
caio-henrique-oliveira-silva,eredivisie,eredivisie_belgio,classic,2026-07-22T21:16:42+00:00,2.87,-0.863
caio-henrique-oliveira-silva,eredivisie,eredivisie_belgio,classic,2026-07-22T21:28:46+00:00,3.04,-0.855
caio-henrique-oliveira-silva,eredivisie,eredivisie_belgio,classic,2026-07-24T08:37:55+00:00,2.16,0.61
caio-henrique-oliveira-silva,eredivisie,eredivisie_belgio,classic,2026-07-24T09:22:10+00:00,1.99,0.64
caio-henrique-oliveira-silva,eredivisie,eredivisie_belgio,classic,2026-07-24T14:21:41+00:00,2.12,0.848
caio-henrique-oliveira-silva,eredivisie,eredivisie_belgio,classic,2026-07-25T09:42:13+00:00,1.95,1.654
caio-henrique-oliveira-silva,eredivisie,eredivisie_belgio,classic,2026-07-25T12:40:43+00:00,2.61,1.778
caio-henrique-oliveira-silva,eredivisie,eredivisie_belgio,classic,2026-07-26T06:41:59+00:00,2.81,2.529
caio-henrique-oliveira-silva,eredivisie,eredivisie_belgio,classic,2026-07-26T09:00:59+00:00,2.15,2.626
caio-henrique-oliveira-silva,eredivisie,eredivisie_belgio,classic,2026-07-26T14:42:06+00:00,1.99,2.863
caio-henrique-oliveira-silva,eredivisie,eredivisie_belgio,classic,2026-07-26T15:18:51+00:00,2.33,2.888
caio-henrique-oliveira-silva,eredivisie,eredivisie_belgio,classic,2026-07-26T18:56:54+00:00,0.5,3.04
caio-henrique-oliveira-silva,eredivisie,eredivisie_belgio,classic,2026-07-27T06:16:40+00:00,1.72,-3.488
caio-henrique-oliveira-silva,eredivisie,eredivisie_belgio,classic,2026-07-27T07:05:41+00:00,1.72,-3.454
caio-henrique-oliveira-silva,eredivisie,eredivisie_belgio,classic,2026-07-27T11:47:04+00:00,1.72,-3.259
caio-henrique-oliveira-silva,eredivisie,eredivisie_belgio,classic,2026-07-27T12:08:33+00:00,2.06,-3.244
mauro-jaqueson-junior-ferreira-dos-santos,eredivisie,eredivisie_belgio,classic,2026-07-22T22:14:37+00:00,4.41,-16.823
mauro-jaqueson-junior-ferreira-dos-santos,eredivisie,eredivisie_belgio,classic,2026-07-23T07:49:50+00:00,5.39,-16.424
mauro-jaqueson-junior-ferreira-dos-santos,eredivisie,eredivisie_belgio,classic,2026-07-23T10:32:15+00:00,5.06,-16.311
mauro-jaqueson-junior-ferreira-dos-santos,eredivisie,eredivisie_belgio,classic,2026-07-23T14:23:11+00:00,5.34,-16.151
mauro-jaqueson-junior-ferreira-dos-santos,eredivisie,eredivisie_belgio,classic,2026-07-23T14:36:19+00:00,5.84,-16.141
mauro-jaqueson-junior-ferreira-dos-santos,eredivisie,eredivisie_belgio,classic,2026-07-23T17:47:11+00:00,5.47,-16.009
mauro-jaqueson-junior-ferreira-dos-santos,eredivisie,eredivisie_belgio,classic,2026-07-23T19:48:33+00:00,5.62,-15.925
mauro-jaqueson-junior-ferreira-dos-santos,eredivisie,eredivisie_belgio,classic,2026-07-24T06:34:24+00:00,5.29,-15.476
mauro-jaqueson-junior-ferreira-dos-santos,eredivisie,eredivisie_belgio,classic,2026-07-24T12:45:03+00:00,4.97,-15.219
mauro-jaqueson-junior-ferreira-dos-santos,eredivisie,eredivisie_belgio,classic,2026-07-25T08:32:24+00:00,4.4,-14.394
mauro-jaqueson-junior-ferreira-dos-santos,eredivisie,eredivisie_belgio,classic,2026-07-25T08:39:51+00:00,4.56,-14.389
mauro-jaqueson-junior-ferreira-dos-santos,eredivisie,eredivisie_belgio,classic,2026-07-25T11:10:26+00:00,4.9,-14.284
mauro-jaqueson-junior-ferreira-dos-santos,eredivisie,eredivisie_belgio,classic,2026-07-25T17:37:21+00:00,5.41,-14.016
mauro-jaqueson-junior-ferreira-dos-santos,eredivisie,eredivisie_belgio,classic,2026-07-25T18:34:53+00:00,4.93,-13.976
mauro-jaqueson-junior-ferreira-dos-santos,eredivisie,eredivisie_belgio,classic,2026-07-25T19:12:22+00:00,5.11,-13.95
mauro-jaqueson-junior-ferreira-dos-santos,eredivisie,eredivisie_belgio,classic,2026-07-26T00:42:46+00:00,5.1,-13.72
mauro-jaqueson-junior-ferreira-dos-santos,eredivisie,eredivisie_belgio,classic,2026-07-26T04:02:57+00:00,4.63,-13.581
mauro-jaqueson-junior-ferreira-dos-santos,eredivisie,eredivisie_belgio,classic,2026-07-26T06:27:48+00:00,5.29,-13.481
mauro-jaqueson-junior-ferreira-dos-santos,eredivisie,eredivisie_belgio,classic,2026-07-26T10:41:22+00:00,5.13,-13.305
mauro-jaqueson-junior-ferreira-dos-santos,eredivisie,eredivisie_belgio,classic,2026-07-26T16:19:50+00:00,5.55,-13.07
mauro-jaqueson-junior-ferreira-dos-santos,eredivisie,eredivisie_belgio,classic,2026-07-27T08:36:03+00:00,7.75,-12.392
mauro-jaqueson-junior-ferreira-dos-santos,eredivisie,eredivisie_belgio,classic,2026-07-27T10:36:07+00:00,6.55,-12.308
mauro-jaqueson-junior-ferreira-dos-santos,eredivisie,eredivisie_belgio,classic,2026-07-27T12:50:10+00:00,7.57,-12.215
mauro-jaqueson-junior-ferreira-dos-santos,eredivisie,eredivisie_belgio,classic,2026-07-27T13:33:41+00:00,6.53,-12.185
mauro-jaqueson-junior-ferreira-dos-santos,eredivisie,eredivisie_belgio,classic,2026-07-27T14:36:19+00:00,5.51,-12.141
mauro-jaqueson-junior-ferreira-dos-santos,eredivisie,eredivisie_belgio,classic,2026-07-27T16:46:43+00:00,6.94,-12.051
mauro-jaqueson-junior-ferreira-dos-santos,eredivisie,eredivisie_belgio,classic,2026-07-27T18:29:37+00:00,6.49,-11.979
mauro-jaqueson-junior-ferreira-dos-santos,eredivisie,eredivisie_belgio,classic,2026-07-27T19:54:23+00:00,6.48,-11.921
mauro-jaqueson-junior-ferreira-dos-santos,eredivisie,eredivisie_belgio,classic,2026-07-27T19:55:58+00:00,6.48,-11.919
mauro-jaqueson-junior-ferreira-dos-santos,eredivisie,eredivisie_belgio,classic,2026-07-28T01:35:28+00:00,4.29,-11.684
mauro-jaqueson-junior-ferreira-dos-santos,eredivisie,eredivisie_belgio,classic,2026-07-28T13:42:37+00:00,6.32,-11.179
mauro-jaqueson-junior-ferreira-dos-santos,eredivisie,eredivisie_belgio,classic,2026-07-28T20:38:33+00:00,6.24,-10.89
mauro-jaqueson-junior-ferreira-dos-santos,eredivisie,eredivisie_belgio,classic,2026-07-29T01:35:43+00:00,7.06,-10.684
mauro-jaqueson-junior-ferreira-dos-santos,eredivisie,eredivisie_belgio,classic,2026-07-29T08:14:36+00:00,6.74,-10.407
mauro-jaqueson-junior-ferreira-dos-santos,eredivisie,eredivisie_belgio,classic,2026-07-29T10:54:53+00:00,6.24,-10.295
mauro-jaqueson-junior-ferreira-dos-santos,eredivisie,eredivisie_belgio,classic,2026-07-29T12:08:35+00:00,7.06,-10.244
mauro-jaqueson-junior-ferreira-dos-santos,eredivisie,eredivisie_belgio,classic,2026-07-22T20:20:59+00:00,5.57,-16.902
mauro-jaqueson-junior-ferreira-dos-santos,eredivisie,eredivisie_belgio,classic,2026-07-22T20:21:10+00:00,6.75,-16.902
aske-adelgaard,eredivisie,eredivisie_belgio,classic,2026-07-23T11:17:36+00:00,1.52,-0.279
aske-adelgaard,eredivisie,eredivisie_belgio,classic,2026-07-23T16:54:05+00:00,1.5,-0.046
aske-adelgaard,eredivisie,eredivisie_belgio,classic,2026-07-23T19:03:39+00:00,1.32,0.044
aske-adelgaard,eredivisie,eredivisie_belgio,classic,2026-07-24T08:21:46+00:00,1.66,0.598
aske-adelgaard,eredivisie,eredivisie_belgio,classic,2026-07-24T12:36:05+00:00,1.99,0.775
aske-adelgaard,eredivisie,eredivisie_belgio,classic,2026-07-24T20:10:16+00:00,1.96,1.09
aske-adelgaard,eredivisie,eredivisie_belgio,classic,2026-07-26T06:00:17+00:00,1.98,2.5
aske-adelgaard,eredivisie,eredivisie_belgio,classic,2026-07-26T08:17:05+00:00,1.98,2.595
aske-adelgaard,eredivisie,eredivisie_belgio,classic,2026-07-27T03:39:02+00:00,1.7,3.402
aske-adelgaard,eredivisie,eredivisie_belgio,classic,2026-07-27T09:30:33+00:00,1.38,-3.375
aske-adelgaard,eredivisie,eredivisie_belgio,classic,2026-07-27T11:28:39+00:00,1.55,-3.293
aske-adelgaard,eredivisie,eredivisie_belgio,classic,2026-07-27T12:32:11+00:00,1.72,-3.248
aske-adelgaard,eredivisie,eredivisie_belgio,classic,2026-07-27T19:28:52+00:00,1.7,-2.959
aske-adelgaard,eredivisie,eredivisie_belgio,classic,2026-07-27T22:10:06+00:00,1.88,-2.847
aske-adelgaard,eredivisie,eredivisie_belgio,classic,2026-07-27T22:55:28+00:00,1.88,-2.816
aske-adelgaard,eredivisie,eredivisie_belgio,classic,2026-07-28T07:55:54+00:00,1.99,-2.44
aske-adelgaard,eredivisie,eredivisie_belgio,classic,2026-07-28T10:21:36+00:00,1.65,-2.339
aske-adelgaard,eredivisie,eredivisie_belgio,classic,2026-07-28T13:51:17+00:00,2.16,-2.194
aske-adelgaard,eredivisie,eredivisie_belgio,classic,2026-07-29T10:27:10+00:00,2.02,-1.335
aske-adelgaard,eredivisie,eredivisie_belgio,classic,2026-07-29T18:31:37+00:00,1.5,-0.999
bart-van-rooij,eredivisie,eredivisie_belgio,classic,2026-07-23T16:36:57+00:00,4.0,-0.058
bart-van-rooij,eredivisie,eredivisie_belgio,classic,2026-07-23T17:19:26+00:00,3.81,-0.028
bart-van-rooij,eredivisie,eredivisie_belgio,classic,2026-07-23T21:09:54+00:00,3.81,0.132
bart-van-rooij,eredivisie,eredivisie_belgio,classic,2026-07-23T21:35:03+00:00,4.31,0.149
bart-van-rooij,eredivisie,eredivisie_belgio,classic,2026-07-24T15:38:17+00:00,3.93,0.902
bart-van-rooij,eredivisie,eredivisie_belgio,classic,2026-07-24T16:57:49+00:00,2.61,0.957
bart-van-rooij,eredivisie,eredivisie_belgio,classic,2026-07-24T17:57:35+00:00,3.59,0.998
bart-van-rooij,eredivisie,eredivisie_belgio,classic,2026-07-25T07:22:41+00:00,4.08,1.557
bart-van-rooij,eredivisie,eredivisie_belgio,classic,2026-07-25T18:16:12+00:00,4.11,2.011
bart-van-rooij,eredivisie,eredivisie_belgio,classic,2026-07-26T04:25:45+00:00,4.13,2.435
bart-van-rooij,eredivisie,eredivisie_belgio,classic,2026-07-26T07:01:54+00:00,4.14,2.543
bart-van-rooij,eredivisie,eredivisie_belgio,classic,2026-07-26T10:44:52+00:00,3.97,2.698
bart-van-rooij,eredivisie,eredivisie_belgio,classic,2026-07-26T15:56:32+00:00,3.84,2.914
bart-van-rooij,eredivisie,eredivisie_belgio,classic,2026-07-26T16:22:52+00:00,4.04,2.933
bart-van-rooij,eredivisie,eredivisie_belgio,classic,2026-07-27T09:30:18+00:00,2.76,-3.375
bart-van-rooij,eredivisie,eredivisie_belgio,classic,2026-07-27T09:37:27+00:00,2.76,-3.37
bart-van-rooij,eredivisie,eredivisie_belgio,classic,2026-07-27T12:39:28+00:00,3.95,-3.243
bart-van-rooij,eredivisie,eredivisie_belgio,classic,2026-07-27T13:24:47+00:00,3.44,-3.212
bart-van-rooij,eredivisie,eredivisie_belgio,classic,2026-07-27T14:57:46+00:00,3.79,-3.147
bart-van-rooij,eredivisie,eredivisie_belgio,classic,2026-07-27T15:17:11+00:00,3.73,-3.134
bart-van-rooij,eredivisie,eredivisie_belgio,classic,2026-07-27T17:38:17+00:00,3.07,-3.036
bart-van-rooij,eredivisie,eredivisie_belgio,classic,2026-07-27T18:14:26+00:00,3.93,-3.011
bart-van-rooij,eredivisie,eredivisie_belgio,classic,2026-07-27T20:34:56+00:00,3.94,-2.913
bart-van-rooij,eredivisie,eredivisie_belgio,classic,2026-07-28T01:32:36+00:00,3.14,-2.707
bart-van-rooij,eredivisie,eredivisie_belgio,classic,2026-07-28T03:03:38+00:00,3.79,-2.643
bart-van-rooij,eredivisie,eredivisie_belgio,classic,2026-07-28T07:46:22+00:00,3.98,-2.447
bart-van-rooij,eredivisie,eredivisie_belgio,classic,2026-07-28T11:39:29+00:00,3.97,-2.285
bart-van-rooij,eredivisie,eredivisie_belgio,classic,2026-07-28T12:34:44+00:00,4.12,-2.247
bart-van-rooij,eredivisie,eredivisie_belgio,classic,2026-07-28T13:56:12+00:00,3.83,-2.19
bart-van-rooij,eredivisie,eredivisie_belgio,classic,2026-07-28T20:31:13+00:00,3.37,-1.916
bart-van-rooij,eredivisie,eredivisie_belgio,classic,2026-07-29T00:45:53+00:00,3.03,-1.739
bart-van-rooij,eredivisie,eredivisie_belgio,classic,2026-07-29T07:19:07+00:00,4.21,-1.466
bart-van-rooij,eredivisie,eredivisie_belgio,classic,2026-07-29T10:26:52+00:00,3.71,-1.336
bart-van-rooij,eredivisie,eredivisie_belgio,classic,2026-07-29T10:31:45+00:00,3.71,-1.332
bart-van-rooij,eredivisie,eredivisie_belgio,classic,2026-07-29T12:42:13+00:00,3.7,-1.242
bart-van-rooij,eredivisie,eredivisie_belgio,classic,2026-07-29T14:04:47+00:00,4.18,-1.184
bart-van-rooij,eredivisie,eredivisie_belgio,classic,2026-07-22T23:13:51+00:00,4.25,-0.782
bart-van-rooij,eredivisie,eredivisie_belgio,classic,2026-07-23T08:59:37+00:00,4.02,-0.375
bart-van-rooij,eredivisie,eredivisie_belgio,classic,2026-07-23T11:18:46+00:00,4.06,-0.279
bart-van-rooij,eredivisie,eredivisie_belgio,classic,2026-07-23T11:45:29+00:00,3.89,-0.26
bart-van-rooij,eredivisie,eredivisie_belgio,classic,2026-07-23T12:02:27+00:00,4.22,-0.248
bart-van-rooij,eredivisie,eredivisie_belgio,classic,2026-07-23T14:41:17+00:00,3.84,-0.138
yann-sommer,jupiler-pro-league,eredivisie_belgio,classic,2026-07-23T13:35:37+00:00,14.38,-15.215
yann-sommer,jupiler-pro-league,eredivisie_belgio,classic,2026-07-23T14:34:10+00:00,15.02,-15.174
yann-sommer,jupiler-pro-league,eredivisie_belgio,classic,2026-07-23T15:28:05+00:00,16.67,-15.137
yann-sommer,jupiler-pro-league,eredivisie_belgio,classic,2026-07-23T16:20:53+00:00,17.49,-15.1
yann-sommer,jupiler-pro-league,eredivisie_belgio,classic,2026-07-23T16:53:21+00:00,15.99,-15.078
yann-sommer,jupiler-pro-league,eredivisie_belgio,classic,2026-07-23T19:34:13+00:00,17.68,-14.966
yann-sommer,jupiler-pro-league,eredivisie_belgio,classic,2026-07-24T02:42:23+00:00,16.11,-14.668
yann-sommer,jupiler-pro-league,eredivisie_belgio,classic,2026-07-24T07:27:40+00:00,16.57,-14.47
yann-sommer,jupiler-pro-league,eredivisie_belgio,classic,2026-07-24T08:52:08+00:00,18.46,-14.412
yann-sommer,jupiler-pro-league,eredivisie_belgio,classic,2026-07-24T16:43:19+00:00,15.03,-14.085
yann-sommer,jupiler-pro-league,eredivisie_belgio,classic,2026-07-25T08:04:48+00:00,16.14,-13.445
yann-sommer,jupiler-pro-league,eredivisie_belgio,classic,2026-07-25T13:34:51+00:00,14.05,-13.215
yann-sommer,jupiler-pro-league,eredivisie_belgio,classic,2026-07-25T13:49:47+00:00,12.25,-13.205
yann-sommer,jupiler-pro-league,eredivisie_belgio,classic,2026-07-25T22:30:29+00:00,15.13,-12.843
yann-sommer,jupiler-pro-league,eredivisie_belgio,classic,2026-07-25T23:01:06+00:00,15.49,-12.822
yann-sommer,jupiler-pro-league,eredivisie_belgio,classic,2026-07-26T16:11:51+00:00,15.64,-12.106
yann-sommer,jupiler-pro-league,eredivisie_belgio,classic,2026-07-27T04:46:26+00:00,15.2,-11.582
yann-sommer,jupiler-pro-league,eredivisie_belgio,classic,2026-07-27T08:03:39+00:00,18.08,-11.445
yann-sommer,jupiler-pro-league,eredivisie_belgio,classic,2026-07-27T09:29:32+00:00,12.23,-11.386
yann-sommer,jupiler-pro-league,eredivisie_belgio,classic,2026-07-27T11:26:48+00:00,15.18,-11.304
yann-sommer,jupiler-pro-league,eredivisie_belgio,classic,2026-07-27T12:32:14+00:00,15.48,-11.259
yann-sommer,jupiler-pro-league,eredivisie_belgio,classic,2026-07-27T12:38:17+00:00,15.48,-11.255
yann-sommer,jupiler-pro-league,eredivisie_belgio,classic,2026-07-27T12:39:39+00:00,15.99,-11.254
yann-sommer,jupiler-pro-league,eredivisie_belgio,classic,2026-07-27T12:39:50+00:00,16.68,-11.254
yann-sommer,jupiler-pro-league,eredivisie_belgio,classic,2026-07-28T08:04:17+00:00,17.05,-10.445
yann-sommer,jupiler-pro-league,eredivisie_belgio,classic,2026-07-28T11:57:10+00:00,17.35,-10.283
yann-sommer,jupiler-pro-league,eredivisie_belgio,classic,2026-07-28T12:51:44+00:00,19.14,-10.245
yann-sommer,jupiler-pro-league,eredivisie_belgio,classic,2026-07-28T14:23:20+00:00,19.92,-10.182
yann-sommer,jupiler-pro-league,eredivisie_belgio,classic,2026-07-28T15:29:42+00:00,18.23,-10.136
yann-sommer,jupiler-pro-league,eredivisie_belgio,classic,2026-07-28T16:05:54+00:00,15.81,-10.11
yann-sommer,jupiler-pro-league,eredivisie_belgio,classic,2026-07-28T17:23:52+00:00,18.07,-10.056
yann-sommer,jupiler-pro-league,eredivisie_belgio,classic,2026-07-28T21:47:50+00:00,16.32,-9.873
yann-sommer,jupiler-pro-league,eredivisie_belgio,classic,2026-07-29T07:12:02+00:00,17.0,-9.481
yann-sommer,jupiler-pro-league,eredivisie_belgio,classic,2026-07-29T11:42:35+00:00,16.94,-9.293
yann-sommer,jupiler-pro-league,eredivisie_belgio,classic,2026-07-29T17:44:37+00:00,17.29,-9.042
davy-roef,jupiler-pro-league,eredivisie_belgio,classic,2026-07-23T13:37:37+00:00,3.18,-0.203
davy-roef,jupiler-pro-league,eredivisie_belgio,classic,2026-07-23T19:30:13+00:00,3.3,0.042
davy-roef,jupiler-pro-league,eredivisie_belgio,classic,2026-07-23T20:10:20+00:00,4.12,0.07
davy-roef,jupiler-pro-league,eredivisie_belgio,classic,2026-07-24T07:18:21+00:00,4.14,0.534
davy-roef,jupiler-pro-league,eredivisie_belgio,classic,2026-07-24T10:51:36+00:00,3.31,0.682
davy-roef,jupiler-pro-league,eredivisie_belgio,classic,2026-07-24T12:36:19+00:00,3.97,0.754
davy-roef,jupiler-pro-league,eredivisie_belgio,classic,2026-07-24T14:18:58+00:00,3.59,0.826
davy-roef,jupiler-pro-league,eredivisie_belgio,classic,2026-07-24T19:59:52+00:00,3.6,1.062
davy-roef,jupiler-pro-league,eredivisie_belgio,classic,2026-07-24T20:00:00+00:00,3.6,1.062
davy-roef,jupiler-pro-league,eredivisie_belgio,classic,2026-07-24T22:30:50+00:00,3.59,1.167
davy-roef,jupiler-pro-league,eredivisie_belgio,classic,2026-07-25T19:04:44+00:00,3.95,2.024
davy-roef,jupiler-pro-league,eredivisie_belgio,classic,2026-07-26T08:36:17+00:00,3.14,2.588
davy-roef,jupiler-pro-league,eredivisie_belgio,classic,2026-07-26T08:39:17+00:00,3.14,2.59
davy-roef,jupiler-pro-league,eredivisie_belgio,classic,2026-07-26T09:23:42+00:00,3.64,2.621
davy-roef,jupiler-pro-league,eredivisie_belgio,classic,2026-07-26T14:29:58+00:00,2.98,2.833
davy-roef,jupiler-pro-league,eredivisie_belgio,classic,2026-07-26T14:30:08+00:00,3.15,2.833
davy-roef,jupiler-pro-league,eredivisie_belgio,classic,2026-07-26T19:49:58+00:00,3.53,3.056
davy-roef,jupiler-pro-league,eredivisie_belgio,classic,2026-07-26T20:14:47+00:00,3.02,3.073
davy-roef,jupiler-pro-league,eredivisie_belgio,classic,2026-07-26T21:45:14+00:00,3.86,3.136
davy-roef,jupiler-pro-league,eredivisie_belgio,classic,2026-07-27T13:11:26+00:00,3.09,-3.221
davy-roef,jupiler-pro-league,eredivisie_belgio,classic,2026-07-27T13:25:17+00:00,3.09,-3.212
davy-roef,jupiler-pro-league,eredivisie_belgio,classic,2026-07-27T13:42:17+00:00,2.92,-3.2
davy-roef,jupiler-pro-league,eredivisie_belgio,classic,2026-07-27T18:23:29+00:00,3.07,-3.005
davy-roef,jupiler-pro-league,eredivisie_belgio,classic,2026-07-28T01:12:15+00:00,2.97,-2.721
davy-roef,jupiler-pro-league,eredivisie_belgio,classic,2026-07-28T05:58:29+00:00,2.81,-2.522
davy-roef,jupiler-pro-league,eredivisie_belgio,classic,2026-07-28T06:38:27+00:00,2.81,-2.494
davy-roef,jupiler-pro-league,eredivisie_belgio,classic,2026-07-28T06:56:34+00:00,2.81,-2.482
davy-roef,jupiler-pro-league,eredivisie_belgio,classic,2026-07-28T08:32:32+00:00,2.81,-2.415
davy-roef,jupiler-pro-league,eredivisie_belgio,classic,2026-07-28T17:20:24+00:00,3.21,-2.048
davy-roef,jupiler-pro-league,eredivisie_belgio,classic,2026-07-28T19:28:28+00:00,3.86,-1.959
davy-roef,jupiler-pro-league,eredivisie_belgio,classic,2026-07-29T10:56:30+00:00,3.88,-1.315
davy-roef,jupiler-pro-league,eredivisie_belgio,classic,2026-07-29T12:29:43+00:00,3.87,-1.25
davy-roef,jupiler-pro-league,eredivisie_belgio,classic,2026-07-29T15:42:13+00:00,7.15,-1.117
davy-roef,jupiler-pro-league,eredivisie_belgio,classic,2026-07-29T17:11:23+00:00,3.16,-1.055
davy-roef,jupiler-pro-league,eredivisie_belgio,classic,2026-07-29T18:34:32+00:00,2.99,-0.997
